<annotation>
    <folder></folder>
    <filename>frame_000151</filename>
    <path></path>
    <source>
        <database>Unknown</database>
    </source>
    <size>
        <width>1280</width>
        <height>720</height>
        <depth>3</depth>
    </size>
    <segmented>0</segmented>
    <object>
        <name>head</name>
        <pose>Unspecified</pose>
        <truncated>0</truncated>
        <difficult>0</difficult>
        <bndbox>
            <xmin>600.5442708333334</xmin>
            <ymin>184.46223958333334</ymin>
            <xmax>726.2291927083346</xmax>
            <ymax>318.0009175618482</ymax>
        </bndbox>
    </object>    <object>
        <name>body</name>
        <pose>Unspecified</pose>
        <truncated>0</truncated>
        <difficult>0</difficult>
        <bndbox>
            <xmin>671.895846619898</xmin>
            <ymin>368.3382493622449</ymin>
            <xmax>1245.895846619898</xmax>
            <ymax>720.0</ymax>
        </bndbox>
    </object>    <object>
        <name>body</name>
        <pose>Unspecified</pose>
        <truncated>0</truncated>
        <difficult>0</difficult>
        <bndbox>
            <xmin>14.710828993055555</xmin>
            <ymin>368.40972222222223</ymin>
            <xmax>511.6038049768554</xmax>
            <ymax>718.4936595775458</ymax>
        </bndbox>
    </object>    <object>
        <name>head</name>
        <pose>Unspecified</pose>
        <truncated>0</truncated>
        <difficult>0</difficult>
        <bndbox>
            <xmin>833.0646671660959</xmin>
            <ymin>50.9803684182363</ymin>
            <xmax>1147.9560734160966</xmax>
            <ymax>351.18250464870397</ymax>
        </bndbox>
    </object>    <object>
        <name>head</name>
        <pose>Unspecified</pose>
        <truncated>0</truncated>
        <difficult>0</difficult>
        <bndbox>
            <xmin>131.49147727272728</xmin>
            <ymin>74.78844105113636</ymin>
            <xmax>393.40065696022725</xmax>
            <ymax>368.6474254261365</ymax>
        </bndbox>
    </object>    <object>
        <name>body</name>
        <pose>Unspecified</pose>
        <truncated>0</truncated>
        <difficult>0</difficult>
        <bndbox>
            <xmin>514.4829358552631</xmin>
            <ymin>318.40157277960526</ymin>
            <xmax>742.2829358552624</xmax>
            <ymax>501.00932396563843</ymax>
        </bndbox>
    </object>
</annotation>
