<annotation>
    <folder></folder>
    <filename>frame_000298</filename>
    <path></path>
    <source>
        <database>Unknown</database>
    </source>
    <size>
        <width>1280</width>
        <height>720</height>
        <depth>3</depth>
    </size>
    <segmented>0</segmented>
    <object>
        <name>head</name>
        <pose>Unspecified</pose>
        <truncated>0</truncated>
        <difficult>0</difficult>
        <bndbox>
            <xmin>594.6943359375</xmin>
            <ymin>203.06982421875</ymin>
            <xmax>694.5787109375015</xmax>
            <ymax>315.24892578124854</ymax>
        </bndbox>
    </object>    <object>
        <name>body</name>
        <pose>Unspecified</pose>
        <truncated>0</truncated>
        <difficult>0</difficult>
        <bndbox>
            <xmin>701.6279296875</xmin>
            <ymin>355.6611328125</ymin>
            <xmax>1275.6279296875</xmax>
            <ymax>719.4294921875007</ymax>
        </bndbox>
    </object>    <object>
        <name>body</name>
        <pose>Unspecified</pose>
        <truncated>0</truncated>
        <difficult>0</difficult>
        <bndbox>
            <xmin>25.376284950657894</xmin>
            <ymin>360.6312705592105</ymin>
            <xmax>545.9397940652419</xmax>
            <ymax>719.9000000000001</ymax>
        </bndbox>
    </object>    <object>
        <name>head</name>
        <pose>Unspecified</pose>
        <truncated>0</truncated>
        <difficult>0</difficult>
        <bndbox>
            <xmin>870.87890625</xmin>
            <ymin>74.46669921875</ymin>
            <xmax>1185.7703125000007</xmax>
            <ymax>374.6688354492177</ymax>
        </bndbox>
    </object>    <object>
        <name>head</name>
        <pose>Unspecified</pose>
        <truncated>0</truncated>
        <difficult>0</difficult>
        <bndbox>
            <xmin>171.13161892361111</xmin>
            <ymin>75.14073350694444</ymin>
            <xmax>439.80310329861254</xmax>
            <ymax>369.07354600694555</ymax>
        </bndbox>
    </object>    <object>
        <name>body</name>
        <pose>Unspecified</pose>
        <truncated>0</truncated>
        <difficult>0</difficult>
        <bndbox>
            <xmin>508.513671875</xmin>
            <ymin>306.7833984375</ymin>
            <xmax>736.3136718749993</xmax>
            <ymax>505.25177001952835</ymax>
        </bndbox>
    </object>
</annotation>
