<annotation>
    <folder></folder>
    <filename>frame_000312</filename>
    <path></path>
    <source>
        <database>Unknown</database>
    </source>
    <size>
        <width>1280</width>
        <height>720</height>
        <depth>3</depth>
    </size>
    <segmented>0</segmented>
    <object>
        <name>head</name>
        <pose>Unspecified</pose>
        <truncated>0</truncated>
        <difficult>0</difficult>
        <bndbox>
            <xmin>588.9383544921875</xmin>
            <ymin>210.69293212890625</ymin>
            <xmax>688.822729492189</xmax>
            <ymax>322.8720336914048</ymax>
        </bndbox>
    </object>    <object>
        <name>body</name>
        <pose>Unspecified</pose>
        <truncated>0</truncated>
        <difficult>0</difficult>
        <bndbox>
            <xmin>687.4967215401786</xmin>
            <ymin>354.33523995535717</ymin>
            <xmax>1261.4967215401787</xmax>
            <ymax>717.3873046875007</ymax>
        </bndbox>
    </object>    <object>
        <name>body</name>
        <pose>Unspecified</pose>
        <truncated>0</truncated>
        <difficult>0</difficult>
        <bndbox>
            <xmin>35.210680509868425</xmin>
            <ymin>279.8909333881579</ymin>
            <xmax>535.8848016036194</xmax>
            <ymax>718.5000000000017</ymax>
        </bndbox>
    </object>    <object>
        <name>head</name>
        <pose>Unspecified</pose>
        <truncated>0</truncated>
        <difficult>0</difficult>
        <bndbox>
            <xmin>870.87890625</xmin>
            <ymin>65.04541015625</ymin>
            <xmax>1185.7703125000007</xmax>
            <ymax>365.24754638671766</ymax>
        </bndbox>
    </object>    <object>
        <name>head</name>
        <pose>Unspecified</pose>
        <truncated>0</truncated>
        <difficult>0</difficult>
        <bndbox>
            <xmin>126.9521484375</xmin>
            <ymin>69.47119140625</ymin>
            <xmax>395.62363281250146</xmax>
            <ymax>363.4040039062511</ymax>
        </bndbox>
    </object>    <object>
        <name>body</name>
        <pose>Unspecified</pose>
        <truncated>0</truncated>
        <difficult>0</difficult>
        <bndbox>
            <xmin>508.513671875</xmin>
            <ymin>320.1298828125</ymin>
            <xmax>736.3136718749993</xmax>
            <ymax>518.5982543945283</ymax>
        </bndbox>
    </object>
</annotation>
