<annotation>
    <folder></folder>
    <filename>frame_000171</filename>
    <path></path>
    <source>
        <database>Unknown</database>
    </source>
    <size>
        <width>1280</width>
        <height>720</height>
        <depth>3</depth>
    </size>
    <segmented>0</segmented>
    <object>
        <name>head</name>
        <pose>Unspecified</pose>
        <truncated>0</truncated>
        <difficult>0</difficult>
        <bndbox>
            <xmin>568.505078125</xmin>
            <ymin>202.036328125</ymin>
            <xmax>696.4378906249992</xmax>
            <ymax>336.648641967772</ymax>
        </bndbox>
    </object>    <object>
        <name>body</name>
        <pose>Unspecified</pose>
        <truncated>0</truncated>
        <difficult>0</difficult>
        <bndbox>
            <xmin>667.1652981505102</xmin>
            <ymin>368.49104485544217</ymin>
            <xmax>1241.1652981505101</xmax>
            <ymax>720.0</ymax>
        </bndbox>
    </object>    <object>
        <name>body</name>
        <pose>Unspecified</pose>
        <truncated>0</truncated>
        <difficult>0</difficult>
        <bndbox>
            <xmin>11.4599609375</xmin>
            <ymin>343.404296875</ymin>
            <xmax>494.3912760416691</xmax>
            <ymax>716.6107340494782</ymax>
        </bndbox>
    </object>    <object>
        <name>head</name>
        <pose>Unspecified</pose>
        <truncated>0</truncated>
        <difficult>0</difficult>
        <bndbox>
            <xmin>834.1723298373288</xmin>
            <ymin>49.81906169734589</ymin>
            <xmax>1149.0637360873295</xmax>
            <ymax>350.02119792781355</ymax>
        </bndbox>
    </object>    <object>
        <name>head</name>
        <pose>Unspecified</pose>
        <truncated>0</truncated>
        <difficult>0</difficult>
        <bndbox>
            <xmin>173.95676491477272</xmin>
            <ymin>67.52317116477273</ymin>
            <xmax>435.86594460227275</xmax>
            <ymax>361.3821555397724</ymax>
        </bndbox>
    </object>    <object>
        <name>body</name>
        <pose>Unspecified</pose>
        <truncated>0</truncated>
        <difficult>0</difficult>
        <bndbox>
            <xmin>507.05930397727275</xmin>
            <ymin>346.25150923295456</ymin>
            <xmax>734.859303977272</xmax>
            <ymax>515.3068270596589</ymax>
        </bndbox>
    </object>
</annotation>
