<annotation>
    <folder></folder>
    <filename>frame_000016</filename>
    <path></path>
    <source>
        <database>Unknown</database>
    </source>
    <size>
        <width>1280</width>
        <height>720</height>
        <depth>3</depth>
    </size>
    <segmented>0</segmented>
    <object>
        <name>head</name>
        <pose>Unspecified</pose>
        <truncated>0</truncated>
        <difficult>0</difficult>
        <bndbox>
            <xmin>578.7109375</xmin>
            <ymin>140.984375</ymin>
            <xmax>694.2484375000022</xmax>
            <ymax>290.1916046142578</ymax>
        </bndbox>
    </object>    <object>
        <name>body</name>
        <pose>Unspecified</pose>
        <truncated>0</truncated>
        <difficult>0</difficult>
        <bndbox>
            <xmin>753.53984375</xmin>
            <ymin>347.976953125</ymin>
            <xmax>1276.860295410156</xmax>
            <ymax>713.94375</ymax>
        </bndbox>
    </object>    <object>
        <name>body</name>
        <pose>Unspecified</pose>
        <truncated>0</truncated>
        <difficult>0</difficult>
        <bndbox>
            <xmin>21.044661458334303</xmin>
            <ymin>346.2333333333342</ymin>
            <xmax>578.4386067708328</xmax>
            <ymax>718.5049235026041</ymax>
        </bndbox>
    </object>    <object>
        <name>head</name>
        <pose>Unspecified</pose>
        <truncated>0</truncated>
        <difficult>0</difficult>
        <bndbox>
            <xmin>825.642578125</xmin>
            <ymin>29.9296875</ymin>
            <xmax>1111.31640625</xmax>
            <ymax>355.5475219726559</ymax>
        </bndbox>
    </object>    <object>
        <name>head</name>
        <pose>Unspecified</pose>
        <truncated>0</truncated>
        <difficult>0</difficult>
        <bndbox>
            <xmin>192.9111328125</xmin>
            <ymin>87.0998697916669</ymin>
            <xmax>452.5</xmax>
            <ymax>346.58359375000026</ymax>
        </bndbox>
    </object>    <object>
        <name>body</name>
        <pose>Unspecified</pose>
        <truncated>0</truncated>
        <difficult>0</difficult>
        <bndbox>
            <xmin>544.017578125</xmin>
            <ymin>298.357421875</ymin>
            <xmax>731.0640462239584</xmax>
            <ymax>561.9255676269531</ymax>
        </bndbox>
    </object>
</annotation>
