<annotation>
    <folder></folder>
    <filename>frame_000111</filename>
    <path></path>
    <source>
        <database>Unknown</database>
    </source>
    <size>
        <width>1280</width>
        <height>720</height>
        <depth>3</depth>
    </size>
    <segmented>0</segmented>
    <object>
        <name>head</name>
        <pose>Unspecified</pose>
        <truncated>0</truncated>
        <difficult>0</difficult>
        <bndbox>
            <xmin>601.1595052083334</xmin>
            <ymin>194.1904296875</ymin>
            <xmax>711.8584895833337</xmax>
            <ymax>327.7291076660149</ymax>
        </bndbox>
    </object>    <object>
        <name>body</name>
        <pose>Unspecified</pose>
        <truncated>0</truncated>
        <difficult>0</difficult>
        <bndbox>
            <xmin>681.3569435586735</xmin>
            <ymin>368.03265837585036</ymin>
            <xmax>1255.3569435586735</xmax>
            <ymax>720.0</ymax>
        </bndbox>
    </object>    <object>
        <name>body</name>
        <pose>Unspecified</pose>
        <truncated>0</truncated>
        <difficult>0</difficult>
        <bndbox>
            <xmin>5.6083984375</xmin>
            <ymin>397.30078125</ymin>
            <xmax>494.5</xmax>
            <ymax>712.1458923339815</ymax>
        </bndbox>
    </object>    <object>
        <name>head</name>
        <pose>Unspecified</pose>
        <truncated>0</truncated>
        <difficult>0</difficult>
        <bndbox>
            <xmin>830.8493418236301</xmin>
            <ymin>53.30298186001713</ymin>
            <xmax>1145.7407480736308</xmax>
            <ymax>353.50511809048476</ymax>
        </bndbox>
    </object>    <object>
        <name>head</name>
        <pose>Unspecified</pose>
        <truncated>0</truncated>
        <difficult>0</difficult>
        <bndbox>
            <xmin>79.22265625</xmin>
            <ymin>108.033203125</ymin>
            <xmax>341.1318359375</xmax>
            <ymax>401.89218749999964</ymax>
        </bndbox>
    </object>    <object>
        <name>body</name>
        <pose>Unspecified</pose>
        <truncated>0</truncated>
        <difficult>0</difficult>
        <bndbox>
            <xmin>509.3423549107143</xmin>
            <ymin>311.72900390625</ymin>
            <xmax>737.1423549107136</xmax>
            <ymax>489.41716078272555</ymax>
        </bndbox>
    </object>
</annotation>
