<annotation>
    <folder></folder>
    <filename>frame_000258</filename>
    <path></path>
    <source>
        <database>Unknown</database>
    </source>
    <size>
        <width>1280</width>
        <height>720</height>
        <depth>3</depth>
    </size>
    <segmented>0</segmented>
    <object>
        <name>head</name>
        <pose>Unspecified</pose>
        <truncated>0</truncated>
        <difficult>0</difficult>
        <bndbox>
            <xmin>578.8665865384615</xmin>
            <ymin>212.97328225160257</ymin>
            <xmax>678.750961538463</xmax>
            <ymax>325.1523838141011</ymax>
        </bndbox>
    </object>    <object>
        <name>body</name>
        <pose>Unspecified</pose>
        <truncated>0</truncated>
        <difficult>0</difficult>
        <bndbox>
            <xmin>701.513671875</xmin>
            <ymin>354.5941169507578</ymin>
            <xmax>1275.513671875</xmax>
            <ymax>709.1759736032211</ymax>
        </bndbox>
    </object>    <object>
        <name>body</name>
        <pose>Unspecified</pose>
        <truncated>0</truncated>
        <difficult>0</difficult>
        <bndbox>
            <xmin>0.897265625</xmin>
            <ymin>320.9748046875</ymin>
            <xmax>522.8814453125008</xmax>
            <ymax>701.7881781005847</ymax>
        </bndbox>
    </object>    <object>
        <name>head</name>
        <pose>Unspecified</pose>
        <truncated>0</truncated>
        <difficult>0</difficult>
        <bndbox>
            <xmin>836.9142795138889</xmin>
            <ymin>56.876953125</ymin>
            <xmax>1151.8056857638896</xmax>
            <ymax>357.07908935546766</ymax>
        </bndbox>
    </object>    <object>
        <name>head</name>
        <pose>Unspecified</pose>
        <truncated>0</truncated>
        <difficult>0</difficult>
        <bndbox>
            <xmin>0.1533203125</xmin>
            <ymin>0.0</ymin>
            <xmax>228.3000000000011</xmax>
            <ymax>316.7282226562511</ymax>
        </bndbox>
    </object>    <object>
        <name>body</name>
        <pose>Unspecified</pose>
        <truncated>0</truncated>
        <difficult>0</difficult>
        <bndbox>
            <xmin>515.1890524839744</xmin>
            <ymin>323.4143880208333</ymin>
            <xmax>725.8524539262816</xmax>
            <ymax>513.4545529096533</ymax>
        </bndbox>
    </object>
</annotation>
