<annotation>
    <folder></folder>
    <filename>frame_000113</filename>
    <path></path>
    <source>
        <database>Unknown</database>
    </source>
    <size>
        <width>1280</width>
        <height>720</height>
        <depth>3</depth>
    </size>
    <segmented>0</segmented>
    <object>
        <name>head</name>
        <pose>Unspecified</pose>
        <truncated>0</truncated>
        <difficult>0</difficult>
        <bndbox>
            <xmin>607.2771267361111</xmin>
            <ymin>194.6201171875</ymin>
            <xmax>718.725407986111</xmax>
            <ymax>328.1587951660149</ymax>
        </bndbox>
    </object>    <object>
        <name>body</name>
        <pose>Unspecified</pose>
        <truncated>0</truncated>
        <difficult>0</difficult>
        <bndbox>
            <xmin>680.8838887117347</xmin>
            <ymin>368.04793792517006</ymin>
            <xmax>1254.8838887117347</xmax>
            <ymax>720.0</ymax>
        </bndbox>
    </object>    <object>
        <name>body</name>
        <pose>Unspecified</pose>
        <truncated>0</truncated>
        <difficult>0</difficult>
        <bndbox>
            <xmin>13.08544921875</xmin>
            <ymin>381.3759765625</ymin>
            <xmax>508.85000000000036</xmax>
            <ymax>712.1729461669911</ymax>
        </bndbox>
    </object>    <object>
        <name>head</name>
        <pose>Unspecified</pose>
        <truncated>0</truncated>
        <difficult>0</difficult>
        <bndbox>
            <xmin>830.9601080907535</xmin>
            <ymin>53.186851187928085</ymin>
            <xmax>1145.8515143407542</xmax>
            <ymax>353.38898741839574</ymax>
        </bndbox>
    </object>    <object>
        <name>head</name>
        <pose>Unspecified</pose>
        <truncated>0</truncated>
        <difficult>0</difficult>
        <bndbox>
            <xmin>115.6240234375</xmin>
            <ymin>91.69563802083333</ymin>
            <xmax>377.533203125</xmax>
            <ymax>385.55462239583295</ymax>
        </bndbox>
    </object>    <object>
        <name>body</name>
        <pose>Unspecified</pose>
        <truncated>0</truncated>
        <difficult>0</difficult>
        <bndbox>
            <xmin>509.18136160714283</xmin>
            <ymin>310.943359375</ymin>
            <xmax>736.9813616071422</xmax>
            <ymax>488.20763307967405</ymax>
        </bndbox>
    </object>
</annotation>
