<annotation>
    <folder></folder>
    <filename>frame_000362</filename>
    <path></path>
    <source>
        <database>Unknown</database>
    </source>
    <size>
        <width>1280</width>
        <height>720</height>
        <depth>3</depth>
    </size>
    <segmented>0</segmented>
    <object>
        <name>head</name>
        <pose>Unspecified</pose>
        <truncated>0</truncated>
        <difficult>0</difficult>
        <bndbox>
            <xmin>548.8001302083334</xmin>
            <ymin>204.18033854166666</ymin>
            <xmax>648.6845052083348</xmax>
            <ymax>316.35944010416523</ymax>
        </bndbox>
    </object>    <object>
        <name>body</name>
        <pose>Unspecified</pose>
        <truncated>0</truncated>
        <difficult>0</difficult>
        <bndbox>
            <xmin>700.6171875</xmin>
            <ymin>340.576171875</ymin>
            <xmax>1270.3872767857142</xmax>
            <ymax>714.3726562500015</ymax>
        </bndbox>
    </object>    <object>
        <name>body</name>
        <pose>Unspecified</pose>
        <truncated>0</truncated>
        <difficult>0</difficult>
        <bndbox>
            <xmin>3.686848958333333</xmin>
            <ymin>344.74986979166715</ymin>
            <xmax>471.99427083333404</xmax>
            <ymax>712.8188004557281</ymax>
        </bndbox>
    </object>    <object>
        <name>head</name>
        <pose>Unspecified</pose>
        <truncated>0</truncated>
        <difficult>0</difficult>
        <bndbox>
            <xmin>810.983515625</xmin>
            <ymin>57.835859375</ymin>
            <xmax>1125.8749218750008</xmax>
            <ymax>358.03799560546764</ymax>
        </bndbox>
    </object>    <object>
        <name>head</name>
        <pose>Unspecified</pose>
        <truncated>0</truncated>
        <difficult>0</difficult>
        <bndbox>
            <xmin>125.647265625</xmin>
            <ymin>78.287890625</ymin>
            <xmax>391.4841406250001</xmax>
            <ymax>356.95728393554634</ymax>
        </bndbox>
    </object>    <object>
        <name>body</name>
        <pose>Unspecified</pose>
        <truncated>0</truncated>
        <difficult>0</difficult>
        <bndbox>
            <xmin>512.4214843750005</xmin>
            <ymin>314.0692871093752</ymin>
            <xmax>712.2850174753285</xmax>
            <ymax>497.27620142886553</ymax>
        </bndbox>
    </object>
</annotation>
