<annotation>
    <folder></folder>
    <filename>frame_000540</filename>
    <path></path>
    <source>
        <database>Unknown</database>
    </source>
    <size>
        <width>1280</width>
        <height>720</height>
        <depth>3</depth>
    </size>
    <segmented>0</segmented>
    <object>
        <name>head</name>
        <pose>Unspecified</pose>
        <truncated>0</truncated>
        <difficult>0</difficult>
        <bndbox>
            <xmin>546.6000000000022</xmin>
            <ymin>197.857421875</ymin>
            <xmax>690.8953170776367</xmax>
            <ymax>310.03652343749854</ymax>
        </bndbox>
    </object>    <object>
        <name>body</name>
        <pose>Unspecified</pose>
        <truncated>0</truncated>
        <difficult>0</difficult>
        <bndbox>
            <xmin>711.599609375</xmin>
            <ymin>348.048828125</ymin>
            <xmax>1279.0660156249978</xmax>
            <ymax>707.0</ymax>
        </bndbox>
    </object>    <object>
        <name>body</name>
        <pose>Unspecified</pose>
        <truncated>0</truncated>
        <difficult>0</difficult>
        <bndbox>
            <xmin>42.9921875</xmin>
            <ymin>343.1112630208336</ymin>
            <xmax>515.4802083333343</xmax>
            <ymax>720.0</ymax>
        </bndbox>
    </object>    <object>
        <name>head</name>
        <pose>Unspecified</pose>
        <truncated>0</truncated>
        <difficult>0</difficult>
        <bndbox>
            <xmin>841.669921875</xmin>
            <ymin>43.678059895833336</ymin>
            <xmax>1156.5613281250007</xmax>
            <ymax>343.880196126301</ymax>
        </bndbox>
    </object>    <object>
        <name>head</name>
        <pose>Unspecified</pose>
        <truncated>0</truncated>
        <difficult>0</difficult>
        <bndbox>
            <xmin>56.4541015625</xmin>
            <ymin>72.8994140625</ymin>
            <xmax>330.60000000000036</xmax>
            <ymax>345.6801898193353</ymax>
        </bndbox>
    </object>    <object>
        <name>body</name>
        <pose>Unspecified</pose>
        <truncated>0</truncated>
        <difficult>0</difficult>
        <bndbox>
            <xmin>505.01969401041634</xmin>
            <ymin>317.49300130208366</ymin>
            <xmax>729.848312632242</xmax>
            <ymax>519.2223307291666</ymax>
        </bndbox>
    </object>
</annotation>
