<annotation>
    <folder></folder>
    <filename>frame_000122</filename>
    <path></path>
    <source>
        <database>Unknown</database>
    </source>
    <size>
        <width>1280</width>
        <height>720</height>
        <depth>3</depth>
    </size>
    <segmented>0</segmented>
    <object>
        <name>head</name>
        <pose>Unspecified</pose>
        <truncated>0</truncated>
        <difficult>0</difficult>
        <bndbox>
            <xmin>617.8515625</xmin>
            <ymin>176.17952473958334</ymin>
            <xmax>732.6716796875013</xmax>
            <ymax>309.7182027180982</ymax>
        </bndbox>
    </object>    <object>
        <name>body</name>
        <pose>Unspecified</pose>
        <truncated>0</truncated>
        <difficult>0</difficult>
        <bndbox>
            <xmin>678.7551419005102</xmin>
            <ymin>368.11669589710885</ymin>
            <xmax>1252.7551419005101</xmax>
            <ymax>720.0</ymax>
        </bndbox>
    </object>    <object>
        <name>body</name>
        <pose>Unspecified</pose>
        <truncated>0</truncated>
        <difficult>0</difficult>
        <bndbox>
            <xmin>19.424658203125</xmin>
            <ymin>373.48818359375</ymin>
            <xmax>523.960839843752</xmax>
            <ymax>714.9300000000005</ymax>
        </bndbox>
    </object>    <object>
        <name>head</name>
        <pose>Unspecified</pose>
        <truncated>0</truncated>
        <difficult>0</difficult>
        <bndbox>
            <xmin>831.4585562928082</xmin>
            <ymin>52.664263163527394</ymin>
            <xmax>1146.349962542809</xmax>
            <ymax>352.86639939399504</ymax>
        </bndbox>
    </object>    <object>
        <name>head</name>
        <pose>Unspecified</pose>
        <truncated>0</truncated>
        <difficult>0</difficult>
        <bndbox>
            <xmin>217.85477120535714</xmin>
            <ymin>66.67745535714286</ymin>
            <xmax>479.76395089285717</xmax>
            <ymax>360.53643973214247</ymax>
        </bndbox>
    </object>    <object>
        <name>body</name>
        <pose>Unspecified</pose>
        <truncated>0</truncated>
        <difficult>0</difficult>
        <bndbox>
            <xmin>509.68636924342104</xmin>
            <ymin>310.69993832236844</ymin>
            <xmax>737.4863692434203</xmax>
            <ymax>488.0269227165222</ymax>
        </bndbox>
    </object>
</annotation>
