<annotation>
    <folder></folder>
    <filename>frame_000023</filename>
    <path></path>
    <source>
        <database>Unknown</database>
    </source>
    <size>
        <width>1280</width>
        <height>720</height>
        <depth>3</depth>
    </size>
    <segmented>0</segmented>
    <object>
        <name>head</name>
        <pose>Unspecified</pose>
        <truncated>0</truncated>
        <difficult>0</difficult>
        <bndbox>
            <xmin>515.33984375</xmin>
            <ymin>216.12294921875036</ymin>
            <xmax>620.791015625</xmax>
            <ymax>352.46231384277326</ymax>
        </bndbox>
    </object>    <object>
        <name>body</name>
        <pose>Unspecified</pose>
        <truncated>0</truncated>
        <difficult>0</difficult>
        <bndbox>
            <xmin>718.4838169642857</xmin>
            <ymin>339.77260044642856</ymin>
            <xmax>1264.785714285715</xmax>
            <ymax>705.7393973214286</ymax>
        </bndbox>
    </object>    <object>
        <name>body</name>
        <pose>Unspecified</pose>
        <truncated>0</truncated>
        <difficult>0</difficult>
        <bndbox>
            <xmin>8.333984375</xmin>
            <ymin>409.0</ymin>
            <xmax>607.2000000000007</xmax>
            <ymax>720.0</ymax>
        </bndbox>
    </object>    <object>
        <name>head</name>
        <pose>Unspecified</pose>
        <truncated>0</truncated>
        <difficult>0</difficult>
        <bndbox>
            <xmin>913.498046875</xmin>
            <ymin>67.2861328125</ymin>
            <xmax>1228.3894531250007</xmax>
            <ymax>367.48826904296766</ymax>
        </bndbox>
    </object>    <object>
        <name>head</name>
        <pose>Unspecified</pose>
        <truncated>0</truncated>
        <difficult>0</difficult>
        <bndbox>
            <xmin>263.5703125</xmin>
            <ymin>121.8447265625</ymin>
            <xmax>510.81601562500146</xmax>
            <ymax>412.3482299804673</ymax>
        </bndbox>
    </object>    <object>
        <name>body</name>
        <pose>Unspecified</pose>
        <truncated>0</truncated>
        <difficult>0</difficult>
        <bndbox>
            <xmin>545.513671875</xmin>
            <ymin>330.5</ymin>
            <xmax>689.2000000000007</xmax>
            <ymax>472.90000000000146</ymax>
        </bndbox>
    </object>
</annotation>
