<annotation>
    <folder></folder>
    <filename>frame_000265</filename>
    <path></path>
    <source>
        <database>Unknown</database>
    </source>
    <size>
        <width>1280</width>
        <height>720</height>
        <depth>3</depth>
    </size>
    <segmented>0</segmented>
    <object>
        <name>head</name>
        <pose>Unspecified</pose>
        <truncated>0</truncated>
        <difficult>0</difficult>
        <bndbox>
            <xmin>583.8799579326923</xmin>
            <ymin>214.13293770032053</ymin>
            <xmax>683.7643329326937</xmax>
            <ymax>326.31203926281904</ymax>
        </bndbox>
    </object>    <object>
        <name>body</name>
        <pose>Unspecified</pose>
        <truncated>0</truncated>
        <difficult>0</difficult>
        <bndbox>
            <xmin>701.513671875</xmin>
            <ymin>358.4037642045458</ymin>
            <xmax>1275.513671875</xmax>
            <ymax>708.2647576349442</ymax>
        </bndbox>
    </object>    <object>
        <name>body</name>
        <pose>Unspecified</pose>
        <truncated>0</truncated>
        <difficult>0</difficult>
        <bndbox>
            <xmin>7.178125</xmin>
            <ymin>356.304296875</ymin>
            <xmax>529.1623046875008</xmax>
            <ymax>715.9529284667966</ymax>
        </bndbox>
    </object>    <object>
        <name>head</name>
        <pose>Unspecified</pose>
        <truncated>0</truncated>
        <difficult>0</difficult>
        <bndbox>
            <xmin>835.4840494791666</xmin>
            <ymin>58.02880859375</ymin>
            <xmax>1150.3754557291675</xmax>
            <ymax>358.23094482421766</ymax>
        </bndbox>
    </object>    <object>
        <name>head</name>
        <pose>Unspecified</pose>
        <truncated>0</truncated>
        <difficult>0</difficult>
        <bndbox>
            <xmin>198.96791294642856</xmin>
            <ymin>82.91238839285714</ymin>
            <xmax>477.8728794642874</xmax>
            <ymax>365.0145996093748</ymax>
        </bndbox>
    </object>    <object>
        <name>body</name>
        <pose>Unspecified</pose>
        <truncated>0</truncated>
        <difficult>0</difficult>
        <bndbox>
            <xmin>518.7223557692307</xmin>
            <ymin>321.7578125</ymin>
            <xmax>718.4806490384611</xmax>
            <ymax>506.4345731295056</ymax>
        </bndbox>
    </object>
</annotation>
