<annotation>
    <folder></folder>
    <filename>frame_000172</filename>
    <path></path>
    <source>
        <database>Unknown</database>
    </source>
    <size>
        <width>1280</width>
        <height>720</height>
        <depth>3</depth>
    </size>
    <segmented>0</segmented>
    <object>
        <name>head</name>
        <pose>Unspecified</pose>
        <truncated>0</truncated>
        <difficult>0</difficult>
        <bndbox>
            <xmin>568.6171875</xmin>
            <ymin>205.51318359375</ymin>
            <xmax>696.5499999999993</xmax>
            <ymax>340.125497436522</ymax>
        </bndbox>
    </object>    <object>
        <name>body</name>
        <pose>Unspecified</pose>
        <truncated>0</truncated>
        <difficult>0</difficult>
        <bndbox>
            <xmin>666.9287707270408</xmin>
            <ymin>368.49868463010205</ymin>
            <xmax>1240.9287707270407</xmax>
            <ymax>720.0</ymax>
        </bndbox>
    </object>    <object>
        <name>body</name>
        <pose>Unspecified</pose>
        <truncated>0</truncated>
        <difficult>0</difficult>
        <bndbox>
            <xmin>11.297417534722221</xmin>
            <ymin>342.1540256076389</ymin>
            <xmax>493.5306495949098</xmax>
            <ymax>716.5165877730748</ymax>
        </bndbox>
    </object>    <object>
        <name>head</name>
        <pose>Unspecified</pose>
        <truncated>0</truncated>
        <difficult>0</difficult>
        <bndbox>
            <xmin>834.2277129708904</xmin>
            <ymin>49.760996361301366</ymin>
            <xmax>1149.1191192208912</xmax>
            <ymax>349.963132591769</ymax>
        </bndbox>
    </object>    <object>
        <name>head</name>
        <pose>Unspecified</pose>
        <truncated>0</truncated>
        <difficult>0</difficult>
        <bndbox>
            <xmin>175.1058682528409</xmin>
            <ymin>65.7235440340909</ymin>
            <xmax>437.01504794034093</xmax>
            <ymax>359.58252840909057</ymax>
        </bndbox>
    </object>    <object>
        <name>body</name>
        <pose>Unspecified</pose>
        <truncated>0</truncated>
        <difficult>0</difficult>
        <bndbox>
            <xmin>506.55397727272725</xmin>
            <ymin>347.92573686079544</ymin>
            <xmax>734.3539772727265</xmax>
            <ymax>516.0885037508876</ymax>
        </bndbox>
    </object>
</annotation>
