<annotation>
    <folder></folder>
    <filename>frame_000182</filename>
    <path></path>
    <source>
        <database>Unknown</database>
    </source>
    <size>
        <width>1280</width>
        <height>720</height>
        <depth>3</depth>
    </size>
    <segmented>0</segmented>
    <object>
        <name>head</name>
        <pose>Unspecified</pose>
        <truncated>0</truncated>
        <difficult>0</difficult>
        <bndbox>
            <xmin>576.4677734375</xmin>
            <ymin>206.07373046875</ymin>
            <xmax>704.4005859374993</xmax>
            <ymax>340.686044311522</ymax>
        </bndbox>
    </object>    <object>
        <name>body</name>
        <pose>Unspecified</pose>
        <truncated>0</truncated>
        <difficult>0</difficult>
        <bndbox>
            <xmin>664.563496492347</xmin>
            <ymin>368.57508237670066</ymin>
            <xmax>1238.563496492347</xmax>
            <ymax>720.0</ymax>
        </bndbox>
    </object>    <object>
        <name>body</name>
        <pose>Unspecified</pose>
        <truncated>0</truncated>
        <difficult>0</difficult>
        <bndbox>
            <xmin>9.671983506944443</xmin>
            <ymin>329.65131293402777</ymin>
            <xmax>484.92438512731667</xmax>
            <ymax>715.575125009041</ymax>
        </bndbox>
    </object>    <object>
        <name>head</name>
        <pose>Unspecified</pose>
        <truncated>0</truncated>
        <difficult>0</difficult>
        <bndbox>
            <xmin>834.7815443065068</xmin>
            <ymin>49.18034300085616</ymin>
            <xmax>1149.6729505565077</xmax>
            <ymax>349.3824792313238</ymax>
        </bndbox>
    </object>    <object>
        <name>head</name>
        <pose>Unspecified</pose>
        <truncated>0</truncated>
        <difficult>0</difficult>
        <bndbox>
            <xmin>186.59690163352272</xmin>
            <ymin>47.72727272727273</ymin>
            <xmax>448.50608132102275</xmax>
            <ymax>341.5862571022724</ymax>
        </bndbox>
    </object>    <object>
        <name>body</name>
        <pose>Unspecified</pose>
        <truncated>0</truncated>
        <difficult>0</difficult>
        <bndbox>
            <xmin>497.2978515625</xmin>
            <ymin>324.89306640625</ymin>
            <xmax>725.0978515624993</xmax>
            <ymax>488.59307861328125</ymax>
        </bndbox>
    </object>
</annotation>
