<annotation>
    <folder></folder>
    <filename>frame_000381</filename>
    <path></path>
    <source>
        <database>Unknown</database>
    </source>
    <size>
        <width>1280</width>
        <height>720</height>
        <depth>3</depth>
    </size>
    <segmented>0</segmented>
    <object>
        <name>head</name>
        <pose>Unspecified</pose>
        <truncated>0</truncated>
        <difficult>0</difficult>
        <bndbox>
            <xmin>570.50390625</xmin>
            <ymin>218.10009765625</ymin>
            <xmax>670.3882812500015</xmax>
            <ymax>330.27919921874854</ymax>
        </bndbox>
    </object>    <object>
        <name>body</name>
        <pose>Unspecified</pose>
        <truncated>0</truncated>
        <difficult>0</difficult>
        <bndbox>
            <xmin>688.244140625</xmin>
            <ymin>340.84326171875</ymin>
            <xmax>1262.244140625</xmax>
            <ymax>714.5736328125014</ymax>
        </bndbox>
    </object>    <object>
        <name>body</name>
        <pose>Unspecified</pose>
        <truncated>0</truncated>
        <difficult>0</difficult>
        <bndbox>
            <xmin>23.38634314903846</xmin>
            <ymin>324.7507962740386</ymin>
            <xmax>522.4000000000015</xmax>
            <ymax>707.2375779371989</ymax>
        </bndbox>
    </object>    <object>
        <name>head</name>
        <pose>Unspecified</pose>
        <truncated>0</truncated>
        <difficult>0</difficult>
        <bndbox>
            <xmin>922.4867466517857</xmin>
            <ymin>37.587472098214285</ymin>
            <xmax>1237.3781529017865</xmax>
            <ymax>337.78960832868194</ymax>
        </bndbox>
    </object>    <object>
        <name>head</name>
        <pose>Unspecified</pose>
        <truncated>0</truncated>
        <difficult>0</difficult>
        <bndbox>
            <xmin>169.59033203125</xmin>
            <ymin>69.6884765625</ymin>
            <xmax>420.45925564236313</xmax>
            <ymax>335.9085249159061</ymax>
        </bndbox>
    </object>    <object>
        <name>body</name>
        <pose>Unspecified</pose>
        <truncated>0</truncated>
        <difficult>0</difficult>
        <bndbox>
            <xmin>540.912890625</xmin>
            <ymin>318.060546875</ymin>
            <xmax>740.9027343750015</xmax>
            <ymax>490.72204101562386</ymax>
        </bndbox>
    </object>
</annotation>
