<annotation>
    <folder></folder>
    <filename>frame_000061</filename>
    <path></path>
    <source>
        <database>Unknown</database>
    </source>
    <size>
        <width>1280</width>
        <height>720</height>
        <depth>3</depth>
    </size>
    <segmented>0</segmented>
    <object>
        <name>head</name>
        <pose>Unspecified</pose>
        <truncated>0</truncated>
        <difficult>0</difficult>
        <bndbox>
            <xmin>561.4196428571429</xmin>
            <ymin>198.71623883928572</ymin>
            <xmax>666.8735491071436</xmax>
            <ymax>332.2549168178006</ymax>
        </bndbox>
    </object>    <object>
        <name>body</name>
        <pose>Unspecified</pose>
        <truncated>0</truncated>
        <difficult>0</difficult>
        <bndbox>
            <xmin>693.1833147321429</xmin>
            <ymin>367.65066964285717</ymin>
            <xmax>1267.183314732143</xmax>
            <ymax>720.0</ymax>
        </bndbox>
    </object>    <object>
        <name>body</name>
        <pose>Unspecified</pose>
        <truncated>0</truncated>
        <difficult>0</difficult>
        <bndbox>
            <xmin>2.499525669642858</xmin>
            <ymin>356.2345703125</ymin>
            <xmax>547.5953962053579</xmax>
            <ymax>715.4153962053576</ymax>
        </bndbox>
    </object>    <object>
        <name>head</name>
        <pose>Unspecified</pose>
        <truncated>0</truncated>
        <difficult>0</difficult>
        <bndbox>
            <xmin>828.080185145548</xmin>
            <ymin>56.20624866224315</ymin>
            <xmax>1142.9715913955488</xmax>
            <ymax>356.4083848927108</ymax>
        </bndbox>
    </object>    <object>
        <name>head</name>
        <pose>Unspecified</pose>
        <truncated>0</truncated>
        <difficult>0</difficult>
        <bndbox>
            <xmin>152.5361328125</xmin>
            <ymin>81.4521484375</ymin>
            <xmax>414.4453125</xmax>
            <ymax>375.31113281249964</ymax>
        </bndbox>
    </object>    <object>
        <name>body</name>
        <pose>Unspecified</pose>
        <truncated>0</truncated>
        <difficult>0</difficult>
        <bndbox>
            <xmin>505.40775240384613</xmin>
            <ymin>325.75525841346155</ymin>
            <xmax>733.2077524038455</xmax>
            <ymax>489.4552706204928</ymax>
        </bndbox>
    </object>
</annotation>
