<annotation>
    <folder></folder>
    <filename>frame_000144</filename>
    <path></path>
    <source>
        <database>Unknown</database>
    </source>
    <size>
        <width>1280</width>
        <height>720</height>
        <depth>3</depth>
    </size>
    <segmented>0</segmented>
    <object>
        <name>head</name>
        <pose>Unspecified</pose>
        <truncated>0</truncated>
        <difficult>0</difficult>
        <bndbox>
            <xmin>597.1217447916666</xmin>
            <ymin>186.78190104166666</ymin>
            <xmax>720.184127604167</xmax>
            <ymax>320.3205790201816</ymax>
        </bndbox>
    </object>    <object>
        <name>body</name>
        <pose>Unspecified</pose>
        <truncated>0</truncated>
        <difficult>0</difficult>
        <bndbox>
            <xmin>673.5515385841836</xmin>
            <ymin>368.28477093962584</ymin>
            <xmax>1247.5515385841836</xmax>
            <ymax>720.0</ymax>
        </bndbox>
    </object>    <object>
        <name>body</name>
        <pose>Unspecified</pose>
        <truncated>0</truncated>
        <difficult>0</difficult>
        <bndbox>
            <xmin>15.8486328125</xmin>
            <ymin>377.16162109375</ymin>
            <xmax>517.6281901041706</xmax>
            <ymax>719.1526835123695</ymax>
        </bndbox>
    </object>    <object>
        <name>head</name>
        <pose>Unspecified</pose>
        <truncated>0</truncated>
        <difficult>0</difficult>
        <bndbox>
            <xmin>832.6769852311644</xmin>
            <ymin>51.386825770547944</ymin>
            <xmax>1147.568391481165</xmax>
            <ymax>351.5889620010156</ymax>
        </bndbox>
    </object>    <object>
        <name>head</name>
        <pose>Unspecified</pose>
        <truncated>0</truncated>
        <difficult>0</difficult>
        <bndbox>
            <xmin>133.1084872159091</xmin>
            <ymin>84.02534623579545</ymin>
            <xmax>395.01766690340907</xmax>
            <ymax>377.88433061079616</ymax>
        </bndbox>
    </object>    <object>
        <name>body</name>
        <pose>Unspecified</pose>
        <truncated>0</truncated>
        <difficult>0</difficult>
        <bndbox>
            <xmin>513.3251439144736</xmin>
            <ymin>316.5425575657895</ymin>
            <xmax>741.1251439144729</xmax>
            <ymax>497.87564090550694</ymax>
        </bndbox>
    </object>
</annotation>
