<annotation>
    <folder></folder>
    <filename>frame_000107</filename>
    <path></path>
    <source>
        <database>Unknown</database>
    </source>
    <size>
        <width>1280</width>
        <height>720</height>
        <depth>3</depth>
    </size>
    <segmented>0</segmented>
    <object>
        <name>head</name>
        <pose>Unspecified</pose>
        <truncated>0</truncated>
        <difficult>0</difficult>
        <bndbox>
            <xmin>588.9242621527778</xmin>
            <ymin>193.3310546875</ymin>
            <xmax>698.124652777779</xmax>
            <ymax>326.8697326660149</ymax>
        </bndbox>
    </object>    <object>
        <name>body</name>
        <pose>Unspecified</pose>
        <truncated>0</truncated>
        <difficult>0</difficult>
        <bndbox>
            <xmin>682.303053252551</xmin>
            <ymin>368.0020992772109</ymin>
            <xmax>1256.303053252551</xmax>
            <ymax>720.0</ymax>
        </bndbox>
    </object>    <object>
        <name>body</name>
        <pose>Unspecified</pose>
        <truncated>0</truncated>
        <difficult>0</difficult>
        <bndbox>
            <xmin>5.6083984375</xmin>
            <ymin>312.544921875</ymin>
            <xmax>603.8357421875007</xmax>
            <ymax>712.1000000000022</ymax>
        </bndbox>
    </object>    <object>
        <name>head</name>
        <pose>Unspecified</pose>
        <truncated>0</truncated>
        <difficult>0</difficult>
        <bndbox>
            <xmin>830.6278092893835</xmin>
            <ymin>53.535243204195204</ymin>
            <xmax>1145.5192155393843</xmax>
            <ymax>353.73737943466284</ymax>
        </bndbox>
    </object>    <object>
        <name>head</name>
        <pose>Unspecified</pose>
        <truncated>0</truncated>
        <difficult>0</difficult>
        <bndbox>
            <xmin>107.673828125</xmin>
            <ymin>5.185546875</ymin>
            <xmax>369.5830078125</xmax>
            <ymax>299.04453124999964</ymax>
        </bndbox>
    </object>    <object>
        <name>body</name>
        <pose>Unspecified</pose>
        <truncated>0</truncated>
        <difficult>0</difficult>
        <bndbox>
            <xmin>509.66434151785717</xmin>
            <ymin>313.30029296875</ymin>
            <xmax>737.4643415178564</xmax>
            <ymax>491.8362161888285</ymax>
        </bndbox>
    </object>
</annotation>
