<annotation>
    <folder></folder>
    <filename>frame_000251</filename>
    <path></path>
    <source>
        <database>Unknown</database>
    </source>
    <size>
        <width>1280</width>
        <height>720</height>
        <depth>3</depth>
    </size>
    <segmented>0</segmented>
    <object>
        <name>head</name>
        <pose>Unspecified</pose>
        <truncated>0</truncated>
        <difficult>0</difficult>
        <bndbox>
            <xmin>585.732421875</xmin>
            <ymin>216.8740234375</ymin>
            <xmax>685.6167968750015</xmax>
            <ymax>329.05312499999854</ymax>
        </bndbox>
    </object>    <object>
        <name>body</name>
        <pose>Unspecified</pose>
        <truncated>0</truncated>
        <difficult>0</difficult>
        <bndbox>
            <xmin>701.513671875</xmin>
            <ymin>350.7844696969697</ymin>
            <xmax>1275.513671875</xmax>
            <ymax>710.087189571498</ymax>
        </bndbox>
    </object>    <object>
        <name>body</name>
        <pose>Unspecified</pose>
        <truncated>0</truncated>
        <difficult>0</difficult>
        <bndbox>
            <xmin>26.251049804688137</xmin>
            <ymin>358.6750000000002</ymin>
            <xmax>525.3492568969727</xmax>
            <ymax>702.4567375183105</ymax>
        </bndbox>
    </object>    <object>
        <name>head</name>
        <pose>Unspecified</pose>
        <truncated>0</truncated>
        <difficult>0</difficult>
        <bndbox>
            <xmin>838.3445095486111</xmin>
            <ymin>55.72509765625</ymin>
            <xmax>1153.2359157986118</xmax>
            <ymax>355.92723388671766</ymax>
        </bndbox>
    </object>    <object>
        <name>head</name>
        <pose>Unspecified</pose>
        <truncated>0</truncated>
        <difficult>0</difficult>
        <bndbox>
            <xmin>162.50048828125</xmin>
            <ymin>91.62841796875</ymin>
            <xmax>413.88156250000156</xmax>
            <ymax>361.1099133300777</ymax>
        </bndbox>
    </object>    <object>
        <name>body</name>
        <pose>Unspecified</pose>
        <truncated>0</truncated>
        <difficult>0</difficult>
        <bndbox>
            <xmin>511.65574919871796</xmin>
            <ymin>325.0709635416667</ymin>
            <xmax>733.2242588141019</xmax>
            <ymax>520.4745326898011</ymax>
        </bndbox>
    </object>
</annotation>
