<annotation>
    <folder></folder>
    <filename>frame_000518</filename>
    <path></path>
    <source>
        <database>Unknown</database>
    </source>
    <size>
        <width>1280</width>
        <height>720</height>
        <depth>3</depth>
    </size>
    <segmented>0</segmented>
    <object>
        <name>head</name>
        <pose>Unspecified</pose>
        <truncated>0</truncated>
        <difficult>0</difficult>
        <bndbox>
            <xmin>574.927734375</xmin>
            <ymin>205.00634765625</ymin>
            <xmax>684.1179687500007</xmax>
            <ymax>317.18544921874854</ymax>
        </bndbox>
    </object>    <object>
        <name>body</name>
        <pose>Unspecified</pose>
        <truncated>0</truncated>
        <difficult>0</difficult>
        <bndbox>
            <xmin>709.4068359375017</xmin>
            <ymin>356.19704241071486</ymin>
            <xmax>1279.06640625</xmax>
            <ymax>691.0767530168808</ymax>
        </bndbox>
    </object>    <object>
        <name>body</name>
        <pose>Unspecified</pose>
        <truncated>0</truncated>
        <difficult>0</difficult>
        <bndbox>
            <xmin>14.699972098214598</xmin>
            <ymin>333.20731026785717</ymin>
            <xmax>531.7026611328126</xmax>
            <ymax>717.723381696428</ymax>
        </bndbox>
    </object>    <object>
        <name>head</name>
        <pose>Unspecified</pose>
        <truncated>0</truncated>
        <difficult>0</difficult>
        <bndbox>
            <xmin>815.9263392857143</xmin>
            <ymin>60.70535714285714</ymin>
            <xmax>1130.817745535715</xmax>
            <ymax>360.9074933733248</ymax>
        </bndbox>
    </object>    <object>
        <name>head</name>
        <pose>Unspecified</pose>
        <truncated>0</truncated>
        <difficult>0</difficult>
        <bndbox>
            <xmin>159.88118489583334</xmin>
            <ymin>63.38671875</ymin>
            <xmax>418.28545125325644</xmax>
            <ymax>336.0209849039699</ymax>
        </bndbox>
    </object>    <object>
        <name>body</name>
        <pose>Unspecified</pose>
        <truncated>0</truncated>
        <difficult>0</difficult>
        <bndbox>
            <xmin>514.1796875</xmin>
            <ymin>326.1513671875</ymin>
            <xmax>735.3998439735078</xmax>
            <ymax>503.8003194459743</ymax>
        </bndbox>
    </object>
</annotation>
