<annotation>
    <folder></folder>
    <filename>frame_000491</filename>
    <path></path>
    <source>
        <database>Unknown</database>
    </source>
    <size>
        <width>1280</width>
        <height>720</height>
        <depth>3</depth>
    </size>
    <segmented>0</segmented>
    <object>
        <name>head</name>
        <pose>Unspecified</pose>
        <truncated>0</truncated>
        <difficult>0</difficult>
        <bndbox>
            <xmin>558.6780790441177</xmin>
            <ymin>223.4287109375</ymin>
            <xmax>677.3284466911774</xmax>
            <ymax>332.28988862879015</ymax>
        </bndbox>
    </object>    <object>
        <name>body</name>
        <pose>Unspecified</pose>
        <truncated>0</truncated>
        <difficult>0</difficult>
        <bndbox>
            <xmin>680.1566611842105</xmin>
            <ymin>362.08113692434216</ymin>
            <xmax>1257.0786389802631</xmax>
            <ymax>710.4473684210537</ymax>
        </bndbox>
    </object>    <object>
        <name>body</name>
        <pose>Unspecified</pose>
        <truncated>0</truncated>
        <difficult>0</difficult>
        <bndbox>
            <xmin>17.10263206845238</xmin>
            <ymin>352.3618396577381</ymin>
            <xmax>513.0648976934497</xmax>
            <ymax>720.0</ymax>
        </bndbox>
    </object>    <object>
        <name>head</name>
        <pose>Unspecified</pose>
        <truncated>0</truncated>
        <difficult>0</difficult>
        <bndbox>
            <xmin>800.9372944078947</xmin>
            <ymin>66.33454975328948</ymin>
            <xmax>1107.2545780617413</xmax>
            <ymax>362.9165691718579</ymax>
        </bndbox>
    </object>    <object>
        <name>head</name>
        <pose>Unspecified</pose>
        <truncated>0</truncated>
        <difficult>0</difficult>
        <bndbox>
            <xmin>97.10000000000036</xmin>
            <ymin>64.5</ymin>
            <xmax>433.14686584472656</xmax>
            <ymax>374.2321472167969</ymax>
        </bndbox>
    </object>    <object>
        <name>body</name>
        <pose>Unspecified</pose>
        <truncated>0</truncated>
        <difficult>0</difficult>
        <bndbox>
            <xmin>519.7362060546875</xmin>
            <ymin>317.8970642089844</ymin>
            <xmax>732.7675276205574</xmax>
            <ymax>488.44077432121935</ymax>
        </bndbox>
    </object>
</annotation>
