<annotation>
    <folder></folder>
    <filename>frame_000537</filename>
    <path></path>
    <source>
        <database>Unknown</database>
    </source>
    <size>
        <width>1280</width>
        <height>720</height>
        <depth>3</depth>
    </size>
    <segmented>0</segmented>
    <object>
        <name>head</name>
        <pose>Unspecified</pose>
        <truncated>0</truncated>
        <difficult>0</difficult>
        <bndbox>
            <xmin>567.6630468750009</xmin>
            <ymin>197.857421875</ymin>
            <xmax>690.8953143310551</xmax>
            <ymax>310.03652343749854</ymax>
        </bndbox>
    </object>    <object>
        <name>body</name>
        <pose>Unspecified</pose>
        <truncated>0</truncated>
        <difficult>0</difficult>
        <bndbox>
            <xmin>711.599609375</xmin>
            <ymin>348.048828125</ymin>
            <xmax>1279.0660156249978</xmax>
            <ymax>707.0</ymax>
        </bndbox>
    </object>    <object>
        <name>body</name>
        <pose>Unspecified</pose>
        <truncated>0</truncated>
        <difficult>0</difficult>
        <bndbox>
            <xmin>38.2978515625</xmin>
            <ymin>332.20234375000047</ymin>
            <xmax>522.0530871582038</xmax>
            <ymax>717.9665323893229</ymax>
        </bndbox>
    </object>    <object>
        <name>head</name>
        <pose>Unspecified</pose>
        <truncated>0</truncated>
        <difficult>0</difficult>
        <bndbox>
            <xmin>845.178515625</xmin>
            <ymin>43.151692708333336</ymin>
            <xmax>1160.0699218750008</xmax>
            <ymax>343.353828938801</ymax>
        </bndbox>
    </object>    <object>
        <name>head</name>
        <pose>Unspecified</pose>
        <truncated>0</truncated>
        <difficult>0</difficult>
        <bndbox>
            <xmin>195.33984375</xmin>
            <ymin>64.955078125</ymin>
            <xmax>439.42680121528065</xmax>
            <ymax>334.44374525282</ymax>
        </bndbox>
    </object>    <object>
        <name>body</name>
        <pose>Unspecified</pose>
        <truncated>0</truncated>
        <difficult>0</difficult>
        <bndbox>
            <xmin>508.7567057291665</xmin>
            <ymin>313.9757161458335</ymin>
            <xmax>731.60222117106</xmax>
            <ymax>513.7399088541666</ymax>
        </bndbox>
    </object>
</annotation>
