<annotation>
    <folder></folder>
    <filename>frame_000532</filename>
    <path></path>
    <source>
        <database>Unknown</database>
    </source>
    <size>
        <width>1280</width>
        <height>720</height>
        <depth>3</depth>
    </size>
    <segmented>0</segmented>
    <object>
        <name>head</name>
        <pose>Unspecified</pose>
        <truncated>0</truncated>
        <difficult>0</difficult>
        <bndbox>
            <xmin>566.75</xmin>
            <ymin>203.46484375</ymin>
            <xmax>675.9402343750007</xmax>
            <ymax>315.64394531249854</ymax>
        </bndbox>
    </object>    <object>
        <name>body</name>
        <pose>Unspecified</pose>
        <truncated>0</truncated>
        <difficult>0</difficult>
        <bndbox>
            <xmin>711.5996930803576</xmin>
            <ymin>350.65265066964304</ymin>
            <xmax>1279.0660993303554</xmax>
            <ymax>703.5878753662109</ymax>
        </bndbox>
    </object>    <object>
        <name>body</name>
        <pose>Unspecified</pose>
        <truncated>0</truncated>
        <difficult>0</difficult>
        <bndbox>
            <xmin>26.562220982142858</xmin>
            <ymin>315.4127511160727</ymin>
            <xmax>521.295389317104</xmax>
            <ymax>712.8827741350449</ymax>
        </bndbox>
    </object>    <object>
        <name>head</name>
        <pose>Unspecified</pose>
        <truncated>0</truncated>
        <difficult>0</difficult>
        <bndbox>
            <xmin>840.6829833984375</xmin>
            <ymin>46.4808349609375</ymin>
            <xmax>1155.5743896484382</xmax>
            <ymax>346.68297119140516</ymax>
        </bndbox>
    </object>    <object>
        <name>head</name>
        <pose>Unspecified</pose>
        <truncated>0</truncated>
        <difficult>0</difficult>
        <bndbox>
            <xmin>146.1103515625</xmin>
            <ymin>91.74609375</ymin>
            <xmax>390.1700737847241</xmax>
            <ymax>370.06386583116364</ymax>
        </bndbox>
    </object>    <object>
        <name>body</name>
        <pose>Unspecified</pose>
        <truncated>0</truncated>
        <difficult>0</difficult>
        <bndbox>
            <xmin>512.1826171875</xmin>
            <ymin>310.6962890625</ymin>
            <xmax>733.706063842772</xmax>
            <ymax>509.150390625</ymax>
        </bndbox>
    </object>
</annotation>
