<annotation>
    <folder></folder>
    <filename>frame_000323</filename>
    <path></path>
    <source>
        <database>Unknown</database>
    </source>
    <size>
        <width>1280</width>
        <height>720</height>
        <depth>3</depth>
    </size>
    <segmented>0</segmented>
    <object>
        <name>head</name>
        <pose>Unspecified</pose>
        <truncated>0</truncated>
        <difficult>0</difficult>
        <bndbox>
            <xmin>590.1356026785714</xmin>
            <ymin>217.55203683035714</ymin>
            <xmax>690.0199776785729</xmax>
            <ymax>329.7311383928557</ymax>
        </bndbox>
    </object>    <object>
        <name>body</name>
        <pose>Unspecified</pose>
        <truncated>0</truncated>
        <difficult>0</difficult>
        <bndbox>
            <xmin>676.3931361607143</xmin>
            <ymin>344.24525669642856</ymin>
            <xmax>1250.3931361607142</xmax>
            <ymax>715.1765625000013</ymax>
        </bndbox>
    </object>    <object>
        <name>body</name>
        <pose>Unspecified</pose>
        <truncated>0</truncated>
        <difficult>0</difficult>
        <bndbox>
            <xmin>32.517578125</xmin>
            <ymin>325.7783203125</ymin>
            <xmax>517.5643229166672</xmax>
            <ymax>717.4000000000015</ymax>
        </bndbox>
    </object>    <object>
        <name>head</name>
        <pose>Unspecified</pose>
        <truncated>0</truncated>
        <difficult>0</difficult>
        <bndbox>
            <xmin>870.87890625</xmin>
            <ymin>57.642968749999994</ymin>
            <xmax>1185.7703125000007</xmax>
            <ymax>357.8451049804677</ymax>
        </bndbox>
    </object>    <object>
        <name>head</name>
        <pose>Unspecified</pose>
        <truncated>0</truncated>
        <difficult>0</difficult>
        <bndbox>
            <xmin>215.41764322916666</xmin>
            <ymin>54.1923828125</ymin>
            <xmax>489.50623697916916</xmax>
            <ymax>354.8748437500023</ymax>
        </bndbox>
    </object>    <object>
        <name>body</name>
        <pose>Unspecified</pose>
        <truncated>0</truncated>
        <difficult>0</difficult>
        <bndbox>
            <xmin>531.796875</xmin>
            <ymin>314.1217447916667</ymin>
            <xmax>697.7265625</xmax>
            <ymax>489.0458658854138</ymax>
        </bndbox>
    </object>
</annotation>
