<annotation>
    <folder></folder>
    <filename>frame_000140</filename>
    <path></path>
    <source>
        <database>Unknown</database>
    </source>
    <size>
        <width>1280</width>
        <height>720</height>
        <depth>3</depth>
    </size>
    <segmented>0</segmented>
    <object>
        <name>head</name>
        <pose>Unspecified</pose>
        <truncated>0</truncated>
        <difficult>0</difficult>
        <bndbox>
            <xmin>595.166015625</xmin>
            <ymin>188.107421875</ymin>
            <xmax>716.7298046874998</xmax>
            <ymax>321.6460998535149</ymax>
        </bndbox>
    </object>    <object>
        <name>body</name>
        <pose>Unspecified</pose>
        <truncated>0</truncated>
        <difficult>0</difficult>
        <bndbox>
            <xmin>674.4976482780612</xmin>
            <ymin>368.2542118409864</ymin>
            <xmax>1248.4976482780612</xmax>
            <ymax>720.0</ymax>
        </bndbox>
    </object>    <object>
        <name>body</name>
        <pose>Unspecified</pose>
        <truncated>0</truncated>
        <difficult>0</difficult>
        <bndbox>
            <xmin>16.49880642361111</xmin>
            <ymin>382.16270616319446</ymin>
            <xmax>521.0706958912078</xmax>
            <ymax>719.5292686179831</ymax>
        </bndbox>
    </object>    <object>
        <name>head</name>
        <pose>Unspecified</pose>
        <truncated>0</truncated>
        <difficult>0</difficult>
        <bndbox>
            <xmin>832.4554526969179</xmin>
            <ymin>51.61908711472603</ymin>
            <xmax>1147.3468589469185</xmax>
            <ymax>351.8212233451937</ymax>
        </bndbox>
    </object>    <object>
        <name>head</name>
        <pose>Unspecified</pose>
        <truncated>0</truncated>
        <difficult>0</difficult>
        <bndbox>
            <xmin>134.03249289772728</xmin>
            <ymin>89.30357776988636</ymin>
            <xmax>395.94167258522725</xmax>
            <ymax>383.16256214488743</ymax>
        </bndbox>
    </object>    <object>
        <name>body</name>
        <pose>Unspecified</pose>
        <truncated>0</truncated>
        <difficult>0</difficult>
        <bndbox>
            <xmin>512.6635485197369</xmin>
            <ymin>315.48026315789474</ymin>
            <xmax>740.4635485197362</xmax>
            <ymax>496.08496487114604</ymax>
        </bndbox>
    </object>
</annotation>
