<annotation>
    <folder></folder>
    <filename>frame_000553</filename>
    <path></path>
    <source>
        <database>Unknown</database>
    </source>
    <size>
        <width>1280</width>
        <height>720</height>
        <depth>3</depth>
    </size>
    <segmented>0</segmented>
    <object>
        <name>head</name>
        <pose>Unspecified</pose>
        <truncated>0</truncated>
        <difficult>0</difficult>
        <bndbox>
            <xmin>553.6171875</xmin>
            <ymin>203.1201171875</ymin>
            <xmax>697.9125045776345</xmax>
            <ymax>315.29921874999854</ymax>
        </bndbox>
    </object>    <object>
        <name>body</name>
        <pose>Unspecified</pose>
        <truncated>0</truncated>
        <difficult>0</difficult>
        <bndbox>
            <xmin>711.599609375</xmin>
            <ymin>348.048828125</ymin>
            <xmax>1279.0660156249978</xmax>
            <ymax>707.0</ymax>
        </bndbox>
    </object>    <object>
        <name>body</name>
        <pose>Unspecified</pose>
        <truncated>0</truncated>
        <difficult>0</difficult>
        <bndbox>
            <xmin>0.0</xmin>
            <ymin>363.7568359375</ymin>
            <xmax>519.2834991455074</xmax>
            <ymax>712.982421875</ymax>
        </bndbox>
    </object>    <object>
        <name>head</name>
        <pose>Unspecified</pose>
        <truncated>0</truncated>
        <difficult>0</difficult>
        <bndbox>
            <xmin>811.55419921875</xmin>
            <ymin>42.142578125</ymin>
            <xmax>1126.4456054687507</xmax>
            <ymax>342.34471435546766</ymax>
        </bndbox>
    </object>    <object>
        <name>head</name>
        <pose>Unspecified</pose>
        <truncated>0</truncated>
        <difficult>0</difficult>
        <bndbox>
            <xmin>142.240234375</xmin>
            <ymin>60.580078125</ymin>
            <xmax>435.81640625</xmax>
            <ymax>411.44394531250146</ymax>
        </bndbox>
    </object>    <object>
        <name>body</name>
        <pose>Unspecified</pose>
        <truncated>0</truncated>
        <difficult>0</difficult>
        <bndbox>
            <xmin>531.388671875</xmin>
            <ymin>317.8056640625</ymin>
            <xmax>737.2000000000007</xmax>
            <ymax>524.1203124999993</ymax>
        </bndbox>
    </object>
</annotation>
