<annotation>
    <folder></folder>
    <filename>frame_000064</filename>
    <path></path>
    <source>
        <database>Unknown</database>
    </source>
    <size>
        <width>1280</width>
        <height>720</height>
        <depth>3</depth>
    </size>
    <segmented>0</segmented>
    <object>
        <name>head</name>
        <pose>Unspecified</pose>
        <truncated>0</truncated>
        <difficult>0</difficult>
        <bndbox>
            <xmin>557.4461495535714</xmin>
            <ymin>193.95968191964286</ymin>
            <xmax>662.9000558035722</xmax>
            <ymax>327.49835989815773</ymax>
        </bndbox>
    </object>    <object>
        <name>body</name>
        <pose>Unspecified</pose>
        <truncated>0</truncated>
        <difficult>0</difficult>
        <bndbox>
            <xmin>692.4737324617347</xmin>
            <ymin>367.67358896683675</ymin>
            <xmax>1266.4737324617347</xmax>
            <ymax>720.0</ymax>
        </bndbox>
    </object>    <object>
        <name>body</name>
        <pose>Unspecified</pose>
        <truncated>0</truncated>
        <difficult>0</difficult>
        <bndbox>
            <xmin>1.9227120535714288</xmin>
            <ymin>356.2275390625</ymin>
            <xmax>539.7733816964293</xmax>
            <ymax>716.473381696429</ymax>
        </bndbox>
    </object>    <object>
        <name>head</name>
        <pose>Unspecified</pose>
        <truncated>0</truncated>
        <difficult>0</difficult>
        <bndbox>
            <xmin>828.2463345462329</xmin>
            <ymin>56.03205265410959</ymin>
            <xmax>1143.1377407962336</xmax>
            <ymax>356.23418888457724</ymax>
        </bndbox>
    </object>    <object>
        <name>head</name>
        <pose>Unspecified</pose>
        <truncated>0</truncated>
        <difficult>0</difficult>
        <bndbox>
            <xmin>145.7869318181818</xmin>
            <ymin>78.13520951704545</ymin>
            <xmax>407.6961115056818</xmax>
            <ymax>371.9941938920451</ymax>
        </bndbox>
    </object>    <object>
        <name>body</name>
        <pose>Unspecified</pose>
        <truncated>0</truncated>
        <difficult>0</difficult>
        <bndbox>
            <xmin>504.7175480769231</xmin>
            <ymin>325.3239182692308</ymin>
            <xmax>732.5175480769224</xmax>
            <ymax>489.023930476262</ymax>
        </bndbox>
    </object>
</annotation>
