<annotation>
    <folder></folder>
    <filename>frame_000105</filename>
    <path></path>
    <source>
        <database>Unknown</database>
    </source>
    <size>
        <width>1280</width>
        <height>720</height>
        <depth>3</depth>
    </size>
    <segmented>0</segmented>
    <object>
        <name>head</name>
        <pose>Unspecified</pose>
        <truncated>0</truncated>
        <difficult>0</difficult>
        <bndbox>
            <xmin>582.806640625</xmin>
            <ymin>192.9013671875</ymin>
            <xmax>691.2577343750017</xmax>
            <ymax>326.4400451660149</ymax>
        </bndbox>
    </object>    <object>
        <name>body</name>
        <pose>Unspecified</pose>
        <truncated>0</truncated>
        <difficult>0</difficult>
        <bndbox>
            <xmin>682.7761080994898</xmin>
            <ymin>367.98681972789115</ymin>
            <xmax>1256.7761080994899</xmax>
            <ymax>720.0</ymax>
        </bndbox>
    </object>    <object>
        <name>body</name>
        <pose>Unspecified</pose>
        <truncated>0</truncated>
        <difficult>0</difficult>
        <bndbox>
            <xmin>5.2684955018939394</xmin>
            <ymin>315.1909327651515</ymin>
            <xmax>598.3729699337129</xmax>
            <ymax>712.57878787879</ymax>
        </bndbox>
    </object>    <object>
        <name>head</name>
        <pose>Unspecified</pose>
        <truncated>0</truncated>
        <difficult>0</difficult>
        <bndbox>
            <xmin>830.5170430222603</xmin>
            <ymin>53.65137387628425</ymin>
            <xmax>1145.408449272261</xmax>
            <ymax>353.8535101067519</ymax>
        </bndbox>
    </object>    <object>
        <name>head</name>
        <pose>Unspecified</pose>
        <truncated>0</truncated>
        <difficult>0</difficult>
        <bndbox>
            <xmin>214.5869140625</xmin>
            <ymin>98.1669921875</ymin>
            <xmax>476.49609375</xmax>
            <ymax>392.02597656249964</ymax>
        </bndbox>
    </object>    <object>
        <name>body</name>
        <pose>Unspecified</pose>
        <truncated>0</truncated>
        <difficult>0</difficult>
        <bndbox>
            <xmin>509.82533482142856</xmin>
            <ymin>314.0859375</ymin>
            <xmax>737.6253348214278</xmax>
            <ymax>493.0457438918799</ymax>
        </bndbox>
    </object>
</annotation>
