<annotation>
    <folder></folder>
    <filename>frame_000040</filename>
    <path></path>
    <source>
        <database>Unknown</database>
    </source>
    <size>
        <width>1280</width>
        <height>720</height>
        <depth>3</depth>
    </size>
    <segmented>0</segmented>
    <object>
        <name>head</name>
        <pose>Unspecified</pose>
        <truncated>0</truncated>
        <difficult>0</difficult>
        <bndbox>
            <xmin>605.96171875</xmin>
            <ymin>189.203125</ymin>
            <xmax>711.4156250000008</xmax>
            <ymax>322.7418029785149</ymax>
        </bndbox>
    </object>    <object>
        <name>body</name>
        <pose>Unspecified</pose>
        <truncated>0</truncated>
        <difficult>0</difficult>
        <bndbox>
            <xmin>698.150390625</xmin>
            <ymin>367.490234375</ymin>
            <xmax>1272.150390625</xmax>
            <ymax>720.0</ymax>
        </bndbox>
    </object>    <object>
        <name>body</name>
        <pose>Unspecified</pose>
        <truncated>0</truncated>
        <difficult>0</difficult>
        <bndbox>
            <xmin>6.537220982142857</xmin>
            <ymin>356.2837890625</ymin>
            <xmax>602.3494977678579</xmax>
            <ymax>708.0094977678585</ymax>
        </bndbox>
    </object>    <object>
        <name>head</name>
        <pose>Unspecified</pose>
        <truncated>0</truncated>
        <difficult>0</difficult>
        <bndbox>
            <xmin>845.980859375</xmin>
            <ymin>58.987890625</ymin>
            <xmax>1160.8722656250006</xmax>
            <ymax>359.19002685546764</ymax>
        </bndbox>
    </object>    <object>
        <name>head</name>
        <pose>Unspecified</pose>
        <truncated>0</truncated>
        <difficult>0</difficult>
        <bndbox>
            <xmin>192.9119140625</xmin>
            <ymin>71.5818359375</ymin>
            <xmax>454.82109375</xmax>
            <ymax>365.4408203124996</ymax>
        </bndbox>
    </object>    <object>
        <name>body</name>
        <pose>Unspecified</pose>
        <truncated>0</truncated>
        <difficult>0</difficult>
        <bndbox>
            <xmin>510.2391826923077</xmin>
            <ymin>328.7746394230769</ymin>
            <xmax>738.039182692307</xmax>
            <ymax>492.47465163010816</ymax>
        </bndbox>
    </object>
</annotation>
