<annotation>
    <folder></folder>
    <filename>frame_000370</filename>
    <path></path>
    <source>
        <database>Unknown</database>
    </source>
    <size>
        <width>1280</width>
        <height>720</height>
        <depth>3</depth>
    </size>
    <segmented>0</segmented>
    <object>
        <name>head</name>
        <pose>Unspecified</pose>
        <truncated>0</truncated>
        <difficult>0</difficult>
        <bndbox>
            <xmin>559.267578125</xmin>
            <ymin>208.013671875</ymin>
            <xmax>659.1519531250015</xmax>
            <ymax>320.19277343749854</ymax>
        </bndbox>
    </object>    <object>
        <name>body</name>
        <pose>Unspecified</pose>
        <truncated>0</truncated>
        <difficult>0</difficult>
        <bndbox>
            <xmin>707.0770089285714</xmin>
            <ymin>340.576171875</ymin>
            <xmax>1275.8802614795918</xmax>
            <ymax>714.3726562500015</ymax>
        </bndbox>
    </object>    <object>
        <name>body</name>
        <pose>Unspecified</pose>
        <truncated>0</truncated>
        <difficult>0</difficult>
        <bndbox>
            <xmin>14.553571428571429</xmin>
            <ymin>360.50474330357196</ymin>
            <xmax>499.5657589285729</xmax>
            <ymax>709.196784319196</ymax>
        </bndbox>
    </object>    <object>
        <name>head</name>
        <pose>Unspecified</pose>
        <truncated>0</truncated>
        <difficult>0</difficult>
        <bndbox>
            <xmin>865.748046875</xmin>
            <ymin>54.902669270833336</ymin>
            <xmax>1180.6394531250007</xmax>
            <ymax>355.104805501301</ymax>
        </bndbox>
    </object>    <object>
        <name>head</name>
        <pose>Unspecified</pose>
        <truncated>0</truncated>
        <difficult>0</difficult>
        <bndbox>
            <xmin>62.4326171875</xmin>
            <ymin>76.73014322916666</ymin>
            <xmax>330.9057421874998</xmax>
            <ymax>361.2912772623713</ymax>
        </bndbox>
    </object>    <object>
        <name>body</name>
        <pose>Unspecified</pose>
        <truncated>0</truncated>
        <difficult>0</difficult>
        <bndbox>
            <xmin>515.314453125</xmin>
            <ymin>314.451171875</ymin>
            <xmax>715.2411415501665</xmax>
            <ymax>485.66860608552815</ymax>
        </bndbox>
    </object>
</annotation>
