<annotation>
    <folder></folder>
    <filename>frame_000354</filename>
    <path></path>
    <source>
        <database>Unknown</database>
    </source>
    <size>
        <width>1280</width>
        <height>720</height>
        <depth>3</depth>
    </size>
    <segmented>0</segmented>
    <object>
        <name>head</name>
        <pose>Unspecified</pose>
        <truncated>0</truncated>
        <difficult>0</difficult>
        <bndbox>
            <xmin>578.990234375</xmin>
            <ymin>199.0244140625</ymin>
            <xmax>678.8746093750015</xmax>
            <ymax>311.20351562499854</ymax>
        </bndbox>
    </object>    <object>
        <name>body</name>
        <pose>Unspecified</pose>
        <truncated>0</truncated>
        <difficult>0</difficult>
        <bndbox>
            <xmin>694.1573660714286</xmin>
            <ymin>340.576171875</ymin>
            <xmax>1264.8942920918366</xmax>
            <ymax>714.3726562500015</ymax>
        </bndbox>
    </object>    <object>
        <name>body</name>
        <pose>Unspecified</pose>
        <truncated>0</truncated>
        <difficult>0</difficult>
        <bndbox>
            <xmin>8.599609375</xmin>
            <ymin>325.0107421875</ymin>
            <xmax>511.7703125000007</xmax>
            <ymax>720.0</ymax>
        </bndbox>
    </object>    <object>
        <name>head</name>
        <pose>Unspecified</pose>
        <truncated>0</truncated>
        <difficult>0</difficult>
        <bndbox>
            <xmin>826.898515625</xmin>
            <ymin>56.874296875</ymin>
            <xmax>1141.7899218750008</xmax>
            <ymax>357.0764331054677</ymax>
        </bndbox>
    </object>    <object>
        <name>head</name>
        <pose>Unspecified</pose>
        <truncated>0</truncated>
        <difficult>0</difficult>
        <bndbox>
            <xmin>98.892578125</xmin>
            <ymin>26.279296875</ymin>
            <xmax>382.6548003472253</xmax>
            <ymax>350.5</ymax>
        </bndbox>
    </object>    <object>
        <name>body</name>
        <pose>Unspecified</pose>
        <truncated>0</truncated>
        <difficult>0</difficult>
        <bndbox>
            <xmin>526.23046875</xmin>
            <ymin>298.849609375</ymin>
            <xmax>727.1612594604449</xmax>
            <ymax>483.43721313476635</ymax>
        </bndbox>
    </object>
</annotation>
