<annotation>
    <folder></folder>
    <filename>frame_000398</filename>
    <path></path>
    <source>
        <database>Unknown</database>
    </source>
    <size>
        <width>1280</width>
        <height>720</height>
        <depth>3</depth>
    </size>
    <segmented>0</segmented>
    <object>
        <name>head</name>
        <pose>Unspecified</pose>
        <truncated>0</truncated>
        <difficult>0</difficult>
        <bndbox>
            <xmin>575.158203125</xmin>
            <ymin>224.0244140625</ymin>
            <xmax>675.0425781250015</xmax>
            <ymax>336.20351562499854</ymax>
        </bndbox>
    </object>    <object>
        <name>body</name>
        <pose>Unspecified</pose>
        <truncated>0</truncated>
        <difficult>0</difficult>
        <bndbox>
            <xmin>688.244140625</xmin>
            <ymin>342.3567708333333</ymin>
            <xmax>1262.244140625</xmax>
            <ymax>715.7125000000011</ymax>
        </bndbox>
    </object>    <object>
        <name>body</name>
        <pose>Unspecified</pose>
        <truncated>0</truncated>
        <difficult>0</difficult>
        <bndbox>
            <xmin>23.507582720588236</xmin>
            <ymin>361.8294117647069</ymin>
            <xmax>521.4390931372571</xmax>
            <ymax>703.9778639849494</ymax>
        </bndbox>
    </object>    <object>
        <name>head</name>
        <pose>Unspecified</pose>
        <truncated>0</truncated>
        <difficult>0</difficult>
        <bndbox>
            <xmin>860.5700334821429</xmin>
            <ymin>53.81668526785714</ymin>
            <xmax>1175.4614397321436</xmax>
            <ymax>354.0188214983248</ymax>
        </bndbox>
    </object>    <object>
        <name>head</name>
        <pose>Unspecified</pose>
        <truncated>0</truncated>
        <difficult>0</difficult>
        <bndbox>
            <xmin>169.1708984375</xmin>
            <ymin>66.4794921875</ymin>
            <xmax>446.8708984375007</xmax>
            <ymax>371.66171875000146</ymax>
        </bndbox>
    </object>    <object>
        <name>body</name>
        <pose>Unspecified</pose>
        <truncated>0</truncated>
        <difficult>0</difficult>
        <bndbox>
            <xmin>515.95703125</xmin>
            <ymin>337.7802734375</ymin>
            <xmax>715.9468750000015</xmax>
            <ymax>497.0082275390596</ymax>
        </bndbox>
    </object>
</annotation>
