<annotation>
    <folder></folder>
    <filename>frame_000190</filename>
    <path></path>
    <source>
        <database>Unknown</database>
    </source>
    <size>
        <width>1280</width>
        <height>720</height>
        <depth>3</depth>
    </size>
    <segmented>0</segmented>
    <object>
        <name>head</name>
        <pose>Unspecified</pose>
        <truncated>0</truncated>
        <difficult>0</difficult>
        <bndbox>
            <xmin>589.3359375</xmin>
            <ymin>191.1806640625</ymin>
            <xmax>717.2687499999993</xmax>
            <ymax>325.792977905272</ymax>
        </bndbox>
    </object>    <object>
        <name>body</name>
        <pose>Unspecified</pose>
        <truncated>0</truncated>
        <difficult>0</difficult>
        <bndbox>
            <xmin>666.2406529017857</xmin>
            <ymin>367.04317801339283</ymin>
            <xmax>1240.2406529017858</xmax>
            <ymax>718.4298967633929</ymax>
        </bndbox>
    </object>    <object>
        <name>body</name>
        <pose>Unspecified</pose>
        <truncated>0</truncated>
        <difficult>0</difficult>
        <bndbox>
            <xmin>52.2998046875</xmin>
            <ymin>316.0126953125</ymin>
            <xmax>525.8448350694453</xmax>
            <ymax>708.2797342936174</ymax>
        </bndbox>
    </object>    <object>
        <name>head</name>
        <pose>Unspecified</pose>
        <truncated>0</truncated>
        <difficult>0</difficult>
        <bndbox>
            <xmin>835.224609375</xmin>
            <ymin>48.7158203125</ymin>
            <xmax>1150.1160156250007</xmax>
            <ymax>348.91795654296766</ymax>
        </bndbox>
    </object>    <object>
        <name>head</name>
        <pose>Unspecified</pose>
        <truncated>0</truncated>
        <difficult>0</difficult>
        <bndbox>
            <xmin>141.9052734375</xmin>
            <ymin>60.1103515625</ymin>
            <xmax>403.8144531249982</xmax>
            <ymax>353.96933593749964</ymax>
        </bndbox>
    </object>    <object>
        <name>body</name>
        <pose>Unspecified</pose>
        <truncated>0</truncated>
        <difficult>0</difficult>
        <bndbox>
            <xmin>551.1000000000022</xmin>
            <ymin>312.2001953125</ymin>
            <xmax>720.0519409179688</xmax>
            <ymax>474.01383666992115</ymax>
        </bndbox>
    </object>
</annotation>
