<annotation>
    <folder></folder>
    <filename>frame_000464</filename>
    <path></path>
    <source>
        <database>Unknown</database>
    </source>
    <size>
        <width>1280</width>
        <height>720</height>
        <depth>3</depth>
    </size>
    <segmented>0</segmented>
    <object>
        <name>head</name>
        <pose>Unspecified</pose>
        <truncated>0</truncated>
        <difficult>0</difficult>
        <bndbox>
            <xmin>569.9443359375</xmin>
            <ymin>207.18515625000055</ymin>
            <xmax>679.1853515625007</xmax>
            <ymax>324.0199211120598</ymax>
        </bndbox>
    </object>    <object>
        <name>body</name>
        <pose>Unspecified</pose>
        <truncated>0</truncated>
        <difficult>0</difficult>
        <bndbox>
            <xmin>688.244140625</xmin>
            <ymin>352.0611607142858</ymin>
            <xmax>1262.244140625</xmax>
            <ymax>720.0</ymax>
        </bndbox>
    </object>    <object>
        <name>body</name>
        <pose>Unspecified</pose>
        <truncated>0</truncated>
        <difficult>0</difficult>
        <bndbox>
            <xmin>6.306107954545454</xmin>
            <ymin>360.1671697443182</ymin>
            <xmax>527.1656782670451</xmax>
            <ymax>720.0</ymax>
        </bndbox>
    </object>    <object>
        <name>head</name>
        <pose>Unspecified</pose>
        <truncated>0</truncated>
        <difficult>0</difficult>
        <bndbox>
            <xmin>774.47265625</xmin>
            <ymin>61.35107421875</ymin>
            <xmax>1067.9287560096182</xmax>
            <ymax>352.5029184194732</ymax>
        </bndbox>
    </object>    <object>
        <name>head</name>
        <pose>Unspecified</pose>
        <truncated>0</truncated>
        <difficult>0</difficult>
        <bndbox>
            <xmin>87.703125</xmin>
            <ymin>66.9462890625</ymin>
            <xmax>365.4031250000007</xmax>
            <ymax>372.12851562500146</ymax>
        </bndbox>
    </object>    <object>
        <name>body</name>
        <pose>Unspecified</pose>
        <truncated>0</truncated>
        <difficult>0</difficult>
        <bndbox>
            <xmin>516.970703125</xmin>
            <ymin>325.7515811011905</ymin>
            <xmax>721.8131897832337</xmax>
            <ymax>489.19004906718743</ymax>
        </bndbox>
    </object>
</annotation>
