<annotation>
    <folder></folder>
    <filename>frame_000309</filename>
    <path></path>
    <source>
        <database>Unknown</database>
    </source>
    <size>
        <width>1280</width>
        <height>720</height>
        <depth>3</depth>
    </size>
    <segmented>0</segmented>
    <object>
        <name>head</name>
        <pose>Unspecified</pose>
        <truncated>0</truncated>
        <difficult>0</difficult>
        <bndbox>
            <xmin>581.9521484375</xmin>
            <ymin>208.07763671875</ymin>
            <xmax>681.8365234375015</xmax>
            <ymax>320.25673828124854</ymax>
        </bndbox>
    </object>    <object>
        <name>body</name>
        <pose>Unspecified</pose>
        <truncated>0</truncated>
        <difficult>0</difficult>
        <bndbox>
            <xmin>690.5249720982143</xmin>
            <ymin>357.08705357142856</ymin>
            <xmax>1264.5249720982142</xmax>
            <ymax>717.9902343750006</ymax>
        </bndbox>
    </object>    <object>
        <name>body</name>
        <pose>Unspecified</pose>
        <truncated>0</truncated>
        <difficult>0</difficult>
        <bndbox>
            <xmin>33.10331003289474</xmin>
            <ymin>297.1924342105263</ymin>
            <xmax>538.0394428453956</xmax>
            <ymax>718.8000000000014</ymax>
        </bndbox>
    </object>    <object>
        <name>head</name>
        <pose>Unspecified</pose>
        <truncated>0</truncated>
        <difficult>0</difficult>
        <bndbox>
            <xmin>870.87890625</xmin>
            <ymin>67.0642578125</ymin>
            <xmax>1185.7703125000007</xmax>
            <ymax>367.26639404296765</ymax>
        </bndbox>
    </object>    <object>
        <name>head</name>
        <pose>Unspecified</pose>
        <truncated>0</truncated>
        <difficult>0</difficult>
        <bndbox>
            <xmin>161.228759765625</xmin>
            <ymin>74.3216552734375</ymin>
            <xmax>429.90024414062646</xmax>
            <ymax>368.2544677734386</ymax>
        </bndbox>
    </object>    <object>
        <name>body</name>
        <pose>Unspecified</pose>
        <truncated>0</truncated>
        <difficult>0</difficult>
        <bndbox>
            <xmin>508.513671875</xmin>
            <ymin>317.269921875</ymin>
            <xmax>736.3136718749993</xmax>
            <ymax>515.7382934570284</ymax>
        </bndbox>
    </object>
</annotation>
