<annotation>
    <folder></folder>
    <filename>frame_000451</filename>
    <path></path>
    <source>
        <database>Unknown</database>
    </source>
    <size>
        <width>1280</width>
        <height>720</height>
        <depth>3</depth>
    </size>
    <segmented>0</segmented>
    <object>
        <name>head</name>
        <pose>Unspecified</pose>
        <truncated>0</truncated>
        <difficult>0</difficult>
        <bndbox>
            <xmin>572.168359375</xmin>
            <ymin>211.3138671875</ymin>
            <xmax>672.0527343750015</xmax>
            <ymax>323.49296874999857</ymax>
        </bndbox>
    </object>    <object>
        <name>body</name>
        <pose>Unspecified</pose>
        <truncated>0</truncated>
        <difficult>0</difficult>
        <bndbox>
            <xmin>688.244140625</xmin>
            <ymin>347.0753580729167</ymin>
            <xmax>1262.244140625</xmax>
            <ymax>719.2630859375001</ymax>
        </bndbox>
    </object>    <object>
        <name>body</name>
        <pose>Unspecified</pose>
        <truncated>0</truncated>
        <difficult>0</difficult>
        <bndbox>
            <xmin>1.1082589285714286</xmin>
            <ymin>337.4619140625</ymin>
            <xmax>533.9554203869047</xmax>
            <ymax>713.1428571428571</ymax>
        </bndbox>
    </object>    <object>
        <name>head</name>
        <pose>Unspecified</pose>
        <truncated>0</truncated>
        <difficult>0</difficult>
        <bndbox>
            <xmin>846.517578125</xmin>
            <ymin>57.012369791666664</ymin>
            <xmax>1133.7812560096197</xmax>
            <ymax>345.5496851837931</ymax>
        </bndbox>
    </object>    <object>
        <name>head</name>
        <pose>Unspecified</pose>
        <truncated>0</truncated>
        <difficult>0</difficult>
        <bndbox>
            <xmin>122.8134765625</xmin>
            <ymin>59.20000000000073</ymin>
            <xmax>386.5</xmax>
            <ymax>349.4175720214844</ymax>
        </bndbox>
    </object>    <object>
        <name>body</name>
        <pose>Unspecified</pose>
        <truncated>0</truncated>
        <difficult>0</difficult>
        <bndbox>
            <xmin>514.02578125</xmin>
            <ymin>324.2060546875</ymin>
            <xmax>714.9254955452961</xmax>
            <ymax>484.22348013864104</ymax>
        </bndbox>
    </object>
</annotation>
