<annotation>
    <folder></folder>
    <filename>frame_000160</filename>
    <path></path>
    <source>
        <database>Unknown</database>
    </source>
    <size>
        <width>1280</width>
        <height>720</height>
        <depth>3</depth>
    </size>
    <segmented>0</segmented>
    <object>
        <name>head</name>
        <pose>Unspecified</pose>
        <truncated>0</truncated>
        <difficult>0</difficult>
        <bndbox>
            <xmin>596.2328559027778</xmin>
            <ymin>187.80457899305554</ymin>
            <xmax>724.1656684027771</xmax>
            <ymax>321.66534773084845</ymax>
        </bndbox>
    </object>    <object>
        <name>body</name>
        <pose>Unspecified</pose>
        <truncated>0</truncated>
        <difficult>0</difficult>
        <bndbox>
            <xmin>669.7670998086735</xmin>
            <ymin>368.4070073341837</ymin>
            <xmax>1243.7670998086735</xmax>
            <ymax>720.0</ymax>
        </bndbox>
    </object>    <object>
        <name>body</name>
        <pose>Unspecified</pose>
        <truncated>0</truncated>
        <difficult>0</difficult>
        <bndbox>
            <xmin>13.247938368055555</xmin>
            <ymin>357.15728081597223</ymin>
            <xmax>503.85816695602153</xmax>
            <ymax>717.6463430899154</ymax>
        </bndbox>
    </object>    <object>
        <name>head</name>
        <pose>Unspecified</pose>
        <truncated>0</truncated>
        <difficult>0</difficult>
        <bndbox>
            <xmin>833.5631153681506</xmin>
            <ymin>50.45778039383562</ymin>
            <xmax>1148.4545216181514</xmax>
            <ymax>350.65991662430326</ymax>
        </bndbox>
    </object>    <object>
        <name>head</name>
        <pose>Unspecified</pose>
        <truncated>0</truncated>
        <difficult>0</difficult>
        <bndbox>
            <xmin>141.88193359375</xmin>
            <ymin>69.22626953125</ymin>
            <xmax>403.79111328125</xmax>
            <ymax>363.08525390624965</ymax>
        </bndbox>
    </object>    <object>
        <name>body</name>
        <pose>Unspecified</pose>
        <truncated>0</truncated>
        <difficult>0</difficult>
        <bndbox>
            <xmin>512.6178977272727</xmin>
            <ymin>327.83500532670456</ymin>
            <xmax>740.417897727272</xmax>
            <ymax>506.7083834561429</ymax>
        </bndbox>
    </object>
</annotation>
