<annotation>
    <folder></folder>
    <filename>frame_000431</filename>
    <path></path>
    <source>
        <database>Unknown</database>
    </source>
    <size>
        <width>1280</width>
        <height>720</height>
        <depth>3</depth>
    </size>
    <segmented>0</segmented>
    <object>
        <name>head</name>
        <pose>Unspecified</pose>
        <truncated>0</truncated>
        <difficult>0</difficult>
        <bndbox>
            <xmin>592.728515625</xmin>
            <ymin>201.5927734375</ymin>
            <xmax>692.6128906250015</xmax>
            <ymax>313.77187499999854</ymax>
        </bndbox>
    </object>    <object>
        <name>body</name>
        <pose>Unspecified</pose>
        <truncated>0</truncated>
        <difficult>0</difficult>
        <bndbox>
            <xmin>688.244140625</xmin>
            <ymin>345.2947591145833</ymin>
            <xmax>1262.244140625</xmax>
            <ymax>717.9232421875006</ymax>
        </bndbox>
    </object>    <object>
        <name>body</name>
        <pose>Unspecified</pose>
        <truncated>0</truncated>
        <difficult>0</difficult>
        <bndbox>
            <xmin>25.272194602272727</xmin>
            <ymin>362.3148437500002</ymin>
            <xmax>517.6836529356104</xmax>
            <ymax>708.9442115783684</ymax>
        </bndbox>
    </object>    <object>
        <name>head</name>
        <pose>Unspecified</pose>
        <truncated>0</truncated>
        <difficult>0</difficult>
        <bndbox>
            <xmin>820.8459051724138</xmin>
            <ymin>58.357590247844826</ymin>
            <xmax>1135.7373114224145</xmax>
            <ymax>358.5597264783125</ymax>
        </bndbox>
    </object>    <object>
        <name>head</name>
        <pose>Unspecified</pose>
        <truncated>0</truncated>
        <difficult>0</difficult>
        <bndbox>
            <xmin>87.14501953125</xmin>
            <ymin>50.47607421875</ymin>
            <xmax>409.2584960937502</xmax>
            <ymax>376.6788055419929</ymax>
        </bndbox>
    </object>    <object>
        <name>body</name>
        <pose>Unspecified</pose>
        <truncated>0</truncated>
        <difficult>0</difficult>
        <bndbox>
            <xmin>526.687734375</xmin>
            <ymin>307.8577734375</ymin>
            <xmax>726.6775781250014</xmax>
            <ymax>477.519116018192</ymax>
        </bndbox>
    </object>
</annotation>
