<annotation>
    <folder></folder>
    <filename>frame_000489</filename>
    <path></path>
    <source>
        <database>Unknown</database>
    </source>
    <size>
        <width>1280</width>
        <height>720</height>
        <depth>3</depth>
    </size>
    <segmented>0</segmented>
    <object>
        <name>head</name>
        <pose>Unspecified</pose>
        <truncated>0</truncated>
        <difficult>0</difficult>
        <bndbox>
            <xmin>563.9172794117648</xmin>
            <ymin>220.8798828125</ymin>
            <xmax>679.4399816176481</xmax>
            <ymax>330.29404781565825</ymax>
        </bndbox>
    </object>    <object>
        <name>body</name>
        <pose>Unspecified</pose>
        <truncated>0</truncated>
        <difficult>0</difficult>
        <bndbox>
            <xmin>681.2349917763158</xmin>
            <ymin>363.95031866776327</ymin>
            <xmax>1257.7673725328948</xmax>
            <ymax>711.7210526315799</ymax>
        </bndbox>
    </object>    <object>
        <name>body</name>
        <pose>Unspecified</pose>
        <truncated>0</truncated>
        <difficult>0</difficult>
        <bndbox>
            <xmin>16.30287388392857</xmin>
            <ymin>353.30789620535717</ymin>
            <xmax>514.1093843005926</xmax>
            <ymax>720.0</ymax>
        </bndbox>
    </object>    <object>
        <name>head</name>
        <pose>Unspecified</pose>
        <truncated>0</truncated>
        <difficult>0</difficult>
        <bndbox>
            <xmin>801.9274259868421</xmin>
            <ymin>69.10778166118422</ymin>
            <xmax>1107.2920293522275</xmax>
            <ymax>365.28756587843066</ymax>
        </bndbox>
    </object>    <object>
        <name>head</name>
        <pose>Unspecified</pose>
        <truncated>0</truncated>
        <difficult>0</difficult>
        <bndbox>
            <xmin>185.75598958333407</xmin>
            <ymin>77.1254557291674</ymin>
            <xmax>437.01821395210635</xmax>
            <ymax>380.12588430211207</ymax>
        </bndbox>
    </object>    <object>
        <name>body</name>
        <pose>Unspecified</pose>
        <truncated>0</truncated>
        <difficult>0</difficult>
        <bndbox>
            <xmin>520.3966064453125</xmin>
            <ymin>318.6214904785156</ymin>
            <xmax>732.8213476476539</xmax>
            <ymax>488.63888635769604</ymax>
        </bndbox>
    </object>
</annotation>
