<annotation>
    <folder></folder>
    <filename>frame_000252</filename>
    <path></path>
    <source>
        <database>Unknown</database>
    </source>
    <size>
        <width>1280</width>
        <height>720</height>
        <depth>3</depth>
    </size>
    <segmented>0</segmented>
    <object>
        <name>head</name>
        <pose>Unspecified</pose>
        <truncated>0</truncated>
        <difficult>0</difficult>
        <bndbox>
            <xmin>616.24609375</xmin>
            <ymin>208.720703125</ymin>
            <xmax>743.2000000000007</xmax>
            <ymax>320.89980468749854</ymax>
        </bndbox>
    </object>    <object>
        <name>body</name>
        <pose>Unspecified</pose>
        <truncated>0</truncated>
        <difficult>0</difficult>
        <bndbox>
            <xmin>701.513671875</xmin>
            <ymin>351.32870501893944</ymin>
            <xmax>1275.513671875</xmax>
            <ymax>709.9570158617443</ymax>
        </bndbox>
    </object>    <object>
        <name>body</name>
        <pose>Unspecified</pose>
        <truncated>0</truncated>
        <difficult>0</difficult>
        <bndbox>
            <xmin>27.725524902344432</xmin>
            <ymin>361.0875000000001</ymin>
            <xmax>524.7884895324707</xmax>
            <ymax>702.0081539154053</ymax>
        </bndbox>
    </object>    <object>
        <name>head</name>
        <pose>Unspecified</pose>
        <truncated>0</truncated>
        <difficult>0</difficult>
        <bndbox>
            <xmin>838.1401909722222</xmin>
            <ymin>55.8896484375</ymin>
            <xmax>1153.031597222223</xmax>
            <ymax>356.09178466796766</ymax>
        </bndbox>
    </object>    <object>
        <name>head</name>
        <pose>Unspecified</pose>
        <truncated>0</truncated>
        <difficult>0</difficult>
        <bndbox>
            <xmin>200.343505859375</xmin>
            <ymin>92.593017578125</ymin>
            <xmax>453.0967382812519</xmax>
            <ymax>363.67008728027304</ymax>
        </bndbox>
    </object>    <object>
        <name>body</name>
        <pose>Unspecified</pose>
        <truncated>0</truncated>
        <difficult>0</difficult>
        <bndbox>
            <xmin>512.1605068108975</xmin>
            <ymin>324.8343098958333</ymin>
            <xmax>732.1711438301276</xmax>
            <ymax>519.4716784354943</ymax>
        </bndbox>
    </object>
</annotation>
