<annotation>
    <folder></folder>
    <filename>frame_000091</filename>
    <path></path>
    <source>
        <database>Unknown</database>
    </source>
    <size>
        <width>1280</width>
        <height>720</height>
        <depth>3</depth>
    </size>
    <segmented>0</segmented>
    <object>
        <name>head</name>
        <pose>Unspecified</pose>
        <truncated>0</truncated>
        <difficult>0</difficult>
        <bndbox>
            <xmin>578.7548828125</xmin>
            <ymin>186.824951171875</ymin>
            <xmax>684.2087890625007</xmax>
            <ymax>320.3636291503899</ymax>
        </bndbox>
    </object>    <object>
        <name>body</name>
        <pose>Unspecified</pose>
        <truncated>0</truncated>
        <difficult>0</difficult>
        <bndbox>
            <xmin>686.0874920280612</xmin>
            <ymin>367.8798628826531</ymin>
            <xmax>1260.0874920280612</xmax>
            <ymax>720.0</ymax>
        </bndbox>
    </object>    <object>
        <name>body</name>
        <pose>Unspecified</pose>
        <truncated>0</truncated>
        <difficult>0</difficult>
        <bndbox>
            <xmin>2.889174952651515</xmin>
            <ymin>333.7130089962121</ymin>
            <xmax>560.1335641571977</xmax>
            <ymax>715.9303030303041</ymax>
        </bndbox>
    </object>    <object>
        <name>head</name>
        <pose>Unspecified</pose>
        <truncated>0</truncated>
        <difficult>0</difficult>
        <bndbox>
            <xmin>829.7416791523973</xmin>
            <ymin>54.464288580907535</ymin>
            <xmax>1144.633085402398</xmax>
            <ymax>354.6664248113752</ymax>
        </bndbox>
    </object>    <object>
        <name>head</name>
        <pose>Unspecified</pose>
        <truncated>0</truncated>
        <difficult>0</difficult>
        <bndbox>
            <xmin>161.53064903846155</xmin>
            <ymin>62.03297776442308</ymin>
            <xmax>423.43982872596155</xmax>
            <ymax>355.89196213942273</ymax>
        </bndbox>
    </object>    <object>
        <name>body</name>
        <pose>Unspecified</pose>
        <truncated>0</truncated>
        <difficult>0</difficult>
        <bndbox>
            <xmin>510.95228794642856</xmin>
            <ymin>319.58544921875</ymin>
            <xmax>738.7522879464278</xmax>
            <ymax>501.5124378132402</ymax>
        </bndbox>
    </object>
</annotation>
