<annotation>
    <folder></folder>
    <filename>frame_000245</filename>
    <path></path>
    <source>
        <database>Unknown</database>
    </source>
    <size>
        <width>1280</width>
        <height>720</height>
        <depth>3</depth>
    </size>
    <segmented>0</segmented>
    <object>
        <name>head</name>
        <pose>Unspecified</pose>
        <truncated>0</truncated>
        <difficult>0</difficult>
        <bndbox>
            <xmin>547.7708333333334</xmin>
            <ymin>205.8154296875</ymin>
            <xmax>653.2648958333351</xmax>
            <ymax>322.4811737060542</ymax>
        </bndbox>
    </object>    <object>
        <name>body</name>
        <pose>Unspecified</pose>
        <truncated>0</truncated>
        <difficult>0</difficult>
        <bndbox>
            <xmin>701.513671875</xmin>
            <ymin>353.7469429347826</ymin>
            <xmax>1275.513671875</xmax>
            <ymax>711.8565913722841</ymax>
        </bndbox>
    </object>    <object>
        <name>body</name>
        <pose>Unspecified</pose>
        <truncated>0</truncated>
        <difficult>0</difficult>
        <bndbox>
            <xmin>17.404199218750364</xmin>
            <ymin>344.2000000000007</ymin>
            <xmax>528.7138610839847</xmax>
            <ymax>705.1482391357422</ymax>
        </bndbox>
    </object>    <object>
        <name>head</name>
        <pose>Unspecified</pose>
        <truncated>0</truncated>
        <difficult>0</difficult>
        <bndbox>
            <xmin>838.2717524509804</xmin>
            <ymin>55.831399356617645</ymin>
            <xmax>1153.163158700981</xmax>
            <ymax>356.0335355870853</ymax>
        </bndbox>
    </object>    <object>
        <name>head</name>
        <pose>Unspecified</pose>
        <truncated>0</truncated>
        <difficult>0</difficult>
        <bndbox>
            <xmin>173.07454427083334</xmin>
            <ymin>95.43630642361111</ymin>
            <xmax>409.14153645833477</xmax>
            <ymax>347.81169094509437</ymax>
        </bndbox>
    </object>    <object>
        <name>body</name>
        <pose>Unspecified</pose>
        <truncated>0</truncated>
        <difficult>0</difficult>
        <bndbox>
            <xmin>506.49609375</xmin>
            <ymin>323.1015625</ymin>
            <xmax>734.2960937499993</xmax>
            <ymax>521.5699340820283</ymax>
        </bndbox>
    </object>
</annotation>
