<annotation>
    <folder></folder>
    <filename>frame_000210</filename>
    <path></path>
    <source>
        <database>Unknown</database>
    </source>
    <size>
        <width>1280</width>
        <height>720</height>
        <depth>3</depth>
    </size>
    <segmented>0</segmented>
    <object>
        <name>head</name>
        <pose>Unspecified</pose>
        <truncated>0</truncated>
        <difficult>0</difficult>
        <bndbox>
            <xmin>567.49560546875</xmin>
            <ymin>180.8662109375</ymin>
            <xmax>695.4284179687493</xmax>
            <ymax>315.478524780272</ymax>
        </bndbox>
    </object>    <object>
        <name>body</name>
        <pose>Unspecified</pose>
        <truncated>0</truncated>
        <difficult>0</difficult>
        <bndbox>
            <xmin>685.3067157451923</xmin>
            <ymin>363.0463115985577</ymin>
            <xmax>1259.3067157451924</xmax>
            <ymax>714.4330303485577</ymax>
        </bndbox>
    </object>    <object>
        <name>body</name>
        <pose>Unspecified</pose>
        <truncated>0</truncated>
        <difficult>0</difficult>
        <bndbox>
            <xmin>4.961388221153846</xmin>
            <ymin>344.85058593750057</ymin>
            <xmax>532.5529897836545</xmax>
            <ymax>707.3736083984381</ymax>
        </bndbox>
    </object>    <object>
        <name>head</name>
        <pose>Unspecified</pose>
        <truncated>0</truncated>
        <difficult>0</difficult>
        <bndbox>
            <xmin>836.3322227328431</xmin>
            <ymin>57.727366727941174</ymin>
            <xmax>1151.2236289828438</xmax>
            <ymax>357.9295029584088</ymax>
        </bndbox>
    </object>    <object>
        <name>head</name>
        <pose>Unspecified</pose>
        <truncated>0</truncated>
        <difficult>0</difficult>
        <bndbox>
            <xmin>153.1813534007353</xmin>
            <ymin>73.45151654411765</ymin>
            <xmax>415.0905330882353</xmax>
            <ymax>367.31050091911726</ymax>
        </bndbox>
    </object>    <object>
        <name>body</name>
        <pose>Unspecified</pose>
        <truncated>0</truncated>
        <difficult>0</difficult>
        <bndbox>
            <xmin>506.4873798076923</xmin>
            <ymin>308.6581280048077</ymin>
            <xmax>734.2873798076915</xmax>
            <ymax>507.126499586836</ymax>
        </bndbox>
    </object>
</annotation>
