<annotation>
    <folder></folder>
    <filename>frame_000543</filename>
    <path></path>
    <source>
        <database>Unknown</database>
    </source>
    <size>
        <width>1280</width>
        <height>720</height>
        <depth>3</depth>
    </size>
    <segmented>0</segmented>
    <object>
        <name>head</name>
        <pose>Unspecified</pose>
        <truncated>0</truncated>
        <difficult>0</difficult>
        <bndbox>
            <xmin>553.6171875</xmin>
            <ymin>204.875</ymin>
            <xmax>697.9125045776345</xmax>
            <ymax>317.05410156249854</ymax>
        </bndbox>
    </object>    <object>
        <name>body</name>
        <pose>Unspecified</pose>
        <truncated>0</truncated>
        <difficult>0</difficult>
        <bndbox>
            <xmin>711.599609375</xmin>
            <ymin>348.048828125</ymin>
            <xmax>1279.0660156249978</xmax>
            <ymax>707.0</ymax>
        </bndbox>
    </object>    <object>
        <name>body</name>
        <pose>Unspecified</pose>
        <truncated>0</truncated>
        <difficult>0</difficult>
        <bndbox>
            <xmin>42.9921875</xmin>
            <ymin>348.3845052083343</ymin>
            <xmax>494.85208333333503</xmax>
            <ymax>720.0</ymax>
        </bndbox>
    </object>    <object>
        <name>head</name>
        <pose>Unspecified</pose>
        <truncated>0</truncated>
        <difficult>0</difficult>
        <bndbox>
            <xmin>838.161328125</xmin>
            <ymin>44.204427083333336</ymin>
            <xmax>1153.0527343750007</xmax>
            <ymax>344.406563313801</ymax>
        </bndbox>
    </object>    <object>
        <name>head</name>
        <pose>Unspecified</pose>
        <truncated>0</truncated>
        <difficult>0</difficult>
        <bndbox>
            <xmin>159.8310546875</xmin>
            <ymin>53.38037109375</ymin>
            <xmax>430.5046223958343</xmax>
            <ymax>346.63239868164055</ymax>
        </bndbox>
    </object>    <object>
        <name>body</name>
        <pose>Unspecified</pose>
        <truncated>0</truncated>
        <difficult>0</difficult>
        <bndbox>
            <xmin>501.28268229166616</xmin>
            <ymin>321.01028645833384</ymin>
            <xmax>728.094404093424</xmax>
            <ymax>524.7047526041666</ymax>
        </bndbox>
    </object>
</annotation>
