<annotation>
    <folder></folder>
    <filename>frame_000134</filename>
    <path></path>
    <source>
        <database>Unknown</database>
    </source>
    <size>
        <width>1280</width>
        <height>720</height>
        <depth>3</depth>
    </size>
    <segmented>0</segmented>
    <object>
        <name>head</name>
        <pose>Unspecified</pose>
        <truncated>0</truncated>
        <difficult>0</difficult>
        <bndbox>
            <xmin>592.232421875</xmin>
            <ymin>190.095703125</ymin>
            <xmax>711.5483203124991</xmax>
            <ymax>323.6343811035149</ymax>
        </bndbox>
    </object>    <object>
        <name>body</name>
        <pose>Unspecified</pose>
        <truncated>0</truncated>
        <difficult>0</difficult>
        <bndbox>
            <xmin>675.9168128188776</xmin>
            <ymin>368.2083731930272</ymin>
            <xmax>1249.9168128188776</xmax>
            <ymax>720.0</ymax>
        </bndbox>
    </object>    <object>
        <name>body</name>
        <pose>Unspecified</pose>
        <truncated>0</truncated>
        <difficult>0</difficult>
        <bndbox>
            <xmin>17.474072265625</xmin>
            <ymin>387.26591796875</ymin>
            <xmax>525.2651367187542</xmax>
            <ymax>719.61</ymax>
        </bndbox>
    </object>    <object>
        <name>head</name>
        <pose>Unspecified</pose>
        <truncated>0</truncated>
        <difficult>0</difficult>
        <bndbox>
            <xmin>832.123153895548</xmin>
            <ymin>51.96747913099315</ymin>
            <xmax>1147.0145601455488</xmax>
            <ymax>352.1696153614608</ymax>
        </bndbox>
    </object>    <object>
        <name>head</name>
        <pose>Unspecified</pose>
        <truncated>0</truncated>
        <difficult>0</difficult>
        <bndbox>
            <xmin>135.06654575892858</xmin>
            <ymin>91.23688616071428</ymin>
            <xmax>396.97572544642856</xmax>
            <ymax>385.09587053571573</ymax>
        </bndbox>
    </object>    <object>
        <name>body</name>
        <pose>Unspecified</pose>
        <truncated>0</truncated>
        <difficult>0</difficult>
        <bndbox>
            <xmin>511.67115542763156</xmin>
            <ymin>313.88682154605266</ymin>
            <xmax>739.4711554276308</xmax>
            <ymax>493.39895081960475</ymax>
        </bndbox>
    </object>
</annotation>
