<annotation>
    <folder></folder>
    <filename>frame_000042</filename>
    <path></path>
    <source>
        <database>Unknown</database>
    </source>
    <size>
        <width>1280</width>
        <height>720</height>
        <depth>3</depth>
    </size>
    <segmented>0</segmented>
    <object>
        <name>head</name>
        <pose>Unspecified</pose>
        <truncated>0</truncated>
        <difficult>0</difficult>
        <bndbox>
            <xmin>598.78359375</xmin>
            <ymin>189.203125</ymin>
            <xmax>704.2375000000008</xmax>
            <ymax>322.7418029785149</ymax>
        </bndbox>
    </object>    <object>
        <name>body</name>
        <pose>Unspecified</pose>
        <truncated>0</truncated>
        <difficult>0</difficult>
        <bndbox>
            <xmin>697.6773357780612</xmin>
            <ymin>367.5055139243197</ymin>
            <xmax>1271.6773357780612</xmax>
            <ymax>720.0</ymax>
        </bndbox>
    </object>    <object>
        <name>body</name>
        <pose>Unspecified</pose>
        <truncated>0</truncated>
        <difficult>0</difficult>
        <bndbox>
            <xmin>6.152678571428572</xmin>
            <ymin>356.2791015625</ymin>
            <xmax>597.1348214285722</xmax>
            <ymax>708.7148214285728</ymax>
        </bndbox>
    </object>    <object>
        <name>head</name>
        <pose>Unspecified</pose>
        <truncated>0</truncated>
        <difficult>0</difficult>
        <bndbox>
            <xmin>836.559765625</xmin>
            <ymin>58.090625</ymin>
            <xmax>1151.4511718750007</xmax>
            <ymax>358.29276123046765</ymax>
        </bndbox>
    </object>    <object>
        <name>head</name>
        <pose>Unspecified</pose>
        <truncated>0</truncated>
        <difficult>0</difficult>
        <bndbox>
            <xmin>168.2376953125</xmin>
            <ymin>67.5443359375</ymin>
            <xmax>430.146875</xmax>
            <ymax>361.40332031249966</ymax>
        </bndbox>
    </object>    <object>
        <name>body</name>
        <pose>Unspecified</pose>
        <truncated>0</truncated>
        <difficult>0</difficult>
        <bndbox>
            <xmin>509.77904647435895</xmin>
            <ymin>328.4870793269231</ymin>
            <xmax>737.5790464743583</xmax>
            <ymax>492.18709153395434</ymax>
        </bndbox>
    </object>
</annotation>
