<annotation>
    <folder></folder>
    <filename>frame_000030</filename>
    <path></path>
    <source>
        <database>Unknown</database>
    </source>
    <size>
        <width>1280</width>
        <height>720</height>
        <depth>3</depth>
    </size>
    <segmented>0</segmented>
    <object>
        <name>head</name>
        <pose>Unspecified</pose>
        <truncated>0</truncated>
        <difficult>0</difficult>
        <bndbox>
            <xmin>583.306640625</xmin>
            <ymin>197.278515625</ymin>
            <xmax>688.7605468750007</xmax>
            <ymax>330.8171936035149</ymax>
        </bndbox>
    </object>    <object>
        <name>body</name>
        <pose>Unspecified</pose>
        <truncated>0</truncated>
        <difficult>0</difficult>
        <bndbox>
            <xmin>727.6744791666666</xmin>
            <ymin>323.75</ymin>
            <xmax>1280.0</xmax>
            <ymax>689.716796875</ymax>
        </bndbox>
    </object>    <object>
        <name>body</name>
        <pose>Unspecified</pose>
        <truncated>0</truncated>
        <difficult>0</difficult>
        <bndbox>
            <xmin>1.682373046875</xmin>
            <ymin>357.968505859375</ymin>
            <xmax>599.9097167968757</xmax>
            <ymax>709.3392089843765</ymax>
        </bndbox>
    </object>    <object>
        <name>head</name>
        <pose>Unspecified</pose>
        <truncated>0</truncated>
        <difficult>0</difficult>
        <bndbox>
            <xmin>919.1044921875</xmin>
            <ymin>15.6943359375</ymin>
            <xmax>1233.9958984375007</xmax>
            <ymax>315.89647216796766</ymax>
        </bndbox>
    </object>    <object>
        <name>head</name>
        <pose>Unspecified</pose>
        <truncated>0</truncated>
        <difficult>0</difficult>
        <bndbox>
            <xmin>134.5908203125</xmin>
            <ymin>6.32421875</ymin>
            <xmax>396.5</xmax>
            <ymax>354.0</ymax>
        </bndbox>
    </object>    <object>
        <name>body</name>
        <pose>Unspecified</pose>
        <truncated>0</truncated>
        <difficult>0</difficult>
        <bndbox>
            <xmin>512.5398637820513</xmin>
            <ymin>330.21243990384613</ymin>
            <xmax>740.3398637820505</xmax>
            <ymax>493.9124521108774</ymax>
        </bndbox>
    </object>
</annotation>
