<annotation>
    <folder></folder>
    <filename>frame_000373</filename>
    <path></path>
    <source>
        <database>Unknown</database>
    </source>
    <size>
        <width>1280</width>
        <height>720</height>
        <depth>3</depth>
    </size>
    <segmented>0</segmented>
    <object>
        <name>head</name>
        <pose>Unspecified</pose>
        <truncated>0</truncated>
        <difficult>0</difficult>
        <bndbox>
            <xmin>501.931640625</xmin>
            <ymin>214.4365234375</ymin>
            <xmax>601.8160156250015</xmax>
            <ymax>326.61562499999854</ymax>
        </bndbox>
    </object>    <object>
        <name>body</name>
        <pose>Unspecified</pose>
        <truncated>0</truncated>
        <difficult>0</difficult>
        <bndbox>
            <xmin>709.4994419642857</xmin>
            <ymin>340.576171875</ymin>
            <xmax>1277.940130739796</xmax>
            <ymax>714.3726562500015</ymax>
        </bndbox>
    </object>    <object>
        <name>body</name>
        <pose>Unspecified</pose>
        <truncated>0</truncated>
        <difficult>0</difficult>
        <bndbox>
            <xmin>26.370256696428573</xmin>
            <ymin>345.96185825892877</ymin>
            <xmax>509.264397321429</xmax>
            <ymax>708.6733877999432</ymax>
        </bndbox>
    </object>    <object>
        <name>head</name>
        <pose>Unspecified</pose>
        <truncated>0</truncated>
        <difficult>0</difficult>
        <bndbox>
            <xmin>883.8623046875</xmin>
            <ymin>49.421712239583336</ymin>
            <xmax>1198.7537109375007</xmax>
            <ymax>349.623848470051</ymax>
        </bndbox>
    </object>    <object>
        <name>head</name>
        <pose>Unspecified</pose>
        <truncated>0</truncated>
        <difficult>0</difficult>
        <bndbox>
            <xmin>72.2626953125</xmin>
            <ymin>53.018229166666664</ymin>
            <xmax>341.72441406249953</xmax>
            <ymax>339.78876597086736</ymax>
        </bndbox>
    </object>    <object>
        <name>body</name>
        <pose>Unspecified</pose>
        <truncated>0</truncated>
        <difficult>0</difficult>
        <bndbox>
            <xmin>492.34375</xmin>
            <ymin>336.3642578125</ymin>
            <xmax>692.294121671981</xmax>
            <ymax>503.0856369821631</ymax>
        </bndbox>
    </object>
</annotation>
