<annotation>
    <folder></folder>
    <filename>frame_000075</filename>
    <path></path>
    <source>
        <database>Unknown</database>
    </source>
    <size>
        <width>1280</width>
        <height>720</height>
        <depth>3</depth>
    </size>
    <segmented>0</segmented>
    <object>
        <name>head</name>
        <pose>Unspecified</pose>
        <truncated>0</truncated>
        <difficult>0</difficult>
        <bndbox>
            <xmin>591.853515625</xmin>
            <ymin>189.6923828125</ymin>
            <xmax>697.3074218750007</xmax>
            <ymax>323.2310607910149</ymax>
        </bndbox>
    </object>    <object>
        <name>body</name>
        <pose>Unspecified</pose>
        <truncated>0</truncated>
        <difficult>0</difficult>
        <bndbox>
            <xmin>689.8719308035714</xmin>
            <ymin>367.75762648809524</ymin>
            <xmax>1263.8719308035713</xmax>
            <ymax>720.0</ymax>
        </bndbox>
    </object>    <object>
        <name>body</name>
        <pose>Unspecified</pose>
        <truncated>0</truncated>
        <difficult>0</difficult>
        <bndbox>
            <xmin>0.1699514678030303</xmin>
            <ymin>354.88109611742425</ymin>
            <xmax>516.4313861268947</xmax>
            <ymax>719.7606060606062</ymax>
        </bndbox>
    </object>    <object>
        <name>head</name>
        <pose>Unspecified</pose>
        <truncated>0</truncated>
        <difficult>0</difficult>
        <bndbox>
            <xmin>828.8555490154109</xmin>
            <ymin>55.393333957619866</ymin>
            <xmax>1143.7469552654118</xmax>
            <ymax>355.5954701880875</ymax>
        </bndbox>
    </object>    <object>
        <name>head</name>
        <pose>Unspecified</pose>
        <truncated>0</truncated>
        <difficult>0</difficult>
        <bndbox>
            <xmin>121.03986150568181</xmin>
            <ymin>65.97310014204545</ymin>
            <xmax>382.9490411931818</xmax>
            <ymax>359.8320845170451</ymax>
        </bndbox>
    </object>    <object>
        <name>body</name>
        <pose>Unspecified</pose>
        <truncated>0</truncated>
        <difficult>0</difficult>
        <bndbox>
            <xmin>514.515625</xmin>
            <ymin>316.7783203125</ymin>
            <xmax>742.3156249999993</xmax>
            <ymax>502.0963742813992</ymax>
        </bndbox>
    </object>
</annotation>
