<annotation>
    <folder></folder>
    <filename>frame_000021</filename>
    <path></path>
    <source>
        <database>Unknown</database>
    </source>
    <size>
        <width>1280</width>
        <height>720</height>
        <depth>3</depth>
    </size>
    <segmented>0</segmented>
    <object>
        <name>head</name>
        <pose>Unspecified</pose>
        <truncated>0</truncated>
        <difficult>0</difficult>
        <bndbox>
            <xmin>525.43359375</xmin>
            <ymin>201.5458984375</ymin>
            <xmax>630.8820312499993</xmax>
            <ymax>340.6859497070309</ymax>
        </bndbox>
    </object>    <object>
        <name>body</name>
        <pose>Unspecified</pose>
        <truncated>0</truncated>
        <difficult>0</difficult>
        <bndbox>
            <xmin>710.47265625</xmin>
            <ymin>346.181640625</ymin>
            <xmax>1258.7000000000007</xmax>
            <ymax>712.1484375</ymax>
        </bndbox>
    </object>    <object>
        <name>body</name>
        <pose>Unspecified</pose>
        <truncated>0</truncated>
        <difficult>0</difficult>
        <bndbox>
            <xmin>8.333984375</xmin>
            <ymin>369.40000000000026</ymin>
            <xmax>579.5519531249993</xmax>
            <ymax>719.9998779296875</ymax>
        </bndbox>
    </object>    <object>
        <name>head</name>
        <pose>Unspecified</pose>
        <truncated>0</truncated>
        <difficult>0</difficult>
        <bndbox>
            <xmin>895.552734375</xmin>
            <ymin>79.623046875</ymin>
            <xmax>1210.4441406250007</xmax>
            <ymax>379.82518310546766</ymax>
        </bndbox>
    </object>    <object>
        <name>head</name>
        <pose>Unspecified</pose>
        <truncated>0</truncated>
        <difficult>0</difficult>
        <bndbox>
            <xmin>233.2880859375</xmin>
            <ymin>93.8056640625</ymin>
            <xmax>480.53378906250146</xmax>
            <ymax>384.3091674804673</ymax>
        </bndbox>
    </object>    <object>
        <name>body</name>
        <pose>Unspecified</pose>
        <truncated>0</truncated>
        <difficult>0</difficult>
        <bndbox>
            <xmin>545.513671875</xmin>
            <ymin>330.50439453125</ymin>
            <xmax>722.8500000000004</xmax>
            <ymax>533.4884674072273</ymax>
        </bndbox>
    </object>
</annotation>
