<annotation>
    <folder></folder>
    <filename>frame_000267</filename>
    <path></path>
    <source>
        <database>Unknown</database>
    </source>
    <size>
        <width>1280</width>
        <height>720</height>
        <depth>3</depth>
    </size>
    <segmented>0</segmented>
    <object>
        <name>head</name>
        <pose>Unspecified</pose>
        <truncated>0</truncated>
        <difficult>0</difficult>
        <bndbox>
            <xmin>585.3123497596154</xmin>
            <ymin>214.46426782852564</ymin>
            <xmax>685.1967247596168</xmax>
            <ymax>326.6433693910242</ymax>
        </bndbox>
    </object>    <object>
        <name>body</name>
        <pose>Unspecified</pose>
        <truncated>0</truncated>
        <difficult>0</difficult>
        <bndbox>
            <xmin>701.513671875</xmin>
            <ymin>359.4922348484852</ymin>
            <xmax>1275.513671875</xmax>
            <ymax>708.0044102154366</ymax>
        </bndbox>
    </object>    <object>
        <name>body</name>
        <pose>Unspecified</pose>
        <truncated>0</truncated>
        <difficult>0</difficult>
        <bndbox>
            <xmin>8.97265625</xmin>
            <ymin>366.3984375</ymin>
            <xmax>530.9568359375007</xmax>
            <ymax>720.0</ymax>
        </bndbox>
    </object>    <object>
        <name>head</name>
        <pose>Unspecified</pose>
        <truncated>0</truncated>
        <difficult>0</difficult>
        <bndbox>
            <xmin>835.0754123263889</xmin>
            <ymin>58.35791015625</ymin>
            <xmax>1149.9668185763896</xmax>
            <ymax>358.56004638671766</ymax>
        </bndbox>
    </object>    <object>
        <name>head</name>
        <pose>Unspecified</pose>
        <truncated>0</truncated>
        <difficult>0</difficult>
        <bndbox>
            <xmin>215.34375</xmin>
            <ymin>88.162109375</ymin>
            <xmax>479.5402343750029</xmax>
            <ymax>364.1328125</ymax>
        </bndbox>
    </object>    <object>
        <name>body</name>
        <pose>Unspecified</pose>
        <truncated>0</truncated>
        <difficult>0</difficult>
        <bndbox>
            <xmin>519.7318709935897</xmin>
            <ymin>321.2845052083333</ymin>
            <xmax>716.3744190705124</xmax>
            <ymax>504.428864620892</ymax>
        </bndbox>
    </object>
</annotation>
