<annotation>
    <folder></folder>
    <filename>frame_000048</filename>
    <path></path>
    <source>
        <database>Unknown</database>
    </source>
    <size>
        <width>1280</width>
        <height>720</height>
        <depth>3</depth>
    </size>
    <segmented>0</segmented>
    <object>
        <name>head</name>
        <pose>Unspecified</pose>
        <truncated>0</truncated>
        <difficult>0</difficult>
        <bndbox>
            <xmin>597.9341145833333</xmin>
            <ymin>191.44635416666668</ymin>
            <xmax>703.388020833334</xmax>
            <ymax>324.98503214518155</ymax>
        </bndbox>
    </object>    <object>
        <name>body</name>
        <pose>Unspecified</pose>
        <truncated>0</truncated>
        <difficult>0</difficult>
        <bndbox>
            <xmin>696.2581712372449</xmin>
            <ymin>367.5513525722789</ymin>
            <xmax>1270.2581712372448</xmax>
            <ymax>720.0</ymax>
        </bndbox>
    </object>    <object>
        <name>body</name>
        <pose>Unspecified</pose>
        <truncated>0</truncated>
        <difficult>0</difficult>
        <bndbox>
            <xmin>4.999051339285714</xmin>
            <ymin>356.2650390625</ymin>
            <xmax>581.490792410715</xmax>
            <ymax>710.8307924107154</ymax>
        </bndbox>
    </object>    <object>
        <name>head</name>
        <pose>Unspecified</pose>
        <truncated>0</truncated>
        <difficult>0</difficult>
        <bndbox>
            <xmin>827.3602044092465</xmin>
            <ymin>56.961098030821915</ymin>
            <xmax>1142.2516106592473</xmax>
            <ymax>357.1632342612896</ymax>
        </bndbox>
    </object>    <object>
        <name>head</name>
        <pose>Unspecified</pose>
        <truncated>0</truncated>
        <difficult>0</difficult>
        <bndbox>
            <xmin>157.5205078125</xmin>
            <ymin>65.00206163194444</ymin>
            <xmax>419.4296875</xmax>
            <ymax>358.8610460069441</ymax>
        </bndbox>
    </object>    <object>
        <name>body</name>
        <pose>Unspecified</pose>
        <truncated>0</truncated>
        <difficult>0</difficult>
        <bndbox>
            <xmin>508.3986378205128</xmin>
            <ymin>327.62439903846155</ymin>
            <xmax>736.1986378205121</xmax>
            <ymax>491.3244112454928</ymax>
        </bndbox>
    </object>
</annotation>
