<annotation>
    <folder></folder>
    <filename>frame_000123</filename>
    <path></path>
    <source>
        <database>Unknown</database>
    </source>
    <size>
        <width>1280</width>
        <height>720</height>
        <depth>3</depth>
    </size>
    <segmented>0</segmented>
    <object>
        <name>head</name>
        <pose>Unspecified</pose>
        <truncated>0</truncated>
        <difficult>0</difficult>
        <bndbox>
            <xmin>626.03515625</xmin>
            <ymin>176.8935546875</ymin>
            <xmax>741.2299218750013</xmax>
            <ymax>310.4322326660149</ymax>
        </bndbox>
    </object>    <object>
        <name>body</name>
        <pose>Unspecified</pose>
        <truncated>0</truncated>
        <difficult>0</difficult>
        <bndbox>
            <xmin>678.5186144770408</xmin>
            <ymin>368.12433567176873</ymin>
            <xmax>1252.5186144770407</xmax>
            <ymax>720.0</ymax>
        </bndbox>
    </object>    <object>
        <name>body</name>
        <pose>Unspecified</pose>
        <truncated>0</truncated>
        <difficult>0</difficult>
        <bndbox>
            <xmin>19.262109375</xmin>
            <ymin>374.636328125</ymin>
            <xmax>524.0695312500022</xmax>
            <ymax>715.3200000000004</ymax>
        </bndbox>
    </object>    <object>
        <name>head</name>
        <pose>Unspecified</pose>
        <truncated>0</truncated>
        <difficult>0</difficult>
        <bndbox>
            <xmin>831.5139394263699</xmin>
            <ymin>52.60619782748287</ymin>
            <xmax>1146.4053456763706</xmax>
            <ymax>352.80833405795056</ymax>
        </bndbox>
    </object>    <object>
        <name>head</name>
        <pose>Unspecified</pose>
        <truncated>0</truncated>
        <difficult>0</difficult>
        <bndbox>
            <xmin>223.74037388392856</xmin>
            <ymin>68.20884486607143</ymin>
            <xmax>485.64955357142856</xmax>
            <ymax>362.0678292410711</ymax>
        </bndbox>
    </object>    <object>
        <name>body</name>
        <pose>Unspecified</pose>
        <truncated>0</truncated>
        <difficult>0</difficult>
        <bndbox>
            <xmin>509.85176809210526</xmin>
            <ymin>310.9655119243421</ymin>
            <xmax>737.6517680921046</xmax>
            <ymax>488.4745917251124</ymax>
        </bndbox>
    </object>
</annotation>
