<annotation>
    <folder></folder>
    <filename>frame_000315</filename>
    <path></path>
    <source>
        <database>Unknown</database>
    </source>
    <size>
        <width>1280</width>
        <height>720</height>
        <depth>3</depth>
    </size>
    <segmented>0</segmented>
    <object>
        <name>head</name>
        <pose>Unspecified</pose>
        <truncated>0</truncated>
        <difficult>0</difficult>
        <bndbox>
            <xmin>595.924560546875</xmin>
            <ymin>213.3082275390625</ymin>
            <xmax>695.8089355468765</xmax>
            <ymax>325.48732910156104</ymax>
        </bndbox>
    </object>    <object>
        <name>body</name>
        <pose>Unspecified</pose>
        <truncated>0</truncated>
        <difficult>0</difficult>
        <bndbox>
            <xmin>684.4684709821429</xmin>
            <ymin>351.5834263392857</ymin>
            <xmax>1258.468470982143</xmax>
            <ymax>716.7843750000009</ymax>
        </bndbox>
    </object>    <object>
        <name>body</name>
        <pose>Unspecified</pose>
        <truncated>0</truncated>
        <difficult>0</difficult>
        <bndbox>
            <xmin>37.3180509868421</xmin>
            <ymin>262.5894325657895</ymin>
            <xmax>533.7301603618431</xmax>
            <ymax>718.2000000000021</ymax>
        </bndbox>
    </object>    <object>
        <name>head</name>
        <pose>Unspecified</pose>
        <truncated>0</truncated>
        <difficult>0</difficult>
        <bndbox>
            <xmin>870.87890625</xmin>
            <ymin>63.0265625</ymin>
            <xmax>1185.7703125000007</xmax>
            <ymax>363.22869873046767</ymax>
        </bndbox>
    </object>    <object>
        <name>head</name>
        <pose>Unspecified</pose>
        <truncated>0</truncated>
        <difficult>0</difficult>
        <bndbox>
            <xmin>92.675537109375</xmin>
            <ymin>64.6207275390625</ymin>
            <xmax>361.34702148437646</xmax>
            <ymax>358.5535400390636</ymax>
        </bndbox>
    </object>    <object>
        <name>body</name>
        <pose>Unspecified</pose>
        <truncated>0</truncated>
        <difficult>0</difficult>
        <bndbox>
            <xmin>508.513671875</xmin>
            <ymin>322.98984375</ymin>
            <xmax>736.3136718749993</xmax>
            <ymax>521.4582153320283</ymax>
        </bndbox>
    </object>
</annotation>
