<annotation>
    <folder></folder>
    <filename>frame_000515</filename>
    <path></path>
    <source>
        <database>Unknown</database>
    </source>
    <size>
        <width>1280</width>
        <height>720</height>
        <depth>3</depth>
    </size>
    <segmented>0</segmented>
    <object>
        <name>head</name>
        <pose>Unspecified</pose>
        <truncated>0</truncated>
        <difficult>0</difficult>
        <bndbox>
            <xmin>561.1419270833334</xmin>
            <ymin>202.7783203125</ymin>
            <xmax>670.3321614583341</xmax>
            <ymax>314.95742187499854</ymax>
        </bndbox>
    </object>    <object>
        <name>body</name>
        <pose>Unspecified</pose>
        <truncated>0</truncated>
        <difficult>0</difficult>
        <bndbox>
            <xmin>707.2136718750013</xmin>
            <ymin>352.194084821429</ymin>
            <xmax>1279.06640625</xmax>
            <ymax>691.0767543247774</ymax>
        </bndbox>
    </object>    <object>
        <name>body</name>
        <pose>Unspecified</pose>
        <truncated>0</truncated>
        <difficult>0</difficult>
        <bndbox>
            <xmin>19.4998883928573</xmin>
            <ymin>325.59681919642856</ymin>
            <xmax>517.6832641601567</xmax>
            <ymax>710.8935267857117</ymax>
        </bndbox>
    </object>    <object>
        <name>head</name>
        <pose>Unspecified</pose>
        <truncated>0</truncated>
        <difficult>0</difficult>
        <bndbox>
            <xmin>830.5061383928571</xmin>
            <ymin>55.53822544642857</ymin>
            <xmax>1145.3975446428578</xmax>
            <ymax>355.7403616768962</ymax>
        </bndbox>
    </object>    <object>
        <name>head</name>
        <pose>Unspecified</pose>
        <truncated>0</truncated>
        <difficult>0</difficult>
        <bndbox>
            <xmin>133.56705729166669</xmin>
            <ymin>37.99661458333382</ymin>
            <xmax>434.8905680338551</xmax>
            <ymax>330.66260375976464</ymax>
        </bndbox>
    </object>    <object>
        <name>body</name>
        <pose>Unspecified</pose>
        <truncated>0</truncated>
        <difficult>0</difficult>
        <bndbox>
            <xmin>517.3671875</xmin>
            <ymin>316.49853515625</ymin>
            <xmax>737.6774734282153</xmax>
            <ymax>493.3580160651436</ymax>
        </bndbox>
    </object>
</annotation>
