<annotation>
    <folder></folder>
    <filename>frame_000388</filename>
    <path></path>
    <source>
        <database>Unknown</database>
    </source>
    <size>
        <width>1280</width>
        <height>720</height>
        <depth>3</depth>
    </size>
    <segmented>0</segmented>
    <object>
        <name>head</name>
        <pose>Unspecified</pose>
        <truncated>0</truncated>
        <difficult>0</difficult>
        <bndbox>
            <xmin>555.53125</xmin>
            <ymin>224.0244140625</ymin>
            <xmax>655.4156250000015</xmax>
            <ymax>336.20351562499854</ymax>
        </bndbox>
    </object>    <object>
        <name>body</name>
        <pose>Unspecified</pose>
        <truncated>0</truncated>
        <difficult>0</difficult>
        <bndbox>
            <xmin>688.244140625</xmin>
            <ymin>341.4664713541667</ymin>
            <xmax>1262.244140625</xmax>
            <ymax>715.0425781250012</ymax>
        </bndbox>
    </object>    <object>
        <name>body</name>
        <pose>Unspecified</pose>
        <truncated>0</truncated>
        <difficult>0</difficult>
        <bndbox>
            <xmin>23.436298076923077</xmin>
            <ymin>336.1730168269236</ymin>
            <xmax>522.4000000000015</xmax>
            <ymax>706.0928311861476</ymax>
        </bndbox>
    </object>    <object>
        <name>head</name>
        <pose>Unspecified</pose>
        <truncated>0</truncated>
        <difficult>0</difficult>
        <bndbox>
            <xmin>896.9916294642857</xmin>
            <ymin>44.270089285714285</ymin>
            <xmax>1211.8830357142865</xmax>
            <ymax>344.47222551618194</ymax>
        </bndbox>
    </object>    <object>
        <name>head</name>
        <pose>Unspecified</pose>
        <truncated>0</truncated>
        <difficult>0</difficult>
        <bndbox>
            <xmin>119.91981336805556</xmin>
            <ymin>57.92447916666667</ymin>
            <xmax>381.8368272569474</xmax>
            <ymax>340.1877773708766</ymax>
        </bndbox>
    </object>    <object>
        <name>body</name>
        <pose>Unspecified</pose>
        <truncated>0</truncated>
        <difficult>0</difficult>
        <bndbox>
            <xmin>507.544921875</xmin>
            <ymin>334.9775390625</ymin>
            <xmax>707.5347656250015</xmax>
            <ymax>494.2054931640596</ymax>
        </bndbox>
    </object>
</annotation>
