<annotation>
    <folder></folder>
    <filename>frame_000547</filename>
    <path></path>
    <source>
        <database>Unknown</database>
    </source>
    <size>
        <width>1280</width>
        <height>720</height>
        <depth>3</depth>
    </size>
    <segmented>0</segmented>
    <object>
        <name>head</name>
        <pose>Unspecified</pose>
        <truncated>0</truncated>
        <difficult>0</difficult>
        <bndbox>
            <xmin>553.6171875</xmin>
            <ymin>218.91015625</ymin>
            <xmax>697.9125045776345</xmax>
            <ymax>331.08925781249854</ymax>
        </bndbox>
    </object>    <object>
        <name>body</name>
        <pose>Unspecified</pose>
        <truncated>0</truncated>
        <difficult>0</difficult>
        <bndbox>
            <xmin>711.599609375</xmin>
            <ymin>348.048828125</ymin>
            <xmax>1279.0660156249978</xmax>
            <ymax>707.0</ymax>
        </bndbox>
    </object>    <object>
        <name>body</name>
        <pose>Unspecified</pose>
        <truncated>0</truncated>
        <difficult>0</difficult>
        <bndbox>
            <xmin>14.330729166666668</xmin>
            <ymin>409.23333333333477</ymin>
            <xmax>494.5666666666669</xmax>
            <ymax>720.0</ymax>
        </bndbox>
    </object>    <object>
        <name>head</name>
        <pose>Unspecified</pose>
        <truncated>0</truncated>
        <difficult>0</difficult>
        <bndbox>
            <xmin>833.483203125</xmin>
            <ymin>44.90625</ymin>
            <xmax>1148.3746093750008</xmax>
            <ymax>345.10838623046766</ymax>
        </bndbox>
    </object>    <object>
        <name>head</name>
        <pose>Unspecified</pose>
        <truncated>0</truncated>
        <difficult>0</difficult>
        <bndbox>
            <xmin>77.05078125</xmin>
            <ymin>42.998372395833336</ymin>
            <xmax>372.3219039351861</xmax>
            <ymax>405.08545491536523</ymax>
        </bndbox>
    </object>    <object>
        <name>body</name>
        <pose>Unspecified</pose>
        <truncated>0</truncated>
        <difficult>0</difficult>
        <bndbox>
            <xmin>496.2999999999993</xmin>
            <ymin>325.7000000000007</ymin>
            <xmax>725.755859375</xmax>
            <ymax>532.0146484375</ymax>
        </bndbox>
    </object>
</annotation>
