<annotation>
    <folder></folder>
    <filename>frame_000463</filename>
    <path></path>
    <source>
        <database>Unknown</database>
    </source>
    <size>
        <width>1280</width>
        <height>720</height>
        <depth>3</depth>
    </size>
    <segmented>0</segmented>
    <object>
        <name>head</name>
        <pose>Unspecified</pose>
        <truncated>0</truncated>
        <difficult>0</difficult>
        <bndbox>
            <xmin>569.8359375</xmin>
            <ymin>206.80812500000064</ymin>
            <xmax>680.9482812500006</xmax>
            <ymax>324.5740225219721</ymax>
        </bndbox>
    </object>    <object>
        <name>body</name>
        <pose>Unspecified</pose>
        <truncated>0</truncated>
        <difficult>0</difficult>
        <bndbox>
            <xmin>688.244140625</xmin>
            <ymin>350.05792410714287</ymin>
            <xmax>1262.244140625</xmax>
            <ymax>720.0</ymax>
        </bndbox>
    </object>    <object>
        <name>body</name>
        <pose>Unspecified</pose>
        <truncated>0</truncated>
        <difficult>0</difficult>
        <bndbox>
            <xmin>5.90625</xmin>
            <ymin>360.1435546875</ymin>
            <xmax>527.6879427083331</xmax>
            <ymax>720.0</ymax>
        </bndbox>
    </object>    <object>
        <name>head</name>
        <pose>Unspecified</pose>
        <truncated>0</truncated>
        <difficult>0</difficult>
        <bndbox>
            <xmin>765.216796875</xmin>
            <ymin>61.8671875</ymin>
            <xmax>1058.1965564903876</xmax>
            <ymax>352.8179141000619</ymax>
        </bndbox>
    </object>    <object>
        <name>head</name>
        <pose>Unspecified</pose>
        <truncated>0</truncated>
        <difficult>0</difficult>
        <bndbox>
            <xmin>139.8251953125</xmin>
            <ymin>55.076171875</ymin>
            <xmax>417.5251953125007</xmax>
            <ymax>360.25839843750146</ymax>
        </bndbox>
    </object>    <object>
        <name>body</name>
        <pose>Unspecified</pose>
        <truncated>0</truncated>
        <difficult>0</difficult>
        <bndbox>
            <xmin>516.1328125</xmin>
            <ymin>325.9212704613095</ymin>
            <xmax>720.6720089764693</xmax>
            <ymax>489.0965813107791</ymax>
        </bndbox>
    </object>
</annotation>
