<annotation>
    <folder></folder>
    <filename>frame_000183</filename>
    <path></path>
    <source>
        <database>Unknown</database>
    </source>
    <size>
        <width>1280</width>
        <height>720</height>
        <depth>3</depth>
    </size>
    <segmented>0</segmented>
    <object>
        <name>head</name>
        <pose>Unspecified</pose>
        <truncated>0</truncated>
        <difficult>0</difficult>
        <bndbox>
            <xmin>577.92578125</xmin>
            <ymin>202.708984375</ymin>
            <xmax>705.8585937499993</xmax>
            <ymax>337.321298217772</ymax>
        </bndbox>
    </object>    <object>
        <name>body</name>
        <pose>Unspecified</pose>
        <truncated>0</truncated>
        <difficult>0</difficult>
        <bndbox>
            <xmin>664.3269690688776</xmin>
            <ymin>368.58272215136054</ymin>
            <xmax>1238.3269690688776</xmax>
            <ymax>720.0</ymax>
        </bndbox>
    </object>    <object>
        <name>body</name>
        <pose>Unspecified</pose>
        <truncated>0</truncated>
        <difficult>0</difficult>
        <bndbox>
            <xmin>9.509440104166666</xmin>
            <ymin>328.4010416666667</ymin>
            <xmax>484.0637586805573</xmax>
            <ymax>715.4809787326376</ymax>
        </bndbox>
    </object>    <object>
        <name>head</name>
        <pose>Unspecified</pose>
        <truncated>0</truncated>
        <difficult>0</difficult>
        <bndbox>
            <xmin>834.8369274400685</xmin>
            <ymin>49.12227766481165</ymin>
            <xmax>1149.7283336900691</xmax>
            <ymax>349.3244138952793</ymax>
        </bndbox>
    </object>    <object>
        <name>head</name>
        <pose>Unspecified</pose>
        <truncated>0</truncated>
        <difficult>0</difficult>
        <bndbox>
            <xmin>187.7460049715909</xmin>
            <ymin>45.92764559659091</ymin>
            <xmax>449.65518465909093</xmax>
            <ymax>339.78662997159057</ymax>
        </bndbox>
    </object>    <object>
        <name>body</name>
        <pose>Unspecified</pose>
        <truncated>0</truncated>
        <difficult>0</difficult>
        <bndbox>
            <xmin>495.951953125</xmin>
            <ymin>318.6123046875</ymin>
            <xmax>723.7519531249993</xmax>
            <ymax>482.31231689453125</ymax>
        </bndbox>
    </object>
</annotation>
