<annotation>
    <folder></folder>
    <filename>frame_000347</filename>
    <path></path>
    <source>
        <database>Unknown</database>
    </source>
    <size>
        <width>1280</width>
        <height>720</height>
        <depth>3</depth>
    </size>
    <segmented>0</segmented>
    <object>
        <name>head</name>
        <pose>Unspecified</pose>
        <truncated>0</truncated>
        <difficult>0</difficult>
        <bndbox>
            <xmin>578.978515625</xmin>
            <ymin>209.216796875</ymin>
            <xmax>678.8628906250015</xmax>
            <ymax>321.39589843749854</ymax>
        </bndbox>
    </object>    <object>
        <name>body</name>
        <pose>Unspecified</pose>
        <truncated>0</truncated>
        <difficult>0</difficult>
        <bndbox>
            <xmin>688.5050223214286</xmin>
            <ymin>340.576171875</ymin>
            <xmax>1260.087930484694</xmax>
            <ymax>714.3726562500015</ymax>
        </bndbox>
    </object>    <object>
        <name>body</name>
        <pose>Unspecified</pose>
        <truncated>0</truncated>
        <difficult>0</difficult>
        <bndbox>
            <xmin>28.43505859375</xmin>
            <ymin>396.96473214285805</ymin>
            <xmax>503.5683175223226</xmax>
            <ymax>714.356207711356</ymax>
        </bndbox>
    </object>    <object>
        <name>head</name>
        <pose>Unspecified</pose>
        <truncated>0</truncated>
        <difficult>0</difficult>
        <bndbox>
            <xmin>840.824140625</xmin>
            <ymin>56.0329296875</ymin>
            <xmax>1155.7155468750007</xmax>
            <ymax>356.23506591796763</ymax>
        </bndbox>
    </object>    <object>
        <name>head</name>
        <pose>Unspecified</pose>
        <truncated>0</truncated>
        <difficult>0</difficult>
        <bndbox>
            <xmin>144.72021484375</xmin>
            <ymin>51.84596354166691</ymin>
            <xmax>398.78635760613207</xmax>
            <ymax>365.7445460865338</ymax>
        </bndbox>
    </object>    <object>
        <name>body</name>
        <pose>Unspecified</pose>
        <truncated>0</truncated>
        <difficult>0</difficult>
        <bndbox>
            <xmin>530.3163085937513</xmin>
            <ymin>313.1204833984375</ymin>
            <xmax>731.521542167663</xmax>
            <ymax>505.10465164184643</ymax>
        </bndbox>
    </object>
</annotation>
