<annotation>
    <folder></folder>
    <filename>frame_000115</filename>
    <path></path>
    <source>
        <database>Unknown</database>
    </source>
    <size>
        <width>1280</width>
        <height>720</height>
        <depth>3</depth>
    </size>
    <segmented>0</segmented>
    <object>
        <name>head</name>
        <pose>Unspecified</pose>
        <truncated>0</truncated>
        <difficult>0</difficult>
        <bndbox>
            <xmin>574.0390625</xmin>
            <ymin>191.744140625</ymin>
            <xmax>686.2366406250003</xmax>
            <ymax>325.2828186035149</ymax>
        </bndbox>
    </object>    <object>
        <name>body</name>
        <pose>Unspecified</pose>
        <truncated>0</truncated>
        <difficult>0</difficult>
        <bndbox>
            <xmin>680.4108338647959</xmin>
            <ymin>368.0632174744898</ymin>
            <xmax>1254.410833864796</xmax>
            <ymax>720.0</ymax>
        </bndbox>
    </object>    <object>
        <name>body</name>
        <pose>Unspecified</pose>
        <truncated>0</truncated>
        <difficult>0</difficult>
        <bndbox>
            <xmin>20.5625</xmin>
            <ymin>365.451171875</ymin>
            <xmax>523.2000000000007</xmax>
            <ymax>712.2000000000007</ymax>
        </bndbox>
    </object>    <object>
        <name>head</name>
        <pose>Unspecified</pose>
        <truncated>0</truncated>
        <difficult>0</difficult>
        <bndbox>
            <xmin>831.0708743578767</xmin>
            <ymin>53.07072051583904</ymin>
            <xmax>1145.9622806078773</xmax>
            <ymax>353.2728567463067</ymax>
        </bndbox>
    </object>    <object>
        <name>head</name>
        <pose>Unspecified</pose>
        <truncated>0</truncated>
        <difficult>0</difficult>
        <bndbox>
            <xmin>152.025390625</xmin>
            <ymin>75.35807291666666</ymin>
            <xmax>413.9345703125</xmax>
            <ymax>369.2170572916663</ymax>
        </bndbox>
    </object>    <object>
        <name>body</name>
        <pose>Unspecified</pose>
        <truncated>0</truncated>
        <difficult>0</difficult>
        <bndbox>
            <xmin>509.02036830357144</xmin>
            <ymin>310.15771484375</ymin>
            <xmax>736.8203683035707</xmax>
            <ymax>486.9981053766226</ymax>
        </bndbox>
    </object>
</annotation>
