<annotation>
    <folder></folder>
    <filename>frame_000109</filename>
    <path></path>
    <source>
        <database>Unknown</database>
    </source>
    <size>
        <width>1280</width>
        <height>720</height>
        <depth>3</depth>
    </size>
    <segmented>0</segmented>
    <object>
        <name>head</name>
        <pose>Unspecified</pose>
        <truncated>0</truncated>
        <difficult>0</difficult>
        <bndbox>
            <xmin>595.0418836805555</xmin>
            <ymin>193.7607421875</ymin>
            <xmax>704.9915711805564</xmax>
            <ymax>327.2994201660149</ymax>
        </bndbox>
    </object>    <object>
        <name>body</name>
        <pose>Unspecified</pose>
        <truncated>0</truncated>
        <difficult>0</difficult>
        <bndbox>
            <xmin>681.8299984056123</xmin>
            <ymin>368.0173788265306</ymin>
            <xmax>1255.8299984056123</xmax>
            <ymax>720.0</ymax>
        </bndbox>
    </object>    <object>
        <name>body</name>
        <pose>Unspecified</pose>
        <truncated>0</truncated>
        <difficult>0</difficult>
        <bndbox>
            <xmin>5.6083984375</xmin>
            <ymin>354.9228515625</ymin>
            <xmax>549.1678710937504</xmax>
            <ymax>712.1229461669918</ymax>
        </bndbox>
    </object>    <object>
        <name>head</name>
        <pose>Unspecified</pose>
        <truncated>0</truncated>
        <difficult>0</difficult>
        <bndbox>
            <xmin>830.7385755565068</xmin>
            <ymin>53.41911253210616</ymin>
            <xmax>1145.6299818065077</xmax>
            <ymax>353.6212487625738</ymax>
        </bndbox>
    </object>    <object>
        <name>head</name>
        <pose>Unspecified</pose>
        <truncated>0</truncated>
        <difficult>0</difficult>
        <bndbox>
            <xmin>93.4482421875</xmin>
            <ymin>56.609375</ymin>
            <xmax>355.357421875</xmax>
            <ymax>350.46835937499964</ymax>
        </bndbox>
    </object>    <object>
        <name>body</name>
        <pose>Unspecified</pose>
        <truncated>0</truncated>
        <difficult>0</difficult>
        <bndbox>
            <xmin>509.5033482142857</xmin>
            <ymin>312.5146484375</ymin>
            <xmax>737.3033482142849</xmax>
            <ymax>490.626688485777</ymax>
        </bndbox>
    </object>
</annotation>
