<annotation>
    <folder></folder>
    <filename>frame_000467</filename>
    <path></path>
    <source>
        <database>Unknown</database>
    </source>
    <size>
        <width>1280</width>
        <height>720</height>
        <depth>3</depth>
    </size>
    <segmented>0</segmented>
    <object>
        <name>head</name>
        <pose>Unspecified</pose>
        <truncated>0</truncated>
        <difficult>0</difficult>
        <bndbox>
            <xmin>570.26953125</xmin>
            <ymin>208.31625000000022</ymin>
            <xmax>673.8965625000012</xmax>
            <ymax>322.35761688232304</ymax>
        </bndbox>
    </object>    <object>
        <name>body</name>
        <pose>Unspecified</pose>
        <truncated>0</truncated>
        <difficult>0</difficult>
        <bndbox>
            <xmin>688.244140625</xmin>
            <ymin>358.0708705357144</ymin>
            <xmax>1262.244140625</xmax>
            <ymax>720.0</ymax>
        </bndbox>
    </object>    <object>
        <name>body</name>
        <pose>Unspecified</pose>
        <truncated>0</truncated>
        <difficult>0</difficult>
        <bndbox>
            <xmin>7.505681818181818</xmin>
            <ymin>360.23801491477275</ymin>
            <xmax>525.5988849431808</xmax>
            <ymax>720.0</ymax>
        </bndbox>
    </object>    <object>
        <name>head</name>
        <pose>Unspecified</pose>
        <truncated>0</truncated>
        <difficult>0</difficult>
        <bndbox>
            <xmin>802.240234375</xmin>
            <ymin>59.802734375</ymin>
            <xmax>1097.1253545673098</xmax>
            <ymax>351.55793137770706</ymax>
        </bndbox>
    </object>    <object>
        <name>head</name>
        <pose>Unspecified</pose>
        <truncated>0</truncated>
        <difficult>0</difficult>
        <bndbox>
            <xmin>147.30208333333334</xmin>
            <ymin>52.583658854166664</ymin>
            <xmax>425.00208333333404</xmax>
            <ymax>357.76588541666814</ymax>
        </bndbox>
    </object>    <object>
        <name>body</name>
        <pose>Unspecified</pose>
        <truncated>0</truncated>
        <difficult>0</difficult>
        <bndbox>
            <xmin>519.484375</xmin>
            <ymin>325.2425130208333</ymin>
            <xmax>725.2367322035267</xmax>
            <ymax>489.47045233641256</ymax>
        </bndbox>
    </object>
</annotation>
