<annotation>
    <folder></folder>
    <filename>frame_000327</filename>
    <path></path>
    <source>
        <database>Unknown</database>
    </source>
    <size>
        <width>1280</width>
        <height>720</height>
        <depth>3</depth>
    </size>
    <segmented>0</segmented>
    <object>
        <name>head</name>
        <pose>Unspecified</pose>
        <truncated>0</truncated>
        <difficult>0</difficult>
        <bndbox>
            <xmin>565.8125</xmin>
            <ymin>207.201171875</ymin>
            <xmax>665.6968750000015</xmax>
            <ymax>319.38027343749854</ymax>
        </bndbox>
    </object>    <object>
        <name>body</name>
        <pose>Unspecified</pose>
        <truncated>0</truncated>
        <difficult>0</difficult>
        <bndbox>
            <xmin>672.35546875</xmin>
            <ymin>340.576171875</ymin>
            <xmax>1246.35546875</xmax>
            <ymax>714.3726562500015</ymax>
        </bndbox>
    </object>    <object>
        <name>body</name>
        <pose>Unspecified</pose>
        <truncated>0</truncated>
        <difficult>0</difficult>
        <bndbox>
            <xmin>0.0</xmin>
            <ymin>367.521484375</ymin>
            <xmax>479.3640625000007</xmax>
            <ymax>720.0</ymax>
        </bndbox>
    </object>    <object>
        <name>head</name>
        <pose>Unspecified</pose>
        <truncated>0</truncated>
        <difficult>0</difficult>
        <bndbox>
            <xmin>870.87890625</xmin>
            <ymin>54.951171875</ymin>
            <xmax>1185.7703125000007</xmax>
            <ymax>355.15330810546766</ymax>
        </bndbox>
    </object>    <object>
        <name>head</name>
        <pose>Unspecified</pose>
        <truncated>0</truncated>
        <difficult>0</difficult>
        <bndbox>
            <xmin>0.0</xmin>
            <ymin>70.2177734375</ymin>
            <xmax>277.7000000000007</xmax>
            <ymax>375.40000000000146</ymax>
        </bndbox>
    </object>    <object>
        <name>body</name>
        <pose>Unspecified</pose>
        <truncated>0</truncated>
        <difficult>0</difficult>
        <bndbox>
            <xmin>486.048828125</xmin>
            <ymin>306.9375</ymin>
            <xmax>653.3171752929666</xmax>
            <ymax>466.1654541015596</ymax>
        </bndbox>
    </object>
</annotation>
