<annotation>
    <folder></folder>
    <filename>frame_000366</filename>
    <path></path>
    <source>
        <database>Unknown</database>
    </source>
    <size>
        <width>1280</width>
        <height>720</height>
        <depth>3</depth>
    </size>
    <segmented>0</segmented>
    <object>
        <name>head</name>
        <pose>Unspecified</pose>
        <truncated>0</truncated>
        <difficult>0</difficult>
        <bndbox>
            <xmin>588.989453125</xmin>
            <ymin>205.147265625</ymin>
            <xmax>688.8738281250014</xmax>
            <ymax>317.32636718749853</ymax>
        </bndbox>
    </object>    <object>
        <name>body</name>
        <pose>Unspecified</pose>
        <truncated>0</truncated>
        <difficult>0</difficult>
        <bndbox>
            <xmin>703.8470982142857</xmin>
            <ymin>340.576171875</ymin>
            <xmax>1273.133769132653</xmax>
            <ymax>714.3726562500015</ymax>
        </bndbox>
    </object>    <object>
        <name>body</name>
        <pose>Unspecified</pose>
        <truncated>0</truncated>
        <difficult>0</difficult>
        <bndbox>
            <xmin>3.337890625</xmin>
            <ymin>349.1493489583336</ymin>
            <xmax>496.03333333333404</xmax>
            <ymax>709.8949261474578</ymax>
        </bndbox>
    </object>    <object>
        <name>head</name>
        <pose>Unspecified</pose>
        <truncated>0</truncated>
        <difficult>0</difficult>
        <bndbox>
            <xmin>835.80078125</xmin>
            <ymin>58.31640625</ymin>
            <xmax>1150.6921875000007</xmax>
            <ymax>358.51854248046766</ymax>
        </bndbox>
    </object>    <object>
        <name>head</name>
        <pose>Unspecified</pose>
        <truncated>0</truncated>
        <difficult>0</difficult>
        <bndbox>
            <xmin>109.1376953125</xmin>
            <ymin>84.37923177083333</ymin>
            <xmax>376.29269531249946</xmax>
            <ymax>365.9944954427083</ymax>
        </bndbox>
    </object>    <object>
        <name>body</name>
        <pose>Unspecified</pose>
        <truncated>0</truncated>
        <difficult>0</difficult>
        <bndbox>
            <xmin>533.031640625</xmin>
            <ymin>319.610546875</ymin>
            <xmax>732.9267513877472</xmax>
            <ymax>496.82272114001097</ymax>
        </bndbox>
    </object>
</annotation>
