<annotation>
    <folder></folder>
    <filename>frame_000479</filename>
    <path></path>
    <source>
        <database>Unknown</database>
    </source>
    <size>
        <width>1280</width>
        <height>720</height>
        <depth>3</depth>
    </size>
    <segmented>0</segmented>
    <object>
        <name>head</name>
        <pose>Unspecified</pose>
        <truncated>0</truncated>
        <difficult>0</difficult>
        <bndbox>
            <xmin>590.11328125</xmin>
            <ymin>208.1357421875</ymin>
            <xmax>689.9976562500015</xmax>
            <ymax>320.31484374999854</ymax>
        </bndbox>
    </object>    <object>
        <name>body</name>
        <pose>Unspecified</pose>
        <truncated>0</truncated>
        <difficult>0</difficult>
        <bndbox>
            <xmin>686.6266447368421</xmin>
            <ymin>373.2962273848687</ymin>
            <xmax>1261.2110402960527</xmax>
            <ymax>718.0894736842107</ymax>
        </bndbox>
    </object>    <object>
        <name>body</name>
        <pose>Unspecified</pose>
        <truncated>0</truncated>
        <difficult>0</difficult>
        <bndbox>
            <xmin>12.304082961309524</xmin>
            <ymin>358.0381789434524</ymin>
            <xmax>519.331817336307</xmax>
            <ymax>720.0</ymax>
        </bndbox>
    </object>    <object>
        <name>head</name>
        <pose>Unspecified</pose>
        <truncated>0</truncated>
        <difficult>0</difficult>
        <bndbox>
            <xmin>806.878083881579</xmin>
            <ymin>82.97394120065789</ymin>
            <xmax>1107.4792858046576</xmax>
            <ymax>377.1425494112945</ymax>
        </bndbox>
    </object>    <object>
        <name>head</name>
        <pose>Unspecified</pose>
        <truncated>0</truncated>
        <difficult>0</difficult>
        <bndbox>
            <xmin>116.83203125</xmin>
            <ymin>94.48828125</ymin>
            <xmax>360.9298828125011</xmax>
            <ymax>360.4453063964829</ymax>
        </bndbox>
    </object>    <object>
        <name>body</name>
        <pose>Unspecified</pose>
        <truncated>0</truncated>
        <difficult>0</difficult>
        <bndbox>
            <xmin>523.6986083984375</xmin>
            <ymin>322.2436218261719</ymin>
            <xmax>733.090447783136</xmax>
            <ymax>489.62944654007947</ymax>
        </bndbox>
    </object>
</annotation>
