<annotation>
    <folder></folder>
    <filename>frame_000029</filename>
    <path></path>
    <source>
        <database>Unknown</database>
    </source>
    <size>
        <width>1280</width>
        <height>720</height>
        <depth>3</depth>
    </size>
    <segmented>0</segmented>
    <object>
        <name>head</name>
        <pose>Unspecified</pose>
        <truncated>0</truncated>
        <difficult>0</difficult>
        <bndbox>
            <xmin>580.390625</xmin>
            <ymin>198.17578125</ymin>
            <xmax>685.8445312500007</xmax>
            <ymax>331.7144592285149</ymax>
        </bndbox>
    </object>    <object>
        <name>body</name>
        <pose>Unspecified</pose>
        <truncated>0</truncated>
        <difficult>0</difficult>
        <bndbox>
            <xmin>733.0930989583334</xmin>
            <ymin>323.75</ymin>
            <xmax>1280.0</xmax>
            <ymax>689.716796875</ymax>
        </bndbox>
    </object>    <object>
        <name>body</name>
        <pose>Unspecified</pose>
        <truncated>0</truncated>
        <difficult>0</difficult>
        <bndbox>
            <xmin>1.12158203125</xmin>
            <ymin>358.1554361979167</ymin>
            <xmax>599.3489257812507</xmax>
            <ymax>709.5261393229181</ymax>
        </bndbox>
    </object>    <object>
        <name>head</name>
        <pose>Unspecified</pose>
        <truncated>0</truncated>
        <difficult>0</difficult>
        <bndbox>
            <xmin>940.97509765625</xmin>
            <ymin>13.451171875</ymin>
            <xmax>1255.8665039062507</xmax>
            <ymax>313.65330810546766</ymax>
        </bndbox>
    </object>    <object>
        <name>head</name>
        <pose>Unspecified</pose>
        <truncated>0</truncated>
        <difficult>0</difficult>
        <bndbox>
            <xmin>145.4326171875</xmin>
            <ymin>18.287434895833332</ymin>
            <xmax>406.2041015625</xmax>
            <ymax>363.3427083333336</ymax>
        </bndbox>
    </object>    <object>
        <name>body</name>
        <pose>Unspecified</pose>
        <truncated>0</truncated>
        <difficult>0</difficult>
        <bndbox>
            <xmin>512.7699318910256</xmin>
            <ymin>330.3562199519231</ymin>
            <xmax>740.5699318910249</xmax>
            <ymax>494.05623215895434</ymax>
        </bndbox>
    </object>
</annotation>
