<annotation>
    <folder></folder>
    <filename>frame_000293</filename>
    <path></path>
    <source>
        <database>Unknown</database>
    </source>
    <size>
        <width>1280</width>
        <height>720</height>
        <depth>3</depth>
    </size>
    <segmented>0</segmented>
    <object>
        <name>head</name>
        <pose>Unspecified</pose>
        <truncated>0</truncated>
        <difficult>0</difficult>
        <bndbox>
            <xmin>603.9334435096154</xmin>
            <ymin>218.77155949519232</ymin>
            <xmax>703.8178185096168</xmax>
            <ymax>330.95066105769087</ymax>
        </bndbox>
    </object>    <object>
        <name>body</name>
        <pose>Unspecified</pose>
        <truncated>0</truncated>
        <difficult>0</difficult>
        <bndbox>
            <xmin>712.32080078125</xmin>
            <ymin>348.19091796875</ymin>
            <xmax>1270.6541341145848</xmax>
            <ymax>714.2249999999995</ymax>
        </bndbox>
    </object>    <object>
        <name>body</name>
        <pose>Unspecified</pose>
        <truncated>0</truncated>
        <difficult>0</difficult>
        <bndbox>
            <xmin>17.635044642857142</xmin>
            <ymin>395.37681361607144</ymin>
            <xmax>537.7557538713746</xmax>
            <ymax>715.4235848563055</ymax>
        </bndbox>
    </object>    <object>
        <name>head</name>
        <pose>Unspecified</pose>
        <truncated>0</truncated>
        <difficult>0</difficult>
        <bndbox>
            <xmin>910.98193359375</xmin>
            <ymin>46.764404296875</ymin>
            <xmax>1223.1798130580373</xmax>
            <ymax>346.96654052734266</ymax>
        </bndbox>
    </object>    <object>
        <name>head</name>
        <pose>Unspecified</pose>
        <truncated>0</truncated>
        <difficult>0</difficult>
        <bndbox>
            <xmin>147.85400390625</xmin>
            <ymin>80.8388671875</ymin>
            <xmax>429.79935980902974</xmax>
            <ymax>387.64320203993157</ymax>
        </bndbox>
    </object>    <object>
        <name>body</name>
        <pose>Unspecified</pose>
        <truncated>0</truncated>
        <difficult>0</difficult>
        <bndbox>
            <xmin>526.5625</xmin>
            <ymin>322.69991629464283</ymin>
            <xmax>732.2690340909093</xmax>
            <ymax>510.30217015650226</ymax>
        </bndbox>
    </object>
</annotation>
