<annotation>
    <folder></folder>
    <filename>frame_000369</filename>
    <path></path>
    <source>
        <database>Unknown</database>
    </source>
    <size>
        <width>1280</width>
        <height>720</height>
        <depth>3</depth>
    </size>
    <segmented>0</segmented>
    <object>
        <name>head</name>
        <pose>Unspecified</pose>
        <truncated>0</truncated>
        <difficult>0</difficult>
        <bndbox>
            <xmin>566.698046875</xmin>
            <ymin>207.2970703125</ymin>
            <xmax>666.5824218750015</xmax>
            <ymax>319.47617187499856</ymax>
        </bndbox>
    </object>    <object>
        <name>body</name>
        <pose>Unspecified</pose>
        <truncated>0</truncated>
        <difficult>0</difficult>
        <bndbox>
            <xmin>706.26953125</xmin>
            <ymin>340.576171875</ymin>
            <xmax>1275.193638392857</xmax>
            <ymax>714.3726562500015</ymax>
        </bndbox>
    </object>    <object>
        <name>body</name>
        <pose>Unspecified</pose>
        <truncated>0</truncated>
        <difficult>0</difficult>
        <bndbox>
            <xmin>10.614676339285715</xmin>
            <ymin>365.3523716517863</ymin>
            <xmax>496.33287946428754</xmax>
            <ymax>709.3712498256136</ymax>
        </bndbox>
    </object>    <object>
        <name>head</name>
        <pose>Unspecified</pose>
        <truncated>0</truncated>
        <difficult>0</difficult>
        <bndbox>
            <xmin>859.7099609375</xmin>
            <ymin>56.729654947916664</ymin>
            <xmax>1174.6013671875007</xmax>
            <ymax>356.93179117838434</ymax>
        </bndbox>
    </object>    <object>
        <name>head</name>
        <pose>Unspecified</pose>
        <truncated>0</truncated>
        <difficult>0</difficult>
        <bndbox>
            <xmin>87.6611328125</xmin>
            <ymin>94.45345052083333</ymin>
            <xmax>355.80472656249975</xmax>
            <ymax>378.27811696370554</ymax>
        </bndbox>
    </object>    <object>
        <name>body</name>
        <pose>Unspecified</pose>
        <truncated>0</truncated>
        <difficult>0</difficult>
        <bndbox>
            <xmin>519.74375</xmin>
            <ymin>315.741015625</ymin>
            <xmax>719.6625440095617</xmax>
            <ymax>488.4571348491489</ymax>
        </bndbox>
    </object>
</annotation>
