<annotation>
    <folder></folder>
    <filename>frame_000423</filename>
    <path></path>
    <source>
        <database>Unknown</database>
    </source>
    <size>
        <width>1280</width>
        <height>720</height>
        <depth>3</depth>
    </size>
    <segmented>0</segmented>
    <object>
        <name>head</name>
        <pose>Unspecified</pose>
        <truncated>0</truncated>
        <difficult>0</difficult>
        <bndbox>
            <xmin>589.177734375</xmin>
            <ymin>211.40673828125</ymin>
            <xmax>689.0621093750015</xmax>
            <ymax>323.58583984374854</ymax>
        </bndbox>
    </object>    <object>
        <name>body</name>
        <pose>Unspecified</pose>
        <truncated>0</truncated>
        <difficult>0</difficult>
        <bndbox>
            <xmin>688.244140625</xmin>
            <ymin>344.58251953125</ymin>
            <xmax>1262.244140625</xmax>
            <ymax>717.3873046875007</ymax>
        </bndbox>
    </object>    <object>
        <name>body</name>
        <pose>Unspecified</pose>
        <truncated>0</truncated>
        <difficult>0</difficult>
        <bndbox>
            <xmin>24.535333806818183</xmin>
            <ymin>362.5304687500006</ymin>
            <xmax>518.2849865846008</xmax>
            <ymax>705.1138903299963</ymax>
        </bndbox>
    </object>    <object>
        <name>head</name>
        <pose>Unspecified</pose>
        <truncated>0</truncated>
        <difficult>0</difficult>
        <bndbox>
            <xmin>821.9946120689655</xmin>
            <ymin>60.09870016163793</ymin>
            <xmax>1136.8860183189663</xmax>
            <ymax>360.30083639210557</ymax>
        </bndbox>
    </object>    <object>
        <name>head</name>
        <pose>Unspecified</pose>
        <truncated>0</truncated>
        <difficult>0</difficult>
        <bndbox>
            <xmin>165.79310825892858</xmin>
            <ymin>60.77622767857143</ymin>
            <xmax>443.49310825892695</xmax>
            <ymax>365.9584542410729</ymax>
        </bndbox>
    </object>    <object>
        <name>body</name>
        <pose>Unspecified</pose>
        <truncated>0</truncated>
        <difficult>0</difficult>
        <bndbox>
            <xmin>520.863984375</xmin>
            <ymin>314.6065234375</ymin>
            <xmax>720.8538281250014</xmax>
            <ymax>489.17769589072543</ymax>
        </bndbox>
    </object>
</annotation>
