<annotation>
    <folder></folder>
    <filename>frame_000289</filename>
    <path></path>
    <source>
        <database>Unknown</database>
    </source>
    <size>
        <width>1280</width>
        <height>720</height>
        <depth>3</depth>
    </size>
    <segmented>0</segmented>
    <object>
        <name>head</name>
        <pose>Unspecified</pose>
        <truncated>0</truncated>
        <difficult>0</difficult>
        <bndbox>
            <xmin>601.0686598557693</xmin>
            <ymin>218.10889923878204</ymin>
            <xmax>700.9530348557707</xmax>
            <ymax>330.2880008012806</ymax>
        </bndbox>
    </object>    <object>
        <name>body</name>
        <pose>Unspecified</pose>
        <truncated>0</truncated>
        <difficult>0</difficult>
        <bndbox>
            <xmin>721.365234375</xmin>
            <ymin>423.0849609375</ymin>
            <xmax>1280.0</xmax>
            <ymax>720.0</ymax>
        </bndbox>
    </object>    <object>
        <name>body</name>
        <pose>Unspecified</pose>
        <truncated>0</truncated>
        <difficult>0</difficult>
        <bndbox>
            <xmin>12.73046875</xmin>
            <ymin>398.7216796875</ymin>
            <xmax>530.9877075195327</xmax>
            <ymax>709.3216979980461</ymax>
        </bndbox>
    </object>    <object>
        <name>head</name>
        <pose>Unspecified</pose>
        <truncated>0</truncated>
        <difficult>0</difficult>
        <bndbox>
            <xmin>897.4375</xmin>
            <ymin>120.86328125</ymin>
            <xmax>1224.00286458333</xmax>
            <ymax>421.06541748046766</ymax>
        </bndbox>
    </object>    <object>
        <name>head</name>
        <pose>Unspecified</pose>
        <truncated>0</truncated>
        <difficult>0</difficult>
        <bndbox>
            <xmin>219.666015625</xmin>
            <ymin>110.525390625</ymin>
            <xmax>514.8852430555562</xmax>
            <ymax>430.20124782986204</ymax>
        </bndbox>
    </object>    <object>
        <name>body</name>
        <pose>Unspecified</pose>
        <truncated>0</truncated>
        <difficult>0</difficult>
        <bndbox>
            <xmin>541.40625</xmin>
            <ymin>320.3427734375</ymin>
            <xmax>725.0193181818177</xmax>
            <ymax>497.07890957919153</ymax>
        </bndbox>
    </object>
</annotation>
