<annotation>
    <folder></folder>
    <filename>frame_000481</filename>
    <path></path>
    <source>
        <database>Unknown</database>
    </source>
    <size>
        <width>1280</width>
        <height>720</height>
        <depth>3</depth>
    </size>
    <segmented>0</segmented>
    <object>
        <name>head</name>
        <pose>Unspecified</pose>
        <truncated>0</truncated>
        <difficult>0</difficult>
        <bndbox>
            <xmin>584.8740808823529</xmin>
            <ymin>210.6845703125</ymin>
            <xmax>687.8861213235308</xmax>
            <ymax>322.3106845631305</ymax>
        </bndbox>
    </object>    <object>
        <name>body</name>
        <pose>Unspecified</pose>
        <truncated>0</truncated>
        <difficult>0</difficult>
        <bndbox>
            <xmin>685.5483141447369</xmin>
            <ymin>371.42704564144765</ymin>
            <xmax>1260.522306743421</xmax>
            <ymax>716.8157894736846</ymax>
        </bndbox>
    </object>    <object>
        <name>body</name>
        <pose>Unspecified</pose>
        <truncated>0</truncated>
        <difficult>0</difficult>
        <bndbox>
            <xmin>13.103841145833334</xmin>
            <ymin>357.0921223958333</ymin>
            <xmax>518.2873307291642</xmax>
            <ymax>720.0</ymax>
        </bndbox>
    </object>    <object>
        <name>head</name>
        <pose>Unspecified</pose>
        <truncated>0</truncated>
        <difficult>0</difficult>
        <bndbox>
            <xmin>805.8879523026316</xmin>
            <ymin>80.20070929276316</ymin>
            <xmax>1107.4418345141717</xmax>
            <ymax>374.7715527047217</ymax>
        </bndbox>
    </object>    <object>
        <name>head</name>
        <pose>Unspecified</pose>
        <truncated>0</truncated>
        <difficult>0</difficult>
        <bndbox>
            <xmin>156.7099609375</xmin>
            <ymin>90.9375</ymin>
            <xmax>400.8078125000011</xmax>
            <ymax>356.8945251464829</ymax>
        </bndbox>
    </object>    <object>
        <name>body</name>
        <pose>Unspecified</pose>
        <truncated>0</truncated>
        <difficult>0</difficult>
        <bndbox>
            <xmin>523.0382080078125</xmin>
            <ymin>321.5191955566406</ymin>
            <xmax>733.0366277560396</xmax>
            <ymax>489.4313345036028</ymax>
        </bndbox>
    </object>
</annotation>
