<annotation>
    <folder></folder>
    <filename>frame_000155</filename>
    <path></path>
    <source>
        <database>Unknown</database>
    </source>
    <size>
        <width>1280</width>
        <height>720</height>
        <depth>3</depth>
    </size>
    <segmented>0</segmented>
    <object>
        <name>head</name>
        <pose>Unspecified</pose>
        <truncated>0</truncated>
        <difficult>0</difficult>
        <bndbox>
            <xmin>602.5</xmin>
            <ymin>183.13671875</ymin>
            <xmax>729.6835156250017</xmax>
            <ymax>316.6753967285149</ymax>
        </bndbox>
    </object>    <object>
        <name>body</name>
        <pose>Unspecified</pose>
        <truncated>0</truncated>
        <difficult>0</difficult>
        <bndbox>
            <xmin>670.9497369260204</xmin>
            <ymin>368.36880846088434</ymin>
            <xmax>1244.9497369260205</xmax>
            <ymax>720.0</ymax>
        </bndbox>
    </object>    <object>
        <name>body</name>
        <pose>Unspecified</pose>
        <truncated>0</truncated>
        <difficult>0</difficult>
        <bndbox>
            <xmin>14.060655381944445</xmin>
            <ymin>363.40863715277777</ymin>
            <xmax>508.1612991898181</xmax>
            <ymax>718.1170744719324</ymax>
        </bndbox>
    </object>    <object>
        <name>head</name>
        <pose>Unspecified</pose>
        <truncated>0</truncated>
        <difficult>0</difficult>
        <bndbox>
            <xmin>833.2861997003424</xmin>
            <ymin>50.74810707405822</ymin>
            <xmax>1148.1776059503431</xmax>
            <ymax>350.9502433045259</ymax>
        </bndbox>
    </object>    <object>
        <name>head</name>
        <pose>Unspecified</pose>
        <truncated>0</truncated>
        <difficult>0</difficult>
        <bndbox>
            <xmin>130.5674715909091</xmin>
            <ymin>69.51020951704545</ymin>
            <xmax>392.47665127840907</xmax>
            <ymax>363.36919389204525</ymax>
        </bndbox>
    </object>    <object>
        <name>body</name>
        <pose>Unspecified</pose>
        <truncated>0</truncated>
        <difficult>0</difficult>
        <bndbox>
            <xmin>515.14453125</xmin>
            <ymin>319.4638671875</ymin>
            <xmax>742.9445312499993</xmax>
            <ymax>502.7999999999993</ymax>
        </bndbox>
    </object>
</annotation>
