<annotation>
    <folder></folder>
    <filename>frame_000434</filename>
    <path></path>
    <source>
        <database>Unknown</database>
    </source>
    <size>
        <width>1280</width>
        <height>720</height>
        <depth>3</depth>
    </size>
    <segmented>0</segmented>
    <object>
        <name>head</name>
        <pose>Unspecified</pose>
        <truncated>0</truncated>
        <difficult>0</difficult>
        <bndbox>
            <xmin>618.775390625</xmin>
            <ymin>195.705078125</ymin>
            <xmax>718.6597656250015</xmax>
            <ymax>307.88417968749854</ymax>
        </bndbox>
    </object>    <object>
        <name>body</name>
        <pose>Unspecified</pose>
        <truncated>0</truncated>
        <difficult>0</difficult>
        <bndbox>
            <xmin>688.244140625</xmin>
            <ymin>345.5618489583333</ymin>
            <xmax>1262.244140625</xmax>
            <ymax>718.1242187500005</ymax>
        </bndbox>
    </object>    <object>
        <name>body</name>
        <pose>Unspecified</pose>
        <truncated>0</truncated>
        <difficult>0</difficult>
        <bndbox>
            <xmin>25.54851740056818</xmin>
            <ymin>362.23398437500003</ymin>
            <xmax>517.4581528172391</xmax>
            <ymax>710.3805820465078</ymax>
        </bndbox>
    </object>    <object>
        <name>head</name>
        <pose>Unspecified</pose>
        <truncated>0</truncated>
        <difficult>0</difficult>
        <bndbox>
            <xmin>820.4151400862069</xmin>
            <ymin>57.70467403017241</ymin>
            <xmax>1135.3065463362077</xmax>
            <ymax>357.9068102606401</ymax>
        </bndbox>
    </object>    <object>
        <name>head</name>
        <pose>Unspecified</pose>
        <truncated>0</truncated>
        <difficult>0</difficult>
        <bndbox>
            <xmin>33.6251220703125</xmin>
            <ymin>41.6236572265625</ymin>
            <xmax>389.04870605468864</xmax>
            <ymax>383.5917671203615</ymax>
        </bndbox>
    </object>    <object>
        <name>body</name>
        <pose>Unspecified</pose>
        <truncated>0</truncated>
        <difficult>0</difficult>
        <bndbox>
            <xmin>528.871640625</xmin>
            <ymin>305.3269921875</ymin>
            <xmax>728.8614843750015</xmax>
            <ymax>473.147148565992</ymax>
        </bndbox>
    </object>
</annotation>
