<annotation>
    <folder></folder>
    <filename>frame_000433</filename>
    <path></path>
    <source>
        <database>Unknown</database>
    </source>
    <size>
        <width>1280</width>
        <height>720</height>
        <depth>3</depth>
    </size>
    <segmented>0</segmented>
    <object>
        <name>head</name>
        <pose>Unspecified</pose>
        <truncated>0</truncated>
        <difficult>0</difficult>
        <bndbox>
            <xmin>603.04296875</xmin>
            <ymin>200.658203125</ymin>
            <xmax>702.9273437500015</xmax>
            <ymax>312.83730468749854</ymax>
        </bndbox>
    </object>    <object>
        <name>body</name>
        <pose>Unspecified</pose>
        <truncated>0</truncated>
        <difficult>0</difficult>
        <bndbox>
            <xmin>688.244140625</xmin>
            <ymin>345.4728190104167</ymin>
            <xmax>1262.244140625</xmax>
            <ymax>718.0572265625005</ymax>
        </bndbox>
    </object>    <object>
        <name>body</name>
        <pose>Unspecified</pose>
        <truncated>0</truncated>
        <difficult>0</difficult>
        <bndbox>
            <xmin>25.456409801136363</xmin>
            <ymin>362.2609375000001</ymin>
            <xmax>517.5333195233629</xmax>
            <ymax>709.9017918904614</ymax>
        </bndbox>
    </object>    <object>
        <name>head</name>
        <pose>Unspecified</pose>
        <truncated>0</truncated>
        <difficult>0</difficult>
        <bndbox>
            <xmin>820.5587284482758</xmin>
            <ymin>57.922312769396555</ymin>
            <xmax>1135.4501346982765</xmax>
            <ymax>358.1244489998642</ymax>
        </bndbox>
    </object>    <object>
        <name>head</name>
        <pose>Unspecified</pose>
        <truncated>0</truncated>
        <difficult>0</difficult>
        <bndbox>
            <xmin>51.465087890625</xmin>
            <ymin>44.574462890625</ymin>
            <xmax>395.7853027343758</xmax>
            <ymax>381.28744659423865</ymax>
        </bndbox>
    </object>    <object>
        <name>body</name>
        <pose>Unspecified</pose>
        <truncated>0</truncated>
        <difficult>0</difficult>
        <bndbox>
            <xmin>528.143671875</xmin>
            <ymin>306.1705859375</ymin>
            <xmax>728.1335156250015</xmax>
            <ymax>474.60447105005863</ymax>
        </bndbox>
    </object>
</annotation>
