<annotation>
    <folder></folder>
    <filename>frame_000475</filename>
    <path></path>
    <source>
        <database>Unknown</database>
    </source>
    <size>
        <width>1280</width>
        <height>720</height>
        <depth>3</depth>
    </size>
    <segmented>0</segmented>
    <object>
        <name>head</name>
        <pose>Unspecified</pose>
        <truncated>0</truncated>
        <difficult>0</difficult>
        <bndbox>
            <xmin>593.47734375</xmin>
            <ymin>211.5013671875</ymin>
            <xmax>693.3617187500015</xmax>
            <ymax>323.68046874999857</ymax>
        </bndbox>
    </object>    <object>
        <name>body</name>
        <pose>Unspecified</pose>
        <truncated>0</truncated>
        <difficult>0</difficult>
        <bndbox>
            <xmin>688.244140625</xmin>
            <ymin>374.0967633928575</ymin>
            <xmax>1262.244140625</xmax>
            <ymax>720.0</ymax>
        </bndbox>
    </object>    <object>
        <name>body</name>
        <pose>Unspecified</pose>
        <truncated>0</truncated>
        <difficult>0</difficult>
        <bndbox>
            <xmin>10.704566592261905</xmin>
            <ymin>359.9302920386905</ymin>
            <xmax>521.4207905505928</xmax>
            <ymax>720.0</ymax>
        </bndbox>
    </object>    <object>
        <name>head</name>
        <pose>Unspecified</pose>
        <truncated>0</truncated>
        <difficult>0</difficult>
        <bndbox>
            <xmin>806.525390625</xmin>
            <ymin>52.990234375</ymin>
            <xmax>1105.2212319711543</xmax>
            <ymax>346.35437218299194</ymax>
        </bndbox>
    </object>    <object>
        <name>head</name>
        <pose>Unspecified</pose>
        <truncated>0</truncated>
        <difficult>0</difficult>
        <bndbox>
            <xmin>0.0</xmin>
            <ymin>32.4404296875</ymin>
            <xmax>276.8000000000011</xmax>
            <ymax>388.90000000000146</ymax>
        </bndbox>
    </object>    <object>
        <name>body</name>
        <pose>Unspecified</pose>
        <truncated>0</truncated>
        <difficult>0</difficult>
        <bndbox>
            <xmin>525.0194091796875</xmin>
            <ymin>323.6924743652344</ymin>
            <xmax>733.1980878373289</xmax>
            <ymax>490.02567061303284</ymax>
        </bndbox>
    </object>
</annotation>
