<annotation>
    <folder></folder>
    <filename>frame_000420</filename>
    <path></path>
    <source>
        <database>Unknown</database>
    </source>
    <size>
        <width>1280</width>
        <height>720</height>
        <depth>3</depth>
    </size>
    <segmented>0</segmented>
    <object>
        <name>head</name>
        <pose>Unspecified</pose>
        <truncated>0</truncated>
        <difficult>0</difficult>
        <bndbox>
            <xmin>584.691796875</xmin>
            <ymin>217.2951171875</ymin>
            <xmax>684.5761718750015</xmax>
            <ymax>329.47421874999856</ymax>
        </bndbox>
    </object>    <object>
        <name>body</name>
        <pose>Unspecified</pose>
        <truncated>0</truncated>
        <difficult>0</difficult>
        <bndbox>
            <xmin>688.244140625</xmin>
            <ymin>344.3154296875</ymin>
            <xmax>1262.244140625</xmax>
            <ymax>717.1863281250007</ymax>
        </bndbox>
    </object>    <object>
        <name>body</name>
        <pose>Unspecified</pose>
        <truncated>0</truncated>
        <difficult>0</difficult>
        <bndbox>
            <xmin>24.259011008522727</xmin>
            <ymin>362.61132812500074</ymin>
            <xmax>518.5104867029721</xmax>
            <ymax>703.6775198618568</ymax>
        </bndbox>
    </object>    <object>
        <name>head</name>
        <pose>Unspecified</pose>
        <truncated>0</truncated>
        <difficult>0</difficult>
        <bndbox>
            <xmin>822.4253771551724</xmin>
            <ymin>60.75161637931034</ymin>
            <xmax>1137.316783405173</xmax>
            <ymax>360.953752609778</ymax>
        </bndbox>
    </object>    <object>
        <name>head</name>
        <pose>Unspecified</pose>
        <truncated>0</truncated>
        <difficult>0</difficult>
        <bndbox>
            <xmin>171.25927734375</xmin>
            <ymin>59.64892578125</ymin>
            <xmax>448.959277343748</xmax>
            <ymax>364.83115234375146</ymax>
        </bndbox>
    </object>    <object>
        <name>body</name>
        <pose>Unspecified</pose>
        <truncated>0</truncated>
        <difficult>0</difficult>
        <bndbox>
            <xmin>518.680078125</xmin>
            <ymin>317.1373046875</ymin>
            <xmax>718.6699218750015</xmax>
            <ymax>493.5496633429255</ymax>
        </bndbox>
    </object>
</annotation>
