<annotation>
    <folder></folder>
    <filename>frame_000382</filename>
    <path></path>
    <source>
        <database>Unknown</database>
    </source>
    <size>
        <width>1280</width>
        <height>720</height>
        <depth>3</depth>
    </size>
    <segmented>0</segmented>
    <object>
        <name>head</name>
        <pose>Unspecified</pose>
        <truncated>0</truncated>
        <difficult>0</difficult>
        <bndbox>
            <xmin>581.716796875</xmin>
            <ymin>218.9462890625</ymin>
            <xmax>681.6011718750015</xmax>
            <ymax>331.12539062499854</ymax>
        </bndbox>
    </object>    <object>
        <name>body</name>
        <pose>Unspecified</pose>
        <truncated>0</truncated>
        <difficult>0</difficult>
        <bndbox>
            <xmin>688.244140625</xmin>
            <ymin>340.9322916666667</ymin>
            <xmax>1262.244140625</xmax>
            <ymax>714.6406250000014</ymax>
        </bndbox>
    </object>    <object>
        <name>body</name>
        <pose>Unspecified</pose>
        <truncated>0</truncated>
        <difficult>0</difficult>
        <bndbox>
            <xmin>23.393479567307693</xmin>
            <ymin>326.38254206730784</ymin>
            <xmax>522.4000000000015</xmax>
            <ymax>707.0740426870487</ymax>
        </bndbox>
    </object>    <object>
        <name>head</name>
        <pose>Unspecified</pose>
        <truncated>0</truncated>
        <difficult>0</difficult>
        <bndbox>
            <xmin>918.8445870535714</xmin>
            <ymin>38.54213169642857</ymin>
            <xmax>1233.735993303572</xmax>
            <ymax>338.7442679268962</ymax>
        </bndbox>
    </object>    <object>
        <name>head</name>
        <pose>Unspecified</pose>
        <truncated>0</truncated>
        <difficult>0</difficult>
        <bndbox>
            <xmin>116.62109375</xmin>
            <ymin>59.603515625</ymin>
            <xmax>369.0683159722248</xmax>
            <ymax>328.1154568142356</ymax>
        </bndbox>
    </object>    <object>
        <name>body</name>
        <pose>Unspecified</pose>
        <truncated>0</truncated>
        <difficult>0</difficult>
        <bndbox>
            <xmin>541.754296875</xmin>
            <ymin>316.4716796875</ymin>
            <xmax>741.7441406250015</xmax>
            <ymax>493.61102050781193</ymax>
        </bndbox>
    </object>
</annotation>
