<annotation>
    <folder></folder>
    <filename>frame_000250</filename>
    <path></path>
    <source>
        <database>Unknown</database>
    </source>
    <size>
        <width>1280</width>
        <height>720</height>
        <depth>3</depth>
    </size>
    <segmented>0</segmented>
    <object>
        <name>head</name>
        <pose>Unspecified</pose>
        <truncated>0</truncated>
        <difficult>0</difficult>
        <bndbox>
            <xmin>556.462890625</xmin>
            <ymin>229.5458984375</ymin>
            <xmax>656.3472656250015</xmax>
            <ymax>341.72499999999854</ymax>
        </bndbox>
    </object>    <object>
        <name>body</name>
        <pose>Unspecified</pose>
        <truncated>0</truncated>
        <difficult>0</difficult>
        <bndbox>
            <xmin>701.513671875</xmin>
            <ymin>350.240234375</ymin>
            <xmax>1275.513671875</xmax>
            <ymax>710.2173632812519</ymax>
        </bndbox>
    </object>    <object>
        <name>body</name>
        <pose>Unspecified</pose>
        <truncated>0</truncated>
        <difficult>0</difficult>
        <bndbox>
            <xmin>24.77657470703184</xmin>
            <ymin>356.2625000000003</ymin>
            <xmax>525.9100242614747</xmax>
            <ymax>702.9053211212158</ymax>
        </bndbox>
    </object>    <object>
        <name>head</name>
        <pose>Unspecified</pose>
        <truncated>0</truncated>
        <difficult>0</difficult>
        <bndbox>
            <xmin>838.548828125</xmin>
            <ymin>55.560546875</ymin>
            <xmax>1153.4402343750007</xmax>
            <ymax>355.76268310546766</ymax>
        </bndbox>
    </object>    <object>
        <name>head</name>
        <pose>Unspecified</pose>
        <truncated>0</truncated>
        <difficult>0</difficult>
        <bndbox>
            <xmin>124.657470703125</xmin>
            <ymin>90.663818359375</ymin>
            <xmax>374.66638671875126</xmax>
            <ymax>358.54973937988234</ymax>
        </bndbox>
    </object>    <object>
        <name>body</name>
        <pose>Unspecified</pose>
        <truncated>0</truncated>
        <difficult>0</difficult>
        <bndbox>
            <xmin>511.15099158653845</xmin>
            <ymin>325.3076171875</ymin>
            <xmax>734.2773737980763</xmax>
            <ymax>521.4773869441079</ymax>
        </bndbox>
    </object>
</annotation>
