<annotation>
    <folder></folder>
    <filename>frame_000031</filename>
    <path></path>
    <source>
        <database>Unknown</database>
    </source>
    <size>
        <width>1280</width>
        <height>720</height>
        <depth>3</depth>
    </size>
    <segmented>0</segmented>
    <object>
        <name>head</name>
        <pose>Unspecified</pose>
        <truncated>0</truncated>
        <difficult>0</difficult>
        <bndbox>
            <xmin>586.22265625</xmin>
            <ymin>196.38125</ymin>
            <xmax>691.6765625000007</xmax>
            <ymax>329.9199279785149</ymax>
        </bndbox>
    </object>    <object>
        <name>body</name>
        <pose>Unspecified</pose>
        <truncated>0</truncated>
        <difficult>0</difficult>
        <bndbox>
            <xmin>722.255859375</xmin>
            <ymin>323.75</ymin>
            <xmax>1280.0</xmax>
            <ymax>689.716796875</ymax>
        </bndbox>
    </object>    <object>
        <name>body</name>
        <pose>Unspecified</pose>
        <truncated>0</truncated>
        <difficult>0</difficult>
        <bndbox>
            <xmin>2.2431640625</xmin>
            <ymin>357.7815755208333</ymin>
            <xmax>600.4705078125007</xmax>
            <ymax>709.1522786458348</ymax>
        </bndbox>
    </object>    <object>
        <name>head</name>
        <pose>Unspecified</pose>
        <truncated>0</truncated>
        <difficult>0</difficult>
        <bndbox>
            <xmin>897.23388671875</xmin>
            <ymin>17.9375</ymin>
            <xmax>1212.1252929687507</xmax>
            <ymax>318.13963623046766</ymax>
        </bndbox>
    </object>    <object>
        <name>head</name>
        <pose>Unspecified</pose>
        <truncated>0</truncated>
        <difficult>0</difficult>
        <bndbox>
            <xmin>152.90983072916666</xmin>
            <ymin>10.810546875</ymin>
            <xmax>414.8190104166667</xmax>
            <ymax>358.486328125</ymax>
        </bndbox>
    </object>    <object>
        <name>body</name>
        <pose>Unspecified</pose>
        <truncated>0</truncated>
        <difficult>0</difficult>
        <bndbox>
            <xmin>512.3097956730769</xmin>
            <ymin>330.0686598557692</ymin>
            <xmax>740.1097956730762</xmax>
            <ymax>493.7686720628005</ymax>
        </bndbox>
    </object>
</annotation>
