<annotation>
    <folder></folder>
    <filename>frame_000355</filename>
    <path></path>
    <source>
        <database>Unknown</database>
    </source>
    <size>
        <width>1280</width>
        <height>720</height>
        <depth>3</depth>
    </size>
    <segmented>0</segmented>
    <object>
        <name>head</name>
        <pose>Unspecified</pose>
        <truncated>0</truncated>
        <difficult>0</difficult>
        <bndbox>
            <xmin>583.54296875</xmin>
            <ymin>200.105224609375</ymin>
            <xmax>683.4273437500015</xmax>
            <ymax>312.28432617187354</ymax>
        </bndbox>
    </object>    <object>
        <name>body</name>
        <pose>Unspecified</pose>
        <truncated>0</truncated>
        <difficult>0</difficult>
        <bndbox>
            <xmin>694.96484375</xmin>
            <ymin>340.576171875</ymin>
            <xmax>1265.5809151785713</xmax>
            <ymax>714.3726562500015</ymax>
        </bndbox>
    </object>    <object>
        <name>body</name>
        <pose>Unspecified</pose>
        <truncated>0</truncated>
        <difficult>0</difficult>
        <bndbox>
            <xmin>9.21484375</xmin>
            <ymin>332.35805664062536</ymin>
            <xmax>511.3936035156257</xmax>
            <ymax>719.4917068481445</ymax>
        </bndbox>
    </object>    <object>
        <name>head</name>
        <pose>Unspecified</pose>
        <truncated>0</truncated>
        <difficult>0</difficult>
        <bndbox>
            <xmin>824.909140625</xmin>
            <ymin>56.9944921875</ymin>
            <xmax>1139.8005468750007</xmax>
            <ymax>357.19662841796764</ymax>
        </bndbox>
    </object>    <object>
        <name>head</name>
        <pose>Unspecified</pose>
        <truncated>0</truncated>
        <difficult>0</difficult>
        <bndbox>
            <xmin>113.57470703125</xmin>
            <ymin>37.71630859375</ymin>
            <xmax>392.52606119791926</xmax>
            <ymax>349.8127166748045</ymax>
        </bndbox>
    </object>    <object>
        <name>body</name>
        <pose>Unspecified</pose>
        <truncated>0</truncated>
        <difficult>0</difficult>
        <bndbox>
            <xmin>526.42529296875</xmin>
            <ymin>306.157470703125</ymin>
            <xmax>727.3168775558424</xmax>
            <ymax>489.68842239380047</ymax>
        </bndbox>
    </object>
</annotation>
