<annotation>
    <folder></folder>
    <filename>frame_000447</filename>
    <path></path>
    <source>
        <database>Unknown</database>
    </source>
    <size>
        <width>1280</width>
        <height>720</height>
        <depth>3</depth>
    </size>
    <segmented>0</segmented>
    <object>
        <name>head</name>
        <pose>Unspecified</pose>
        <truncated>0</truncated>
        <difficult>0</difficult>
        <bndbox>
            <xmin>585.06591796875</xmin>
            <ymin>208.092529296875</ymin>
            <xmax>689.412576124404</xmax>
            <ymax>320.27356211344204</ymax>
        </bndbox>
    </object>    <object>
        <name>body</name>
        <pose>Unspecified</pose>
        <truncated>0</truncated>
        <difficult>0</difficult>
        <bndbox>
            <xmin>688.244140625</xmin>
            <ymin>346.71923828125</ymin>
            <xmax>1262.244140625</xmax>
            <ymax>718.9951171875002</ymax>
        </bndbox>
    </object>    <object>
        <name>body</name>
        <pose>Unspecified</pose>
        <truncated>0</truncated>
        <difficult>0</difficult>
        <bndbox>
            <xmin>15.709375000000001</xmin>
            <ymin>345.638671875</ymin>
            <xmax>528.7654675451471</xmax>
            <ymax>715.2</ymax>
        </bndbox>
    </object>    <object>
        <name>head</name>
        <pose>Unspecified</pose>
        <truncated>0</truncated>
        <difficult>0</difficult>
        <bndbox>
            <xmin>856.71875</xmin>
            <ymin>56.89453125</ymin>
            <xmax>1142.077067307695</xmax>
            <ymax>344.62737623948306</ymax>
        </bndbox>
    </object>    <object>
        <name>head</name>
        <pose>Unspecified</pose>
        <truncated>0</truncated>
        <difficult>0</difficult>
        <bndbox>
            <xmin>178.6005859375</xmin>
            <ymin>87.333984375</ymin>
            <xmax>421.7736328125011</xmax>
            <ymax>363.2239929199204</ymax>
        </bndbox>
    </object>    <object>
        <name>body</name>
        <pose>Unspecified</pose>
        <truncated>0</truncated>
        <difficult>0</difficult>
        <bndbox>
            <xmin>522.89990234375</xmin>
            <ymin>319.422119140625</ymin>
            <xmax>723.8186523437516</xmax>
            <ymax>489.72729492187227</ymax>
        </bndbox>
    </object>
</annotation>
