<annotation>
    <folder></folder>
    <filename>frame_000531</filename>
    <path></path>
    <source>
        <database>Unknown</database>
    </source>
    <size>
        <width>1280</width>
        <height>720</height>
        <depth>3</depth>
    </size>
    <segmented>0</segmented>
    <object>
        <name>head</name>
        <pose>Unspecified</pose>
        <truncated>0</truncated>
        <difficult>0</difficult>
        <bndbox>
            <xmin>566.75</xmin>
            <ymin>216.5498046875</ymin>
            <xmax>675.9402343750007</xmax>
            <ymax>328.72890624999854</ymax>
        </bndbox>
    </object>    <object>
        <name>body</name>
        <pose>Unspecified</pose>
        <truncated>0</truncated>
        <difficult>0</difficult>
        <bndbox>
            <xmin>711.5997209821435</xmin>
            <ymin>351.5205915178573</ymin>
            <xmax>1279.0661272321413</xmax>
            <ymax>702.4505004882812</ymax>
        </bndbox>
    </object>    <object>
        <name>body</name>
        <pose>Unspecified</pose>
        <truncated>0</truncated>
        <difficult>0</difficult>
        <bndbox>
            <xmin>24.215262276785715</xmin>
            <ymin>316.9255022321439</ymin>
            <xmax>521.1440171595979</xmax>
            <ymax>711.8659511021209</ymax>
        </bndbox>
    </object>    <object>
        <name>head</name>
        <pose>Unspecified</pose>
        <truncated>0</truncated>
        <difficult>0</difficult>
        <bndbox>
            <xmin>838.40478515625</xmin>
            <ymin>47.70751953125</ymin>
            <xmax>1153.2961914062507</xmax>
            <ymax>347.90965576171766</ymax>
        </bndbox>
    </object>    <object>
        <name>head</name>
        <pose>Unspecified</pose>
        <truncated>0</truncated>
        <difficult>0</difficult>
        <bndbox>
            <xmin>211.978515625</xmin>
            <ymin>97.896484375</ymin>
            <xmax>456.03279079861386</xmax>
            <ymax>377.9800774468331</ymax>
        </bndbox>
    </object>    <object>
        <name>body</name>
        <pose>Unspecified</pose>
        <truncated>0</truncated>
        <difficult>0</difficult>
        <bndbox>
            <xmin>513.1171875</xmin>
            <ymin>323.78125</ymin>
            <xmax>734.640634155272</xmax>
            <ymax>522.2353515625</ymax>
        </bndbox>
    </object>
</annotation>
