<annotation>
    <folder></folder>
    <filename>frame_000129</filename>
    <path></path>
    <source>
        <database>Unknown</database>
    </source>
    <size>
        <width>1280</width>
        <height>720</height>
        <depth>3</depth>
    </size>
    <segmented>0</segmented>
    <object>
        <name>head</name>
        <pose>Unspecified</pose>
        <truncated>0</truncated>
        <difficult>0</difficult>
        <bndbox>
            <xmin>561.5690104166666</xmin>
            <ymin>191.75260416666666</ymin>
            <xmax>679.0116666666667</xmax>
            <ymax>325.2912821451816</ymax>
        </bndbox>
    </object>    <object>
        <name>body</name>
        <pose>Unspecified</pose>
        <truncated>0</truncated>
        <difficult>0</difficult>
        <bndbox>
            <xmin>677.0994499362245</xmin>
            <ymin>368.1701743197279</ymin>
            <xmax>1251.0994499362246</xmax>
            <ymax>720.0</ymax>
        </bndbox>
    </object>    <object>
        <name>body</name>
        <pose>Unspecified</pose>
        <truncated>0</truncated>
        <difficult>0</difficult>
        <bndbox>
            <xmin>18.28681640625</xmin>
            <ymin>381.5251953125</ymin>
            <xmax>524.7216796875033</xmax>
            <ymax>717.6600000000002</ymax>
        </bndbox>
    </object>    <object>
        <name>head</name>
        <pose>Unspecified</pose>
        <truncated>0</truncated>
        <difficult>0</difficult>
        <bndbox>
            <xmin>831.8462382277397</xmin>
            <ymin>52.25780581121575</ymin>
            <xmax>1146.7376444777406</xmax>
            <ymax>352.4599420416834</ymax>
        </bndbox>
    </object>    <object>
        <name>head</name>
        <pose>Unspecified</pose>
        <truncated>0</truncated>
        <difficult>0</difficult>
        <bndbox>
            <xmin>134.46177455357142</xmin>
            <ymin>67.91448102678571</ymin>
            <xmax>396.37095424107144</xmax>
            <ymax>361.7734654017872</ymax>
        </bndbox>
    </object>    <object>
        <name>body</name>
        <pose>Unspecified</pose>
        <truncated>0</truncated>
        <difficult>0</difficult>
        <bndbox>
            <xmin>510.8441611842105</xmin>
            <ymin>312.5589535361842</ymin>
            <xmax>738.6441611842098</xmax>
            <ymax>491.1606057766537</ymax>
        </bndbox>
    </object>
</annotation>
