<annotation>
    <folder></folder>
    <filename>frame_000512</filename>
    <path></path>
    <source>
        <database>Unknown</database>
    </source>
    <size>
        <width>1280</width>
        <height>720</height>
        <depth>3</depth>
    </size>
    <segmented>0</segmented>
    <object>
        <name>head</name>
        <pose>Unspecified</pose>
        <truncated>0</truncated>
        <difficult>0</difficult>
        <bndbox>
            <xmin>571.6555989583334</xmin>
            <ymin>199.927734375</ymin>
            <xmax>680.8458333333341</xmax>
            <ymax>312.10683593749854</ymax>
        </bndbox>
    </object>    <object>
        <name>body</name>
        <pose>Unspecified</pose>
        <truncated>0</truncated>
        <difficult>0</difficult>
        <bndbox>
            <xmin>705.0205078125008</xmin>
            <ymin>348.1911272321431</ymin>
            <xmax>1279.06640625</xmax>
            <ymax>691.0767556326739</ymax>
        </bndbox>
    </object>    <object>
        <name>body</name>
        <pose>Unspecified</pose>
        <truncated>0</truncated>
        <difficult>0</difficult>
        <bndbox>
            <xmin>24.2998046875</xmin>
            <ymin>317.986328125</ymin>
            <xmax>503.6638671875007</xmax>
            <ymax>704.0636718749956</ymax>
        </bndbox>
    </object>    <object>
        <name>head</name>
        <pose>Unspecified</pose>
        <truncated>0</truncated>
        <difficult>0</difficult>
        <bndbox>
            <xmin>845.0859375</xmin>
            <ymin>50.37109375</ymin>
            <xmax>1159.9773437500007</xmax>
            <ymax>350.57322998046766</ymax>
        </bndbox>
    </object>    <object>
        <name>head</name>
        <pose>Unspecified</pose>
        <truncated>0</truncated>
        <difficult>0</difficult>
        <bndbox>
            <xmin>121.40000000000146</xmin>
            <ymin>13.5</ymin>
            <xmax>399.1564483642578</xmax>
            <ymax>326.23828125</ymax>
        </bndbox>
    </object>    <object>
        <name>body</name>
        <pose>Unspecified</pose>
        <truncated>0</truncated>
        <difficult>0</difficult>
        <bndbox>
            <xmin>518.8194754464286</xmin>
            <ymin>314.4116908482143</ymin>
            <xmax>738.2198908293509</xmax>
            <ymax>490.4817004075251</ymax>
        </bndbox>
    </object>
</annotation>
