<annotation>
    <folder></folder>
    <filename>frame_000043</filename>
    <path></path>
    <source>
        <database>Unknown</database>
    </source>
    <size>
        <width>1280</width>
        <height>720</height>
        <depth>3</depth>
    </size>
    <segmented>0</segmented>
    <object>
        <name>head</name>
        <pose>Unspecified</pose>
        <truncated>0</truncated>
        <difficult>0</difficult>
        <bndbox>
            <xmin>595.19453125</xmin>
            <ymin>189.203125</ymin>
            <xmax>700.6484375000007</xmax>
            <ymax>322.7418029785149</ymax>
        </bndbox>
    </object>    <object>
        <name>body</name>
        <pose>Unspecified</pose>
        <truncated>0</truncated>
        <difficult>0</difficult>
        <bndbox>
            <xmin>697.4408083545918</xmin>
            <ymin>367.5131536989796</ymin>
            <xmax>1271.4408083545918</xmax>
            <ymax>720.0</ymax>
        </bndbox>
    </object>    <object>
        <name>body</name>
        <pose>Unspecified</pose>
        <truncated>0</truncated>
        <difficult>0</difficult>
        <bndbox>
            <xmin>5.960407366071428</xmin>
            <ymin>356.2767578125</ymin>
            <xmax>594.5274832589294</xmax>
            <ymax>709.0674832589299</ymax>
        </bndbox>
    </object>    <object>
        <name>head</name>
        <pose>Unspecified</pose>
        <truncated>0</truncated>
        <difficult>0</difficult>
        <bndbox>
            <xmin>831.84921875</xmin>
            <ymin>57.6419921875</ymin>
            <xmax>1146.7406250000008</xmax>
            <ymax>357.8441284179677</ymax>
        </bndbox>
    </object>    <object>
        <name>head</name>
        <pose>Unspecified</pose>
        <truncated>0</truncated>
        <difficult>0</difficult>
        <bndbox>
            <xmin>155.9005859375</xmin>
            <ymin>65.5255859375</ymin>
            <xmax>417.809765625</xmax>
            <ymax>359.38457031249965</ymax>
        </bndbox>
    </object>    <object>
        <name>body</name>
        <pose>Unspecified</pose>
        <truncated>0</truncated>
        <difficult>0</difficult>
        <bndbox>
            <xmin>509.54897836538464</xmin>
            <ymin>328.34329927884613</ymin>
            <xmax>737.3489783653839</xmax>
            <ymax>492.0433114858774</ymax>
        </bndbox>
    </object>
</annotation>
