<annotation>
    <folder></folder>
    <filename>frame_000181</filename>
    <path></path>
    <source>
        <database>Unknown</database>
    </source>
    <size>
        <width>1280</width>
        <height>720</height>
        <depth>3</depth>
    </size>
    <segmented>0</segmented>
    <object>
        <name>head</name>
        <pose>Unspecified</pose>
        <truncated>0</truncated>
        <difficult>0</difficult>
        <bndbox>
            <xmin>575.009765625</xmin>
            <ymin>209.4384765625</ymin>
            <xmax>702.9425781249993</xmax>
            <ymax>344.050790405272</ymax>
        </bndbox>
    </object>    <object>
        <name>body</name>
        <pose>Unspecified</pose>
        <truncated>0</truncated>
        <difficult>0</difficult>
        <bndbox>
            <xmin>664.8000239158164</xmin>
            <ymin>368.56744260204084</ymin>
            <xmax>1238.8000239158164</xmax>
            <ymax>720.0</ymax>
        </bndbox>
    </object>    <object>
        <name>body</name>
        <pose>Unspecified</pose>
        <truncated>0</truncated>
        <difficult>0</difficult>
        <bndbox>
            <xmin>9.834526909722221</xmin>
            <ymin>330.9015842013889</ymin>
            <xmax>485.78501157407595</xmax>
            <ymax>715.6692712854443</ymax>
        </bndbox>
    </object>    <object>
        <name>head</name>
        <pose>Unspecified</pose>
        <truncated>0</truncated>
        <difficult>0</difficult>
        <bndbox>
            <xmin>834.7261611729452</xmin>
            <ymin>49.23840833690068</ymin>
            <xmax>1149.617567422946</xmax>
            <ymax>349.44054456736836</ymax>
        </bndbox>
    </object>    <object>
        <name>head</name>
        <pose>Unspecified</pose>
        <truncated>0</truncated>
        <difficult>0</difficult>
        <bndbox>
            <xmin>185.44779829545456</xmin>
            <ymin>49.52689985795455</ymin>
            <xmax>447.35697798295456</xmax>
            <ymax>343.3858842329542</ymax>
        </bndbox>
    </object>    <object>
        <name>body</name>
        <pose>Unspecified</pose>
        <truncated>0</truncated>
        <difficult>0</difficult>
        <bndbox>
            <xmin>498.64375</xmin>
            <ymin>331.173828125</ymin>
            <xmax>726.4437499999992</xmax>
            <ymax>494.87384033203125</ymax>
        </bndbox>
    </object>
</annotation>
