<annotation>
    <folder></folder>
    <filename>frame_000371</filename>
    <path></path>
    <source>
        <database>Unknown</database>
    </source>
    <size>
        <width>1280</width>
        <height>720</height>
        <depth>3</depth>
    </size>
    <segmented>0</segmented>
    <object>
        <name>head</name>
        <pose>Unspecified</pose>
        <truncated>0</truncated>
        <difficult>0</difficult>
        <bndbox>
            <xmin>632.869140625</xmin>
            <ymin>206.861328125</ymin>
            <xmax>732.7535156250015</xmax>
            <ymax>319.04042968749854</ymax>
        </bndbox>
    </object>    <object>
        <name>body</name>
        <pose>Unspecified</pose>
        <truncated>0</truncated>
        <difficult>0</difficult>
        <bndbox>
            <xmin>707.8844866071429</xmin>
            <ymin>340.576171875</ymin>
            <xmax>1276.5668845663265</xmax>
            <ymax>714.3726562500015</ymax>
        </bndbox>
    </object>    <object>
        <name>body</name>
        <pose>Unspecified</pose>
        <truncated>0</truncated>
        <difficult>0</difficult>
        <bndbox>
            <xmin>18.492466517857142</xmin>
            <ymin>355.65711495535754</ymin>
            <xmax>502.79863839285827</xmax>
            <ymax>709.0223188127784</ymax>
        </bndbox>
    </object>    <object>
        <name>head</name>
        <pose>Unspecified</pose>
        <truncated>0</truncated>
        <difficult>0</difficult>
        <bndbox>
            <xmin>871.7861328125</xmin>
            <ymin>53.07568359375</ymin>
            <xmax>1186.6775390625007</xmax>
            <ymax>353.27781982421766</ymax>
        </bndbox>
    </object>    <object>
        <name>head</name>
        <pose>Unspecified</pose>
        <truncated>0</truncated>
        <difficult>0</difficult>
        <bndbox>
            <xmin>37.2041015625</xmin>
            <ymin>59.0068359375</ymin>
            <xmax>306.0067578124999</xmax>
            <ymax>344.30443756103705</ymax>
        </bndbox>
    </object>    <object>
        <name>body</name>
        <pose>Unspecified</pose>
        <truncated>0</truncated>
        <difficult>0</difficult>
        <bndbox>
            <xmin>516.7958984375</xmin>
            <ymin>322.2744140625</ymin>
            <xmax>716.7304812782713</xmax>
            <ymax>491.9931632594071</ymax>
        </bndbox>
    </object>
</annotation>
