<annotation>
    <folder></folder>
    <filename>frame_000094</filename>
    <path></path>
    <source>
        <database>Unknown</database>
    </source>
    <size>
        <width>1280</width>
        <height>720</height>
        <depth>3</depth>
    </size>
    <segmented>0</segmented>
    <object>
        <name>head</name>
        <pose>Unspecified</pose>
        <truncated>0</truncated>
        <difficult>0</difficult>
        <bndbox>
            <xmin>587.98486328125</xmin>
            <ymin>188.0140380859375</ymin>
            <xmax>693.4387695312507</xmax>
            <ymax>321.5527160644524</ymax>
        </bndbox>
    </object>    <object>
        <name>body</name>
        <pose>Unspecified</pose>
        <truncated>0</truncated>
        <difficult>0</difficult>
        <bndbox>
            <xmin>685.377909757653</xmin>
            <ymin>367.90278220663265</ymin>
            <xmax>1259.377909757653</xmax>
            <ymax>720.0</ymax>
        </bndbox>
    </object>    <object>
        <name>body</name>
        <pose>Unspecified</pose>
        <truncated>0</truncated>
        <difficult>0</difficult>
        <bndbox>
            <xmin>3.399029356060606</xmin>
            <ymin>329.7439926609849</ymin>
            <xmax>568.3277225378795</xmax>
            <ymax>715.2121212121225</ymax>
        </bndbox>
    </object>    <object>
        <name>head</name>
        <pose>Unspecified</pose>
        <truncated>0</truncated>
        <difficult>0</difficult>
        <bndbox>
            <xmin>829.9078285530821</xmin>
            <ymin>54.29009257277397</ymin>
            <xmax>1144.799234803083</xmax>
            <ymax>354.49222880324163</ymax>
        </bndbox>
    </object>    <object>
        <name>head</name>
        <pose>Unspecified</pose>
        <truncated>0</truncated>
        <difficult>0</difficult>
        <bndbox>
            <xmin>178.89220252403845</xmin>
            <ymin>63.26389723557692</ymin>
            <xmax>440.80138221153845</xmax>
            <ymax>357.12288161057654</ymax>
        </bndbox>
    </object>    <object>
        <name>body</name>
        <pose>Unspecified</pose>
        <truncated>0</truncated>
        <difficult>0</difficult>
        <bndbox>
            <xmin>510.71079799107144</xmin>
            <ymin>318.406982421875</ymin>
            <xmax>738.5107979910707</xmax>
            <ymax>499.69814625866303</ymax>
        </bndbox>
    </object>
</annotation>
