<annotation>
    <folder></folder>
    <filename>frame_000313</filename>
    <path></path>
    <source>
        <database>Unknown</database>
    </source>
    <size>
        <width>1280</width>
        <height>720</height>
        <depth>3</depth>
    </size>
    <segmented>0</segmented>
    <object>
        <name>head</name>
        <pose>Unspecified</pose>
        <truncated>0</truncated>
        <difficult>0</difficult>
        <bndbox>
            <xmin>591.26708984375</xmin>
            <ymin>211.564697265625</ymin>
            <xmax>691.1514648437515</xmax>
            <ymax>323.74379882812354</ymax>
        </bndbox>
    </object>    <object>
        <name>body</name>
        <pose>Unspecified</pose>
        <truncated>0</truncated>
        <difficult>0</difficult>
        <bndbox>
            <xmin>686.4873046875</xmin>
            <ymin>353.41796875</ymin>
            <xmax>1260.4873046875</xmax>
            <ymax>717.1863281250007</ymax>
        </bndbox>
    </object>    <object>
        <name>body</name>
        <pose>Unspecified</pose>
        <truncated>0</truncated>
        <difficult>0</difficult>
        <bndbox>
            <xmin>35.913137335526315</xmin>
            <ymin>274.12376644736844</ymin>
            <xmax>535.1665878563606</xmax>
            <ymax>718.4000000000018</ymax>
        </bndbox>
    </object>    <object>
        <name>head</name>
        <pose>Unspecified</pose>
        <truncated>0</truncated>
        <difficult>0</difficult>
        <bndbox>
            <xmin>870.87890625</xmin>
            <ymin>64.3724609375</ymin>
            <xmax>1185.7703125000007</xmax>
            <ymax>364.5745971679677</ymax>
        </bndbox>
    </object>    <object>
        <name>head</name>
        <pose>Unspecified</pose>
        <truncated>0</truncated>
        <difficult>0</difficult>
        <bndbox>
            <xmin>115.526611328125</xmin>
            <ymin>67.8543701171875</ymin>
            <xmax>384.19809570312646</xmax>
            <ymax>361.7871826171886</ymax>
        </bndbox>
    </object>    <object>
        <name>body</name>
        <pose>Unspecified</pose>
        <truncated>0</truncated>
        <difficult>0</difficult>
        <bndbox>
            <xmin>508.513671875</xmin>
            <ymin>321.083203125</ymin>
            <xmax>736.3136718749993</xmax>
            <ymax>519.5515747070283</ymax>
        </bndbox>
    </object>
</annotation>
