<annotation>
    <folder></folder>
    <filename>frame_000205</filename>
    <path></path>
    <source>
        <database>Unknown</database>
    </source>
    <size>
        <width>1280</width>
        <height>720</height>
        <depth>3</depth>
    </size>
    <segmented>0</segmented>
    <object>
        <name>head</name>
        <pose>Unspecified</pose>
        <truncated>0</truncated>
        <difficult>0</difficult>
        <bndbox>
            <xmin>559.736328125</xmin>
            <ymin>186.990234375</ymin>
            <xmax>687.6691406249993</xmax>
            <ymax>321.602548217772</ymax>
        </bndbox>
    </object>    <object>
        <name>body</name>
        <pose>Unspecified</pose>
        <truncated>0</truncated>
        <difficult>0</difficult>
        <bndbox>
            <xmin>680.5399639423077</xmin>
            <ymin>362.0684344951923</ymin>
            <xmax>1254.5399639423076</xmax>
            <ymax>713.4551532451923</ymax>
        </bndbox>
    </object>    <object>
        <name>body</name>
        <pose>Unspecified</pose>
        <truncated>0</truncated>
        <difficult>0</difficult>
        <bndbox>
            <xmin>11.71484375</xmin>
            <ymin>349.74042968750047</ymin>
            <xmax>537.1684988839285</xmax>
            <ymax>710.6483886718755</ymax>
        </bndbox>
    </object>    <object>
        <name>head</name>
        <pose>Unspecified</pose>
        <truncated>0</truncated>
        <difficult>0</difficult>
        <bndbox>
            <xmin>836.0551470588235</xmin>
            <ymin>57.998219209558826</ymin>
            <xmax>1150.9465533088242</xmax>
            <ymax>358.2003554400265</ymax>
        </bndbox>
    </object>    <object>
        <name>head</name>
        <pose>Unspecified</pose>
        <truncated>0</truncated>
        <difficult>0</difficult>
        <bndbox>
            <xmin>168.86264935661765</xmin>
            <ymin>68.53825827205883</ymin>
            <xmax>430.7718290441176</xmax>
            <ymax>362.3972426470585</ymax>
        </bndbox>
    </object>    <object>
        <name>body</name>
        <pose>Unspecified</pose>
        <truncated>0</truncated>
        <difficult>0</difficult>
        <bndbox>
            <xmin>511.107421875</xmin>
            <ymin>311.5302734375</ymin>
            <xmax>723.9515625000004</xmax>
            <ymax>511.7792053222638</ymax>
        </bndbox>
    </object>
</annotation>
