<annotation>
    <folder></folder>
    <filename>frame_000088</filename>
    <path></path>
    <source>
        <database>Unknown</database>
    </source>
    <size>
        <width>1280</width>
        <height>720</height>
        <depth>3</depth>
    </size>
    <segmented>0</segmented>
    <object>
        <name>head</name>
        <pose>Unspecified</pose>
        <truncated>0</truncated>
        <difficult>0</difficult>
        <bndbox>
            <xmin>587.9453125</xmin>
            <ymin>191.6328125</ymin>
            <xmax>693.3992187500007</xmax>
            <ymax>325.1714904785149</ymax>
        </bndbox>
    </object>    <object>
        <name>body</name>
        <pose>Unspecified</pose>
        <truncated>0</truncated>
        <difficult>0</difficult>
        <bndbox>
            <xmin>686.7970742984694</xmin>
            <ymin>367.8569435586735</ymin>
            <xmax>1260.7970742984694</xmax>
            <ymax>720.0</ymax>
        </bndbox>
    </object>    <object>
        <name>body</name>
        <pose>Unspecified</pose>
        <truncated>0</truncated>
        <difficult>0</difficult>
        <bndbox>
            <xmin>2.3793205492424243</xmin>
            <ymin>337.6820253314394</ymin>
            <xmax>551.9394057765159</xmax>
            <ymax>716.6484848484857</ymax>
        </bndbox>
    </object>    <object>
        <name>head</name>
        <pose>Unspecified</pose>
        <truncated>0</truncated>
        <difficult>0</difficult>
        <bndbox>
            <xmin>829.5755297517123</xmin>
            <ymin>54.6384845890411</ymin>
            <xmax>1144.466936001713</xmax>
            <ymax>354.84062081950873</ymax>
        </bndbox>
    </object>    <object>
        <name>head</name>
        <pose>Unspecified</pose>
        <truncated>0</truncated>
        <difficult>0</difficult>
        <bndbox>
            <xmin>144.1690955528846</xmin>
            <ymin>60.80205829326923</ymin>
            <xmax>406.07827524038464</xmax>
            <ymax>354.66104266826886</ymax>
        </bndbox>
    </object>    <object>
        <name>body</name>
        <pose>Unspecified</pose>
        <truncated>0</truncated>
        <difficult>0</difficult>
        <bndbox>
            <xmin>513.025390625</xmin>
            <ymin>322.59581163194446</ymin>
            <xmax>740.8253906249993</xmax>
            <ymax>505.15862498413685</ymax>
        </bndbox>
    </object>
</annotation>
