<annotation>
    <folder></folder>
    <filename>frame_000430</filename>
    <path></path>
    <source>
        <database>Unknown</database>
    </source>
    <size>
        <width>1280</width>
        <height>720</height>
        <depth>3</depth>
    </size>
    <segmented>0</segmented>
    <object>
        <name>head</name>
        <pose>Unspecified</pose>
        <truncated>0</truncated>
        <difficult>0</difficult>
        <bndbox>
            <xmin>594.037109375</xmin>
            <ymin>201.5927734375</ymin>
            <xmax>693.9214843750015</xmax>
            <ymax>313.77187499999854</ymax>
        </bndbox>
    </object>    <object>
        <name>body</name>
        <pose>Unspecified</pose>
        <truncated>0</truncated>
        <difficult>0</difficult>
        <bndbox>
            <xmin>688.244140625</xmin>
            <ymin>345.2057291666667</ymin>
            <xmax>1262.244140625</xmax>
            <ymax>717.8562500000005</ymax>
        </bndbox>
    </object>    <object>
        <name>body</name>
        <pose>Unspecified</pose>
        <truncated>0</truncated>
        <difficult>0</difficult>
        <bndbox>
            <xmin>25.18008700284091</xmin>
            <ymin>362.3417968750002</ymin>
            <xmax>517.7588196417342</xmax>
            <ymax>708.4654214223218</ymax>
        </bndbox>
    </object>    <object>
        <name>head</name>
        <pose>Unspecified</pose>
        <truncated>0</truncated>
        <difficult>0</difficult>
        <bndbox>
            <xmin>820.9894935344828</xmin>
            <ymin>58.57522898706897</ymin>
            <xmax>1135.8808997844835</xmax>
            <ymax>358.7773652175366</ymax>
        </bndbox>
    </object>    <object>
        <name>head</name>
        <pose>Unspecified</pose>
        <truncated>0</truncated>
        <difficult>0</difficult>
        <bndbox>
            <xmin>104.9849853515625</xmin>
            <ymin>53.4268798828125</ymin>
            <xmax>415.99509277343736</xmax>
            <ymax>374.37448501587005</ymax>
        </bndbox>
    </object>    <object>
        <name>body</name>
        <pose>Unspecified</pose>
        <truncated>0</truncated>
        <difficult>0</difficult>
        <bndbox>
            <xmin>525.959765625</xmin>
            <ymin>308.7013671875</ymin>
            <xmax>725.9496093750015</xmax>
            <ymax>478.9764385022587</ymax>
        </bndbox>
    </object>
</annotation>
