<annotation>
    <folder></folder>
    <filename>frame_000170</filename>
    <path></path>
    <source>
        <database>Unknown</database>
    </source>
    <size>
        <width>1280</width>
        <height>720</height>
        <depth>3</depth>
    </size>
    <segmented>0</segmented>
    <object>
        <name>head</name>
        <pose>Unspecified</pose>
        <truncated>0</truncated>
        <difficult>0</difficult>
        <bndbox>
            <xmin>568.39296875</xmin>
            <ymin>198.55947265625</ymin>
            <xmax>696.3257812499993</xmax>
            <ymax>333.171786499022</ymax>
        </bndbox>
    </object>    <object>
        <name>body</name>
        <pose>Unspecified</pose>
        <truncated>0</truncated>
        <difficult>0</difficult>
        <bndbox>
            <xmin>667.4018255739796</xmin>
            <ymin>368.4834050807823</ymin>
            <xmax>1241.4018255739795</xmax>
            <ymax>720.0</ymax>
        </bndbox>
    </object>    <object>
        <name>body</name>
        <pose>Unspecified</pose>
        <truncated>0</truncated>
        <difficult>0</difficult>
        <bndbox>
            <xmin>11.622504340277779</xmin>
            <ymin>344.6545681423611</ymin>
            <xmax>495.2519024884284</xmax>
            <ymax>716.7048803258816</ymax>
        </bndbox>
    </object>    <object>
        <name>head</name>
        <pose>Unspecified</pose>
        <truncated>0</truncated>
        <difficult>0</difficult>
        <bndbox>
            <xmin>834.1169467037671</xmin>
            <ymin>49.87712703339041</ymin>
            <xmax>1149.0083529537678</xmax>
            <ymax>350.0792632638581</ymax>
        </bndbox>
    </object>    <object>
        <name>head</name>
        <pose>Unspecified</pose>
        <truncated>0</truncated>
        <difficult>0</difficult>
        <bndbox>
            <xmin>172.80766157670453</xmin>
            <ymin>69.32279829545455</ymin>
            <xmax>434.71684126420456</xmax>
            <ymax>363.1817826704542</ymax>
        </bndbox>
    </object>    <object>
        <name>body</name>
        <pose>Unspecified</pose>
        <truncated>0</truncated>
        <difficult>0</difficult>
        <bndbox>
            <xmin>507.5646306818182</xmin>
            <ymin>344.5772816051136</ymin>
            <xmax>735.3646306818174</xmax>
            <ymax>514.5251503684302</ymax>
        </bndbox>
    </object>
</annotation>
