<annotation>
    <folder></folder>
    <filename>frame_000292</filename>
    <path></path>
    <source>
        <database>Unknown</database>
    </source>
    <size>
        <width>1280</width>
        <height>720</height>
        <depth>3</depth>
    </size>
    <segmented>0</segmented>
    <object>
        <name>head</name>
        <pose>Unspecified</pose>
        <truncated>0</truncated>
        <difficult>0</difficult>
        <bndbox>
            <xmin>603.2172475961538</xmin>
            <ymin>218.60589443108975</ymin>
            <xmax>703.1016225961553</xmax>
            <ymax>330.78499599358827</ymax>
        </bndbox>
    </object>    <object>
        <name>body</name>
        <pose>Unspecified</pose>
        <truncated>0</truncated>
        <difficult>0</difficult>
        <bndbox>
            <xmin>714.7421875</xmin>
            <ymin>340.794921875</ymin>
            <xmax>1269.1588541666679</xmax>
            <ymax>712.2999999999993</ymax>
        </bndbox>
    </object>    <object>
        <name>body</name>
        <pose>Unspecified</pose>
        <truncated>0</truncated>
        <difficult>0</difficult>
        <bndbox>
            <xmin>16.408900669642858</xmin>
            <ymin>396.21303013392856</ymin>
            <xmax>536.0637422834142</xmax>
            <ymax>713.8981131417406</ymax>
        </bndbox>
    </object>    <object>
        <name>head</name>
        <pose>Unspecified</pose>
        <truncated>0</truncated>
        <difficult>0</difficult>
        <bndbox>
            <xmin>918.962890625</xmin>
            <ymin>32.6611328125</ymin>
            <xmax>1230.4873883928594</xmax>
            <ymax>332.86326904296766</ymax>
        </bndbox>
    </object>    <object>
        <name>head</name>
        <pose>Unspecified</pose>
        <truncated>0</truncated>
        <difficult>0</difficult>
        <bndbox>
            <xmin>128.877685546875</xmin>
            <ymin>75.64306640625</ymin>
            <xmax>414.1415093315986</xmax>
            <ymax>385.6652818467892</ymax>
        </bndbox>
    </object>    <object>
        <name>body</name>
        <pose>Unspecified</pose>
        <truncated>0</truncated>
        <difficult>0</difficult>
        <bndbox>
            <xmin>530.2734375</xmin>
            <ymin>322.11063058035717</ymin>
            <xmax>730.4566051136363</xmax>
            <ymax>506.9963550121746</ymax>
        </bndbox>
    </object>
</annotation>
