<annotation>
    <folder></folder>
    <filename>frame_000440</filename>
    <path></path>
    <source>
        <database>Unknown</database>
    </source>
    <size>
        <width>1280</width>
        <height>720</height>
        <depth>3</depth>
    </size>
    <segmented>0</segmented>
    <object>
        <name>head</name>
        <pose>Unspecified</pose>
        <truncated>0</truncated>
        <difficult>0</difficult>
        <bndbox>
            <xmin>613.357421875</xmin>
            <ymin>219.5849609375</ymin>
            <xmax>748.9400621202258</xmax>
            <ymax>331.77951253255196</ymax>
        </bndbox>
    </object>    <object>
        <name>body</name>
        <pose>Unspecified</pose>
        <truncated>0</truncated>
        <difficult>0</difficult>
        <bndbox>
            <xmin>688.244140625</xmin>
            <ymin>346.0960286458333</ymin>
            <xmax>1262.244140625</xmax>
            <ymax>718.5261718750004</ymax>
        </bndbox>
    </object>    <object>
        <name>body</name>
        <pose>Unspecified</pose>
        <truncated>0</truncated>
        <difficult>0</difficult>
        <bndbox>
            <xmin>23.865234375</xmin>
            <ymin>320.39306640625</ymin>
            <xmax>506.7808624964382</xmax>
            <ymax>720.0</ymax>
        </bndbox>
    </object>    <object>
        <name>head</name>
        <pose>Unspecified</pose>
        <truncated>0</truncated>
        <difficult>0</difficult>
        <bndbox>
            <xmin>851.9000000000015</xmin>
            <ymin>35.994140625</ymin>
            <xmax>1233.1355285644531</xmax>
            <ymax>336.19627685546766</ymax>
        </bndbox>
    </object>    <object>
        <name>head</name>
        <pose>Unspecified</pose>
        <truncated>0</truncated>
        <difficult>0</difficult>
        <bndbox>
            <xmin>179.3681640625</xmin>
            <ymin>17.982421875</ymin>
            <xmax>469.49611545139123</xmax>
            <ymax>341.46621093750036</ymax>
        </bndbox>
    </object>    <object>
        <name>body</name>
        <pose>Unspecified</pose>
        <truncated>0</truncated>
        <difficult>0</difficult>
        <bndbox>
            <xmin>540.3125</xmin>
            <ymin>324.431640625</ymin>
            <xmax>740.3023437500015</xmax>
            <ymax>518.5</ymax>
        </bndbox>
    </object>
</annotation>
