<annotation>
    <folder></folder>
    <filename>frame_000286</filename>
    <path></path>
    <source>
        <database>Unknown</database>
    </source>
    <size>
        <width>1280</width>
        <height>720</height>
        <depth>3</depth>
    </size>
    <segmented>0</segmented>
    <object>
        <name>head</name>
        <pose>Unspecified</pose>
        <truncated>0</truncated>
        <difficult>0</difficult>
        <bndbox>
            <xmin>598.9200721153846</xmin>
            <ymin>217.61190404647436</ymin>
            <xmax>698.8044471153861</xmax>
            <ymax>329.7910056089729</ymax>
        </bndbox>
    </object>    <object>
        <name>body</name>
        <pose>Unspecified</pose>
        <truncated>0</truncated>
        <difficult>0</difficult>
        <bndbox>
            <xmin>701.513671875</xmin>
            <ymin>340.7526367187502</ymin>
            <xmax>1275.513671875</xmax>
            <ymax>705.5304077148448</ymax>
        </bndbox>
    </object>    <object>
        <name>body</name>
        <pose>Unspecified</pose>
        <truncated>0</truncated>
        <difficult>0</difficult>
        <bndbox>
            <xmin>6.626953125</xmin>
            <ymin>353.5859375</ymin>
            <xmax>526.7476623535167</xmax>
            <ymax>711.8608489990238</ymax>
        </bndbox>
    </object>    <object>
        <name>head</name>
        <pose>Unspecified</pose>
        <truncated>0</truncated>
        <difficult>0</difficult>
        <bndbox>
            <xmin>839.59521484375</xmin>
            <ymin>33.77734375</ymin>
            <xmax>1154.4866210937507</xmax>
            <ymax>333.97947998046766</ymax>
        </bndbox>
    </object>    <object>
        <name>head</name>
        <pose>Unspecified</pose>
        <truncated>0</truncated>
        <difficult>0</difficult>
        <bndbox>
            <xmin>61.3232421875</xmin>
            <ymin>22.1787109375</ymin>
            <xmax>329.54722656250124</xmax>
            <ymax>314.3153125000008</ymax>
        </bndbox>
    </object>    <object>
        <name>body</name>
        <pose>Unspecified</pose>
        <truncated>0</truncated>
        <difficult>0</difficult>
        <bndbox>
            <xmin>529.322265625</xmin>
            <ymin>316.7880859375</ymin>
            <xmax>696.365234375</xmax>
            <ymax>485.3746337890625</ymax>
        </bndbox>
    </object>
</annotation>
