<annotation>
    <folder></folder>
    <filename>frame_000069</filename>
    <path></path>
    <source>
        <database>Unknown</database>
    </source>
    <size>
        <width>1280</width>
        <height>720</height>
        <depth>3</depth>
    </size>
    <segmented>0</segmented>
    <object>
        <name>head</name>
        <pose>Unspecified</pose>
        <truncated>0</truncated>
        <difficult>0</difficult>
        <bndbox>
            <xmin>589.1015625</xmin>
            <ymin>188.73583984375</ymin>
            <xmax>694.5554687500007</xmax>
            <ymax>322.2745178222649</ymax>
        </bndbox>
    </object>    <object>
        <name>body</name>
        <pose>Unspecified</pose>
        <truncated>0</truncated>
        <difficult>0</difficult>
        <bndbox>
            <xmin>691.2910953443877</xmin>
            <ymin>367.7117878401361</ymin>
            <xmax>1265.2910953443877</xmax>
            <ymax>720.0</ymax>
        </bndbox>
    </object>    <object>
        <name>body</name>
        <pose>Unspecified</pose>
        <truncated>0</truncated>
        <difficult>0</difficult>
        <bndbox>
            <xmin>0.9613560267857144</xmin>
            <ymin>356.2158203125</ymin>
            <xmax>526.7366908482151</xmax>
            <ymax>718.2366908482145</ymax>
        </bndbox>
    </object>    <object>
        <name>head</name>
        <pose>Unspecified</pose>
        <truncated>0</truncated>
        <difficult>0</difficult>
        <bndbox>
            <xmin>828.5232502140411</xmin>
            <ymin>55.741725973886986</ymin>
            <xmax>1143.4146564640419</xmax>
            <ymax>355.9438622043547</ymax>
        </bndbox>
    </object>    <object>
        <name>head</name>
        <pose>Unspecified</pose>
        <truncated>0</truncated>
        <difficult>0</difficult>
        <bndbox>
            <xmin>134.5382634943182</xmin>
            <ymin>72.60697798295455</ymin>
            <xmax>396.4474431818182</xmax>
            <ymax>366.4659623579542</ymax>
        </bndbox>
    </object>    <object>
        <name>body</name>
        <pose>Unspecified</pose>
        <truncated>0</truncated>
        <difficult>0</difficult>
        <bndbox>
            <xmin>510.5703125</xmin>
            <ymin>325.46337890625</ymin>
            <xmax>738.3703124999993</xmax>
            <ymax>500.396295166016</ymax>
        </bndbox>
    </object>
</annotation>
