<annotation>
    <folder></folder>
    <filename>frame_000194</filename>
    <path></path>
    <source>
        <database>Unknown</database>
    </source>
    <size>
        <width>1280</width>
        <height>720</height>
        <depth>3</depth>
    </size>
    <segmented>0</segmented>
    <object>
        <name>head</name>
        <pose>Unspecified</pose>
        <truncated>0</truncated>
        <difficult>0</difficult>
        <bndbox>
            <xmin>581.822265625</xmin>
            <ymin>193.00732421875</ymin>
            <xmax>709.7550781249993</xmax>
            <ymax>327.619638061522</ymax>
        </bndbox>
    </object>    <object>
        <name>body</name>
        <pose>Unspecified</pose>
        <truncated>0</truncated>
        <difficult>0</difficult>
        <bndbox>
            <xmin>670.0537109375</xmin>
            <ymin>364.94970703125</ymin>
            <xmax>1244.0537109375</xmax>
            <ymax>716.33642578125</ymax>
        </bndbox>
    </object>    <object>
        <name>body</name>
        <pose>Unspecified</pose>
        <truncated>0</truncated>
        <difficult>0</difficult>
        <bndbox>
            <xmin>3.3182373046875</xmin>
            <ymin>344.4622802734375</ymin>
            <xmax>517.013187081473</xmax>
            <ymax>696.4873901367196</ymax>
        </bndbox>
    </object>    <object>
        <name>head</name>
        <pose>Unspecified</pose>
        <truncated>0</truncated>
        <difficult>0</difficult>
        <bndbox>
            <xmin>835.4459635416666</xmin>
            <ymin>52.98578559027778</ymin>
            <xmax>1150.3373697916675</xmax>
            <ymax>353.18792182074543</ymax>
        </bndbox>
    </object>    <object>
        <name>head</name>
        <pose>Unspecified</pose>
        <truncated>0</truncated>
        <difficult>0</difficult>
        <bndbox>
            <xmin>135.50181361607142</xmin>
            <ymin>65.64732142857143</ymin>
            <xmax>397.41099330357144</xmax>
            <ymax>359.5063058035711</ymax>
        </bndbox>
    </object>    <object>
        <name>body</name>
        <pose>Unspecified</pose>
        <truncated>0</truncated>
        <difficult>0</difficult>
        <bndbox>
            <xmin>503.8271484375</xmin>
            <ymin>330.74951171875</ymin>
            <xmax>730.6888671874995</xmax>
            <ymax>493.64107927594796</ymax>
        </bndbox>
    </object>
</annotation>
