<annotation>
    <folder></folder>
    <filename>frame_000124</filename>
    <path></path>
    <source>
        <database>Unknown</database>
    </source>
    <size>
        <width>1280</width>
        <height>720</height>
        <depth>3</depth>
    </size>
    <segmented>0</segmented>
    <object>
        <name>head</name>
        <pose>Unspecified</pose>
        <truncated>0</truncated>
        <difficult>0</difficult>
        <bndbox>
            <xmin>601.4423828125</xmin>
            <ymin>179.8623046875</ymin>
            <xmax>717.0117968750019</xmax>
            <ymax>313.4009826660149</ymax>
        </bndbox>
    </object>    <object>
        <name>body</name>
        <pose>Unspecified</pose>
        <truncated>0</truncated>
        <difficult>0</difficult>
        <bndbox>
            <xmin>678.2820870535714</xmin>
            <ymin>368.13197544642856</ymin>
            <xmax>1252.2820870535713</xmax>
            <ymax>720.0</ymax>
        </bndbox>
    </object>    <object>
        <name>body</name>
        <pose>Unspecified</pose>
        <truncated>0</truncated>
        <difficult>0</difficult>
        <bndbox>
            <xmin>19.099560546875</xmin>
            <ymin>375.78447265625</ymin>
            <xmax>524.1782226562524</xmax>
            <ymax>715.7100000000004</ymax>
        </bndbox>
    </object>    <object>
        <name>head</name>
        <pose>Unspecified</pose>
        <truncated>0</truncated>
        <difficult>0</difficult>
        <bndbox>
            <xmin>831.5693225599315</xmin>
            <ymin>52.54813249143835</ymin>
            <xmax>1146.4607288099323</xmax>
            <ymax>352.750268721906</ymax>
        </bndbox>
    </object>    <object>
        <name>head</name>
        <pose>Unspecified</pose>
        <truncated>0</truncated>
        <difficult>0</difficult>
        <bndbox>
            <xmin>229.6259765625</xmin>
            <ymin>69.740234375</ymin>
            <xmax>491.53515625</xmax>
            <ymax>363.59921874999964</ymax>
        </bndbox>
    </object>    <object>
        <name>body</name>
        <pose>Unspecified</pose>
        <truncated>0</truncated>
        <difficult>0</difficult>
        <bndbox>
            <xmin>510.0171669407895</xmin>
            <ymin>311.2310855263158</ymin>
            <xmax>737.8171669407888</xmax>
            <ymax>488.9222607337026</ymax>
        </bndbox>
    </object>
</annotation>
