<annotation>
    <folder></folder>
    <filename>frame_000077</filename>
    <path></path>
    <source>
        <database>Unknown</database>
    </source>
    <size>
        <width>1280</width>
        <height>720</height>
        <depth>3</depth>
    </size>
    <segmented>0</segmented>
    <object>
        <name>head</name>
        <pose>Unspecified</pose>
        <truncated>0</truncated>
        <difficult>0</difficult>
        <bndbox>
            <xmin>541.869140625</xmin>
            <ymin>192.76334635416666</ymin>
            <xmax>647.3230468750007</xmax>
            <ymax>326.3020243326816</ymax>
        </bndbox>
    </object>    <object>
        <name>body</name>
        <pose>Unspecified</pose>
        <truncated>0</truncated>
        <difficult>0</difficult>
        <bndbox>
            <xmin>689.3988759566327</xmin>
            <ymin>367.77290603741494</ymin>
            <xmax>1263.3988759566328</xmax>
            <ymax>720.0</ymax>
        </bndbox>
    </object>    <object>
        <name>body</name>
        <pose>Unspecified</pose>
        <truncated>0</truncated>
        <difficult>0</difficult>
        <bndbox>
            <xmin>0.5098544034090909</xmin>
            <ymin>352.23508522727275</ymin>
            <xmax>521.8941583806826</xmax>
            <ymax>719.2818181818184</ymax>
        </bndbox>
    </object>    <object>
        <name>head</name>
        <pose>Unspecified</pose>
        <truncated>0</truncated>
        <difficult>0</difficult>
        <bndbox>
            <xmin>828.9663152825342</xmin>
            <ymin>55.277203285530824</ymin>
            <xmax>1143.857721532535</xmax>
            <ymax>355.4793395159985</ymax>
        </bndbox>
    </object>    <object>
        <name>head</name>
        <pose>Unspecified</pose>
        <truncated>0</truncated>
        <difficult>0</difficult>
        <bndbox>
            <xmin>116.54039417613637</xmin>
            <ymin>63.76180752840909</ymin>
            <xmax>378.4495738636364</xmax>
            <ymax>357.6207919034087</ymax>
        </bndbox>
    </object>    <object>
        <name>body</name>
        <pose>Unspecified</pose>
        <truncated>0</truncated>
        <difficult>0</difficult>
        <bndbox>
            <xmin>510.0625</xmin>
            <ymin>320.8564453125</ymin>
            <xmax>737.8624999999993</xmax>
            <ymax>505.750616109598</ymax>
        </bndbox>
    </object>
</annotation>
