<annotation>
    <folder></folder>
    <filename>frame_000145</filename>
    <path></path>
    <source>
        <database>Unknown</database>
    </source>
    <size>
        <width>1280</width>
        <height>720</height>
        <depth>3</depth>
    </size>
    <segmented>0</segmented>
    <object>
        <name>head</name>
        <pose>Unspecified</pose>
        <truncated>0</truncated>
        <difficult>0</difficult>
        <bndbox>
            <xmin>597.6106770833334</xmin>
            <ymin>186.45052083333334</ymin>
            <xmax>721.0477083333338</xmax>
            <ymax>319.9891988118482</ymax>
        </bndbox>
    </object>    <object>
        <name>body</name>
        <pose>Unspecified</pose>
        <truncated>0</truncated>
        <difficult>0</difficult>
        <bndbox>
            <xmin>673.3150111607143</xmin>
            <ymin>368.2924107142857</ymin>
            <xmax>1247.3150111607142</xmax>
            <ymax>720.0</ymax>
        </bndbox>
    </object>    <object>
        <name>body</name>
        <pose>Unspecified</pose>
        <truncated>0</truncated>
        <difficult>0</difficult>
        <bndbox>
            <xmin>15.686089409722221</xmin>
            <ymin>375.9113498263889</ymin>
            <xmax>516.7675636574112</xmax>
            <ymax>719.0585372359661</ymax>
        </bndbox>
    </object>    <object>
        <name>head</name>
        <pose>Unspecified</pose>
        <truncated>0</truncated>
        <difficult>0</difficult>
        <bndbox>
            <xmin>832.732368364726</xmin>
            <ymin>51.32876043450342</ymin>
            <xmax>1147.6237746147267</xmax>
            <ymax>351.53089666497107</ymax>
        </bndbox>
    </object>    <object>
        <name>head</name>
        <pose>Unspecified</pose>
        <truncated>0</truncated>
        <difficult>0</difficult>
        <bndbox>
            <xmin>132.87748579545453</xmin>
            <ymin>82.70578835227272</ymin>
            <xmax>394.78666548295456</xmax>
            <ymax>376.56477272727335</ymax>
        </bndbox>
    </object>    <object>
        <name>body</name>
        <pose>Unspecified</pose>
        <truncated>0</truncated>
        <difficult>0</difficult>
        <bndbox>
            <xmin>513.4905427631579</xmin>
            <ymin>316.8081311677632</ymin>
            <xmax>741.2905427631572</xmax>
            <ymax>498.32330991409714</ymax>
        </bndbox>
    </object>
</annotation>
