<annotation>
    <folder></folder>
    <filename>frame_000414</filename>
    <path></path>
    <source>
        <database>Unknown</database>
    </source>
    <size>
        <width>1280</width>
        <height>720</height>
        <depth>3</depth>
    </size>
    <segmented>0</segmented>
    <object>
        <name>head</name>
        <pose>Unspecified</pose>
        <truncated>0</truncated>
        <difficult>0</difficult>
        <bndbox>
            <xmin>542.5002343750006</xmin>
            <ymin>207.68414062500088</ymin>
            <xmax>679.0621105957034</xmax>
            <ymax>332.5583972167966</ymax>
        </bndbox>
    </object>    <object>
        <name>body</name>
        <pose>Unspecified</pose>
        <truncated>0</truncated>
        <difficult>0</difficult>
        <bndbox>
            <xmin>688.244140625</xmin>
            <ymin>343.78125</ymin>
            <xmax>1262.244140625</xmax>
            <ymax>716.7843750000009</ymax>
        </bndbox>
    </object>    <object>
        <name>body</name>
        <pose>Unspecified</pose>
        <truncated>0</truncated>
        <difficult>0</difficult>
        <bndbox>
            <xmin>23.706365411931817</xmin>
            <ymin>362.77304687500106</ymin>
            <xmax>518.9614869397149</xmax>
            <ymax>700.8047789255778</ymax>
        </bndbox>
    </object>    <object>
        <name>head</name>
        <pose>Unspecified</pose>
        <truncated>0</truncated>
        <difficult>0</difficult>
        <bndbox>
            <xmin>823.2869073275862</xmin>
            <ymin>62.057448814655174</ymin>
            <xmax>1138.178313577587</xmax>
            <ymax>362.25958504512283</ymax>
        </bndbox>
    </object>    <object>
        <name>head</name>
        <pose>Unspecified</pose>
        <truncated>0</truncated>
        <difficult>0</difficult>
        <bndbox>
            <xmin>182.19161551339286</xmin>
            <ymin>57.394321986607146</ymin>
            <xmax>459.8916155133901</xmax>
            <ymax>362.5765485491086</ymax>
        </bndbox>
    </object>    <object>
        <name>body</name>
        <pose>Unspecified</pose>
        <truncated>0</truncated>
        <difficult>0</difficult>
        <bndbox>
            <xmin>514.312265625</xmin>
            <ymin>322.1988671875</ymin>
            <xmax>714.3021093750015</xmax>
            <ymax>502.2935982473256</ymax>
        </bndbox>
    </object>
</annotation>
