<annotation>
    <folder></folder>
    <filename>frame_000142</filename>
    <path></path>
    <source>
        <database>Unknown</database>
    </source>
    <size>
        <width>1280</width>
        <height>720</height>
        <depth>3</depth>
    </size>
    <segmented>0</segmented>
    <object>
        <name>head</name>
        <pose>Unspecified</pose>
        <truncated>0</truncated>
        <difficult>0</difficult>
        <bndbox>
            <xmin>596.1438802083334</xmin>
            <ymin>187.44466145833334</ymin>
            <xmax>718.4569661458335</xmax>
            <ymax>320.9833394368482</ymax>
        </bndbox>
    </object>    <object>
        <name>body</name>
        <pose>Unspecified</pose>
        <truncated>0</truncated>
        <difficult>0</difficult>
        <bndbox>
            <xmin>674.0245934311224</xmin>
            <ymin>368.26949139030614</ymin>
            <xmax>1248.0245934311224</xmax>
            <ymax>720.0</ymax>
        </bndbox>
    </object>    <object>
        <name>body</name>
        <pose>Unspecified</pose>
        <truncated>0</truncated>
        <difficult>0</difficult>
        <bndbox>
            <xmin>16.173719618055557</xmin>
            <ymin>379.66216362847223</ymin>
            <xmax>519.3494429976892</xmax>
            <ymax>719.3409760651763</ymax>
        </bndbox>
    </object>    <object>
        <name>head</name>
        <pose>Unspecified</pose>
        <truncated>0</truncated>
        <difficult>0</difficult>
        <bndbox>
            <xmin>832.5662189640411</xmin>
            <ymin>51.502956442636986</ymin>
            <xmax>1147.4576252140419</xmax>
            <ymax>351.7050926731047</ymax>
        </bndbox>
    </object>    <object>
        <name>head</name>
        <pose>Unspecified</pose>
        <truncated>0</truncated>
        <difficult>0</difficult>
        <bndbox>
            <xmin>133.5704900568182</xmin>
            <ymin>86.6644620028409</ymin>
            <xmax>395.4796697443182</xmax>
            <ymax>380.52344637784176</ymax>
        </bndbox>
    </object>    <object>
        <name>body</name>
        <pose>Unspecified</pose>
        <truncated>0</truncated>
        <difficult>0</difficult>
        <bndbox>
            <xmin>512.9943462171053</xmin>
            <ymin>316.0114103618421</ymin>
            <xmax>740.7943462171046</xmax>
            <ymax>496.9803028883265</ymax>
        </bndbox>
    </object>
</annotation>
