<annotation>
    <folder></folder>
    <filename>frame_000453</filename>
    <path></path>
    <source>
        <database>Unknown</database>
    </source>
    <size>
        <width>1280</width>
        <height>720</height>
        <depth>3</depth>
    </size>
    <segmented>0</segmented>
    <object>
        <name>head</name>
        <pose>Unspecified</pose>
        <truncated>0</truncated>
        <difficult>0</difficult>
        <bndbox>
            <xmin>560.205078125</xmin>
            <ymin>212.8095703125</ymin>
            <xmax>660.0894531250015</xmax>
            <ymax>324.98867187499854</ymax>
        </bndbox>
    </object>    <object>
        <name>body</name>
        <pose>Unspecified</pose>
        <truncated>0</truncated>
        <difficult>0</difficult>
        <bndbox>
            <xmin>688.244140625</xmin>
            <ymin>347.25341796875</ymin>
            <xmax>1262.244140625</xmax>
            <ymax>719.3970703125002</ymax>
        </bndbox>
    </object>    <object>
        <name>body</name>
        <pose>Unspecified</pose>
        <truncated>0</truncated>
        <difficult>0</difficult>
        <bndbox>
            <xmin>1.9079241071428572</xmin>
            <ymin>341.2421875</ymin>
            <xmax>532.9108407738095</xmax>
            <ymax>714.2857142857143</ymax>
        </bndbox>
    </object>    <object>
        <name>head</name>
        <pose>Unspecified</pose>
        <truncated>0</truncated>
        <difficult>0</difficult>
        <bndbox>
            <xmin>856.689453125</xmin>
            <ymin>54.17686631944444</ymin>
            <xmax>1144.905811298081</xmax>
            <ymax>343.1164169128931</ymax>
        </bndbox>
    </object>    <object>
        <name>head</name>
        <pose>Unspecified</pose>
        <truncated>0</truncated>
        <difficult>0</difficult>
        <bndbox>
            <xmin>154.6318359375</xmin>
            <ymin>38.192317708333576</ymin>
            <xmax>408.9490885416678</xmax>
            <ymax>335.5856526692708</ymax>
        </bndbox>
    </object>    <object>
        <name>body</name>
        <pose>Unspecified</pose>
        <truncated>0</truncated>
        <difficult>0</difficult>
        <bndbox>
            <xmin>507.75390625</xmin>
            <ymin>327.6181640625</ymin>
            <xmax>709.2602009088259</xmax>
            <ymax>488.1619037466953</ymax>
        </bndbox>
    </object>
</annotation>
