<annotation>
    <folder></folder>
    <filename>frame_000377</filename>
    <path></path>
    <source>
        <database>Unknown</database>
    </source>
    <size>
        <width>1280</width>
        <height>720</height>
        <depth>3</depth>
    </size>
    <segmented>0</segmented>
    <object>
        <name>head</name>
        <pose>Unspecified</pose>
        <truncated>0</truncated>
        <difficult>0</difficult>
        <bndbox>
            <xmin>579.96875</xmin>
            <ymin>235.37890625</ymin>
            <xmax>679.8531250000015</xmax>
            <ymax>347.55800781249854</ymax>
        </bndbox>
    </object>    <object>
        <name>body</name>
        <pose>Unspecified</pose>
        <truncated>0</truncated>
        <difficult>0</difficult>
        <bndbox>
            <xmin>700.0830078125</xmin>
            <ymin>340.576171875</ymin>
            <xmax>1271.1220703125</xmax>
            <ymax>714.3726562500015</ymax>
        </bndbox>
    </object>    <object>
        <name>body</name>
        <pose>Unspecified</pose>
        <truncated>0</truncated>
        <difficult>0</difficult>
        <bndbox>
            <xmin>25.591796875</xmin>
            <ymin>423.3000000000011</ymin>
            <xmax>521.0646484375029</xmax>
            <ymax>713.6000061035156</ymax>
        </bndbox>
    </object>    <object>
        <name>head</name>
        <pose>Unspecified</pose>
        <truncated>0</truncated>
        <difficult>0</difficult>
        <bndbox>
            <xmin>908.0146484375</xmin>
            <ymin>42.11376953125</ymin>
            <xmax>1222.9060546875007</xmax>
            <ymax>342.31590576171766</ymax>
        </bndbox>
    </object>    <object>
        <name>head</name>
        <pose>Unspecified</pose>
        <truncated>0</truncated>
        <difficult>0</difficult>
        <bndbox>
            <xmin>114.8486328125</xmin>
            <ymin>129.4560546875</ymin>
            <xmax>385.6284765625023</xmax>
            <ymax>419.17246185302974</ymax>
        </bndbox>
    </object>    <object>
        <name>body</name>
        <pose>Unspecified</pose>
        <truncated>0</truncated>
        <difficult>0</difficult>
        <bndbox>
            <xmin>517.591796875</xmin>
            <ymin>357.1259765625</ymin>
            <xmax>724.3471839904814</xmax>
            <ymax>528.8273620605469</ymax>
        </bndbox>
    </object>
</annotation>
