<annotation>
    <folder></folder>
    <filename>frame_000125</filename>
    <path></path>
    <source>
        <database>Unknown</database>
    </source>
    <size>
        <width>1280</width>
        <height>720</height>
        <depth>3</depth>
    </size>
    <segmented>0</segmented>
    <object>
        <name>head</name>
        <pose>Unspecified</pose>
        <truncated>0</truncated>
        <difficult>0</difficult>
        <bndbox>
            <xmin>576.849609375</xmin>
            <ymin>182.8310546875</ymin>
            <xmax>692.7936718750025</xmax>
            <ymax>316.3697326660149</ymax>
        </bndbox>
    </object>    <object>
        <name>body</name>
        <pose>Unspecified</pose>
        <truncated>0</truncated>
        <difficult>0</difficult>
        <bndbox>
            <xmin>678.045559630102</xmin>
            <ymin>368.13961522108843</ymin>
            <xmax>1252.045559630102</xmax>
            <ymax>720.0</ymax>
        </bndbox>
    </object>    <object>
        <name>body</name>
        <pose>Unspecified</pose>
        <truncated>0</truncated>
        <difficult>0</difficult>
        <bndbox>
            <xmin>18.93701171875</xmin>
            <ymin>376.9326171875</ymin>
            <xmax>524.2869140625025</xmax>
            <ymax>716.1000000000004</ymax>
        </bndbox>
    </object>    <object>
        <name>head</name>
        <pose>Unspecified</pose>
        <truncated>0</truncated>
        <difficult>0</difficult>
        <bndbox>
            <xmin>831.6247056934932</xmin>
            <ymin>52.49006715539384</ymin>
            <xmax>1146.5161119434938</xmax>
            <ymax>352.6922033858615</ymax>
        </bndbox>
    </object>    <object>
        <name>head</name>
        <pose>Unspecified</pose>
        <truncated>0</truncated>
        <difficult>0</difficult>
        <bndbox>
            <xmin>123.7998046875</xmin>
            <ymin>72.4560546875</ymin>
            <xmax>385.708984375</xmax>
            <ymax>366.31503906250146</ymax>
        </bndbox>
    </object>    <object>
        <name>body</name>
        <pose>Unspecified</pose>
        <truncated>0</truncated>
        <difficult>0</difficult>
        <bndbox>
            <xmin>510.1825657894737</xmin>
            <ymin>311.4966591282895</ymin>
            <xmax>737.9825657894729</xmax>
            <ymax>489.36992974229287</ymax>
        </bndbox>
    </object>
</annotation>
