<annotation>
    <folder></folder>
    <filename>frame_000027</filename>
    <path></path>
    <source>
        <database>Unknown</database>
    </source>
    <size>
        <width>1280</width>
        <height>720</height>
        <depth>3</depth>
    </size>
    <segmented>0</segmented>
    <object>
        <name>head</name>
        <pose>Unspecified</pose>
        <truncated>0</truncated>
        <difficult>0</difficult>
        <bndbox>
            <xmin>536.6497395833334</xmin>
            <ymin>212.00742187500023</ymin>
            <xmax>642.1036458333341</xmax>
            <ymax>345.54609985351516</ymax>
        </bndbox>
    </object>    <object>
        <name>body</name>
        <pose>Unspecified</pose>
        <truncated>0</truncated>
        <difficult>0</difficult>
        <bndbox>
            <xmin>734.5061383928571</xmin>
            <ymin>326.9545200892857</ymin>
            <xmax>1276.957142857143</xmax>
            <ymax>692.9213169642857</ymax>
        </bndbox>
    </object>    <object>
        <name>body</name>
        <pose>Unspecified</pose>
        <truncated>0</truncated>
        <difficult>0</difficult>
        <bndbox>
            <xmin>0.0</xmin>
            <ymin>358.529296875</ymin>
            <xmax>598.2273437500007</xmax>
            <ymax>709.9000000000015</ymax>
        </bndbox>
    </object>    <object>
        <name>head</name>
        <pose>Unspecified</pose>
        <truncated>0</truncated>
        <difficult>0</difficult>
        <bndbox>
            <xmin>952.3782552083334</xmin>
            <ymin>25.788411458333332</ymin>
            <xmax>1267.269661458334</xmax>
            <ymax>325.990547688801</ymax>
        </bndbox>
    </object>    <object>
        <name>head</name>
        <pose>Unspecified</pose>
        <truncated>0</truncated>
        <difficult>0</difficult>
        <bndbox>
            <xmin>167.1162109375</xmin>
            <ymin>42.2138671875</ymin>
            <xmax>425.6123046875</xmax>
            <ymax>382.0281250000007</ymax>
        </bndbox>
    </object>    <object>
        <name>body</name>
        <pose>Unspecified</pose>
        <truncated>0</truncated>
        <difficult>0</difficult>
        <bndbox>
            <xmin>519.502734375</xmin>
            <ymin>330.5</ymin>
            <xmax>730.4799999999996</xmax>
            <ymax>489.9400097656253</ymax>
        </bndbox>
    </object>
</annotation>
