<annotation>
    <folder></folder>
    <filename>frame_000485</filename>
    <path></path>
    <source>
        <database>Unknown</database>
    </source>
    <size>
        <width>1280</width>
        <height>720</height>
        <depth>3</depth>
    </size>
    <segmented>0</segmented>
    <object>
        <name>head</name>
        <pose>Unspecified</pose>
        <truncated>0</truncated>
        <difficult>0</difficult>
        <bndbox>
            <xmin>574.3956801470588</xmin>
            <ymin>215.7822265625</ymin>
            <xmax>683.6630514705894</xmax>
            <ymax>326.3023661893944</ymax>
        </bndbox>
    </object>    <object>
        <name>body</name>
        <pose>Unspecified</pose>
        <truncated>0</truncated>
        <difficult>0</difficult>
        <bndbox>
            <xmin>683.3916529605264</xmin>
            <ymin>367.68868215460543</ymin>
            <xmax>1259.144839638158</xmax>
            <ymax>714.2684210526322</ymax>
        </bndbox>
    </object>    <object>
        <name>body</name>
        <pose>Unspecified</pose>
        <truncated>0</truncated>
        <difficult>0</difficult>
        <bndbox>
            <xmin>14.703357514880953</xmin>
            <ymin>355.20000930059524</ymin>
            <xmax>516.1983575148784</xmax>
            <ymax>720.0</ymax>
        </bndbox>
    </object>    <object>
        <name>head</name>
        <pose>Unspecified</pose>
        <truncated>0</truncated>
        <difficult>0</difficult>
        <bndbox>
            <xmin>803.9076891447369</xmin>
            <ymin>74.65424547697368</ymin>
            <xmax>1107.3669319331996</xmax>
            <ymax>370.02955929157616</ymax>
        </bndbox>
    </object>    <object>
        <name>head</name>
        <pose>Unspecified</pose>
        <truncated>0</truncated>
        <difficult>0</difficult>
        <bndbox>
            <xmin>81.401123046875</xmin>
            <ymin>88.770751953125</ymin>
            <xmax>377.3453613281258</xmax>
            <ymax>392.588426208496</ymax>
        </bndbox>
    </object>    <object>
        <name>body</name>
        <pose>Unspecified</pose>
        <truncated>0</truncated>
        <difficult>0</difficult>
        <bndbox>
            <xmin>521.7174072265625</xmin>
            <ymin>320.0703430175781</ymin>
            <xmax>732.9289877018467</xmax>
            <ymax>489.0351104306494</ymax>
        </bndbox>
    </object>
</annotation>
