<annotation>
    <folder></folder>
    <filename>frame_000137</filename>
    <path></path>
    <source>
        <database>Unknown</database>
    </source>
    <size>
        <width>1280</width>
        <height>720</height>
        <depth>3</depth>
    </size>
    <segmented>0</segmented>
    <object>
        <name>head</name>
        <pose>Unspecified</pose>
        <truncated>0</truncated>
        <difficult>0</difficult>
        <bndbox>
            <xmin>593.69921875</xmin>
            <ymin>189.1015625</ymin>
            <xmax>714.1390624999995</xmax>
            <ymax>322.6402404785149</ymax>
        </bndbox>
    </object>    <object>
        <name>body</name>
        <pose>Unspecified</pose>
        <truncated>0</truncated>
        <difficult>0</difficult>
        <bndbox>
            <xmin>675.2072305484694</xmin>
            <ymin>368.2312925170068</ymin>
            <xmax>1249.2072305484694</xmax>
            <ymax>720.0</ymax>
        </bndbox>
    </object>    <object>
        <name>body</name>
        <pose>Unspecified</pose>
        <truncated>0</truncated>
        <difficult>0</difficult>
        <bndbox>
            <xmin>16.986436631944443</xmin>
            <ymin>385.91351996527777</ymin>
            <xmax>523.6525752314857</xmax>
            <ymax>719.8117074471933</ymax>
        </bndbox>
    </object>    <object>
        <name>head</name>
        <pose>Unspecified</pose>
        <truncated>0</truncated>
        <difficult>0</difficult>
        <bndbox>
            <xmin>832.2893032962329</xmin>
            <ymin>51.79328312285959</ymin>
            <xmax>1147.1807095462336</xmax>
            <ymax>351.99541935332724</ymax>
        </bndbox>
    </object>    <object>
        <name>head</name>
        <pose>Unspecified</pose>
        <truncated>0</truncated>
        <difficult>0</difficult>
        <bndbox>
            <xmin>134.7254971590909</xmin>
            <ymin>93.26225142045455</ymin>
            <xmax>396.63467684659093</xmax>
            <ymax>387.12123579545585</ymax>
        </bndbox>
    </object>    <object>
        <name>body</name>
        <pose>Unspecified</pose>
        <truncated>0</truncated>
        <difficult>0</difficult>
        <bndbox>
            <xmin>512.1673519736842</xmin>
            <ymin>314.6835423519737</ymin>
            <xmax>739.9673519736834</xmax>
            <ymax>494.7419578453754</ymax>
        </bndbox>
    </object>
</annotation>
