<annotation>
    <folder></folder>
    <filename>frame_000257</filename>
    <path></path>
    <source>
        <database>Unknown</database>
    </source>
    <size>
        <width>1280</width>
        <height>720</height>
        <depth>3</depth>
    </size>
    <segmented>0</segmented>
    <object>
        <name>head</name>
        <pose>Unspecified</pose>
        <truncated>0</truncated>
        <difficult>0</difficult>
        <bndbox>
            <xmin>578.150390625</xmin>
            <ymin>212.8076171875</ymin>
            <xmax>678.0347656250015</xmax>
            <ymax>324.98671874999854</ymax>
        </bndbox>
    </object>    <object>
        <name>body</name>
        <pose>Unspecified</pose>
        <truncated>0</truncated>
        <difficult>0</difficult>
        <bndbox>
            <xmin>701.513671875</xmin>
            <ymin>354.04988162878806</ymin>
            <xmax>1275.513671875</xmax>
            <ymax>709.306147312975</ymax>
        </bndbox>
    </object>    <object>
        <name>body</name>
        <pose>Unspecified</pose>
        <truncated>0</truncated>
        <difficult>0</difficult>
        <bndbox>
            <xmin>0.0</xmin>
            <ymin>315.927734375</ymin>
            <xmax>521.9841796875007</xmax>
            <ymax>699.7646423339829</ymax>
        </bndbox>
    </object>    <object>
        <name>head</name>
        <pose>Unspecified</pose>
        <truncated>0</truncated>
        <difficult>0</difficult>
        <bndbox>
            <xmin>837.1185980902778</xmin>
            <ymin>56.71240234375</ymin>
            <xmax>1152.0100043402786</xmax>
            <ymax>356.91453857421766</ymax>
        </bndbox>
    </object>    <object>
        <name>head</name>
        <pose>Unspecified</pose>
        <truncated>0</truncated>
        <difficult>0</difficult>
        <bndbox>
            <xmin>71.7841796875</xmin>
            <ymin>4.0498046875</ymin>
            <xmax>370.7000000000007</xmax>
            <ymax>326.0</ymax>
        </bndbox>
    </object>    <object>
        <name>body</name>
        <pose>Unspecified</pose>
        <truncated>0</truncated>
        <difficult>0</difficult>
        <bndbox>
            <xmin>514.6842948717949</xmin>
            <ymin>323.6510416666667</ymin>
            <xmax>726.9055689102559</xmax>
            <ymax>514.4574071639602</ymax>
        </bndbox>
    </object>
</annotation>
