<annotation>
    <folder></folder>
    <filename>frame_000501</filename>
    <path></path>
    <source>
        <database>Unknown</database>
    </source>
    <size>
        <width>1280</width>
        <height>720</height>
        <depth>3</depth>
    </size>
    <segmented>0</segmented>
    <object>
        <name>head</name>
        <pose>Unspecified</pose>
        <truncated>0</truncated>
        <difficult>0</difficult>
        <bndbox>
            <xmin>560.740234375</xmin>
            <ymin>203.99637276785714</ymin>
            <xmax>669.9304687500007</xmax>
            <ymax>316.1754743303557</ymax>
        </bndbox>
    </object>    <object>
        <name>body</name>
        <pose>Unspecified</pose>
        <truncated>0</truncated>
        <difficult>0</difficult>
        <bndbox>
            <xmin>689.6826171875</xmin>
            <ymin>349.93115234375</ymin>
            <xmax>1267.3837890625</xmax>
            <ymax>699.4883789062515</ymax>
        </bndbox>
    </object>    <object>
        <name>body</name>
        <pose>Unspecified</pose>
        <truncated>0</truncated>
        <difficult>0</difficult>
        <bndbox>
            <xmin>21.568359375</xmin>
            <ymin>335.6806640625</ymin>
            <xmax>508.3094010416644</xmax>
            <ymax>712.3025390624989</ymax>
        </bndbox>
    </object>    <object>
        <name>head</name>
        <pose>Unspecified</pose>
        <truncated>0</truncated>
        <difficult>0</difficult>
        <bndbox>
            <xmin>842.5993303571429</xmin>
            <ymin>51.076590401785715</ymin>
            <xmax>1153.680015453297</xmax>
            <ymax>349.6697858269646</ymax>
        </bndbox>
    </object>    <object>
        <name>head</name>
        <pose>Unspecified</pose>
        <truncated>0</truncated>
        <difficult>0</difficult>
        <bndbox>
            <xmin>128.83209635416682</xmin>
            <ymin>59.351888020833336</ymin>
            <xmax>413.79617648654573</xmax>
            <ymax>344.76452297634467</ymax>
        </bndbox>
    </object>    <object>
        <name>body</name>
        <pose>Unspecified</pose>
        <truncated>0</truncated>
        <difficult>0</difficult>
        <bndbox>
            <xmin>516.4342041015625</xmin>
            <ymin>314.2749328613281</ymin>
            <xmax>732.4984274850752</xmax>
            <ymax>487.4502141388359</ymax>
        </bndbox>
    </object>
</annotation>
