<annotation>
    <folder></folder>
    <filename>frame_000262</filename>
    <path></path>
    <source>
        <database>Unknown</database>
    </source>
    <size>
        <width>1280</width>
        <height>720</height>
        <depth>3</depth>
    </size>
    <segmented>0</segmented>
    <object>
        <name>head</name>
        <pose>Unspecified</pose>
        <truncated>0</truncated>
        <difficult>0</difficult>
        <bndbox>
            <xmin>581.7313701923077</xmin>
            <ymin>213.63594250801282</ymin>
            <xmax>681.6157451923092</xmax>
            <ymax>325.81504407051136</ymax>
        </bndbox>
    </object>    <object>
        <name>body</name>
        <pose>Unspecified</pose>
        <truncated>0</truncated>
        <difficult>0</difficult>
        <bndbox>
            <xmin>701.513671875</xmin>
            <ymin>356.7710582386366</ymin>
            <xmax>1275.513671875</xmax>
            <ymax>708.6552787642057</ymax>
        </bndbox>
    </object>    <object>
        <name>body</name>
        <pose>Unspecified</pose>
        <truncated>0</truncated>
        <difficult>0</difficult>
        <bndbox>
            <xmin>4.486328125</xmin>
            <ymin>341.1630859375</ymin>
            <xmax>526.4705078125007</xmax>
            <ymax>709.8823211669915</ymax>
        </bndbox>
    </object>    <object>
        <name>head</name>
        <pose>Unspecified</pose>
        <truncated>0</truncated>
        <difficult>0</difficult>
        <bndbox>
            <xmin>836.0970052083334</xmin>
            <ymin>57.53515625</ymin>
            <xmax>1150.988411458334</xmax>
            <ymax>357.73729248046766</ymax>
        </bndbox>
    </object>    <object>
        <name>head</name>
        <pose>Unspecified</pose>
        <truncated>0</truncated>
        <difficult>0</difficult>
        <bndbox>
            <xmin>174.40415736607142</xmin>
            <ymin>75.03780691964286</ymin>
            <xmax>475.37184709821406</xmax>
            <ymax>366.337280273437</ymax>
        </bndbox>
    </object>    <object>
        <name>body</name>
        <pose>Unspecified</pose>
        <truncated>0</truncated>
        <difficult>0</difficult>
        <bndbox>
            <xmin>517.2080829326923</xmin>
            <ymin>322.4677734375</ymin>
            <xmax>721.6399939903841</xmax>
            <ymax>509.4431358924261</ymax>
        </bndbox>
    </object>
</annotation>
