<annotation>
    <folder></folder>
    <filename>frame_000466</filename>
    <path></path>
    <source>
        <database>Unknown</database>
    </source>
    <size>
        <width>1280</width>
        <height>720</height>
        <depth>3</depth>
    </size>
    <segmented>0</segmented>
    <object>
        <name>head</name>
        <pose>Unspecified</pose>
        <truncated>0</truncated>
        <difficult>0</difficult>
        <bndbox>
            <xmin>570.1611328125</xmin>
            <ymin>207.93921875000032</ymin>
            <xmax>675.659492187501</xmax>
            <ymax>322.9117182922353</ymax>
        </bndbox>
    </object>    <object>
        <name>body</name>
        <pose>Unspecified</pose>
        <truncated>0</truncated>
        <difficult>0</difficult>
        <bndbox>
            <xmin>688.244140625</xmin>
            <ymin>356.0676339285715</ymin>
            <xmax>1262.244140625</xmax>
            <ymax>720.0</ymax>
        </bndbox>
    </object>    <object>
        <name>body</name>
        <pose>Unspecified</pose>
        <truncated>0</truncated>
        <difficult>0</difficult>
        <bndbox>
            <xmin>7.105823863636363</xmin>
            <ymin>360.21439985795456</ymin>
            <xmax>526.1211493844689</xmax>
            <ymax>720.0</ymax>
        </bndbox>
    </object>    <object>
        <name>head</name>
        <pose>Unspecified</pose>
        <truncated>0</truncated>
        <difficult>0</difficult>
        <bndbox>
            <xmin>792.984375</xmin>
            <ymin>60.31884765625</ymin>
            <xmax>1087.3931550480793</xmax>
            <ymax>351.8729270582958</ymax>
        </bndbox>
    </object>    <object>
        <name>head</name>
        <pose>Unspecified</pose>
        <truncated>0</truncated>
        <difficult>0</difficult>
        <bndbox>
            <xmin>155.994140625</xmin>
            <ymin>52.1787109375</ymin>
            <xmax>433.6941406250007</xmax>
            <ymax>357.36093750000146</ymax>
        </bndbox>
    </object>    <object>
        <name>body</name>
        <pose>Unspecified</pose>
        <truncated>0</truncated>
        <difficult>0</difficult>
        <bndbox>
            <xmin>518.646484375</xmin>
            <ymin>325.4122023809524</ymin>
            <xmax>724.0955513967624</xmax>
            <ymax>489.3769845800042</ymax>
        </bndbox>
    </object>
</annotation>
