<annotation>
    <folder></folder>
    <filename>frame_000217</filename>
    <path></path>
    <source>
        <database>Unknown</database>
    </source>
    <size>
        <width>1280</width>
        <height>720</height>
        <depth>3</depth>
    </size>
    <segmented>0</segmented>
    <object>
        <name>head</name>
        <pose>Unspecified</pose>
        <truncated>0</truncated>
        <difficult>0</difficult>
        <bndbox>
            <xmin>561.4205729166666</xmin>
            <ymin>190.61328125</ymin>
            <xmax>689.3533854166659</xmax>
            <ymax>325.225595092772</ymax>
        </bndbox>
    </object>    <object>
        <name>body</name>
        <pose>Unspecified</pose>
        <truncated>0</truncated>
        <difficult>0</difficult>
        <bndbox>
            <xmin>691.9801682692307</xmin>
            <ymin>364.4153395432692</ymin>
            <xmax>1265.9801682692307</xmax>
            <ymax>715.8020582932693</ymax>
        </bndbox>
    </object>    <object>
        <name>body</name>
        <pose>Unspecified</pose>
        <truncated>0</truncated>
        <difficult>0</difficult>
        <bndbox>
            <xmin>3.4516977163461537</xmin>
            <ymin>331.20195312500016</ymin>
            <xmax>531.0432992788469</xmax>
            <ymax>693.7249755859398</ymax>
        </bndbox>
    </object>    <object>
        <name>head</name>
        <pose>Unspecified</pose>
        <truncated>0</truncated>
        <difficult>0</difficult>
        <bndbox>
            <xmin>836.7201286764706</xmin>
            <ymin>57.34817325367647</ymin>
            <xmax>1151.6115349264712</xmax>
            <ymax>357.5503094841441</ymax>
        </bndbox>
    </object>    <object>
        <name>head</name>
        <pose>Unspecified</pose>
        <truncated>0</truncated>
        <difficult>0</difficult>
        <bndbox>
            <xmin>131.2275390625</xmin>
            <ymin>80.330078125</ymin>
            <xmax>393.13671875</xmax>
            <ymax>374.18906249999964</ymax>
        </bndbox>
    </object>    <object>
        <name>body</name>
        <pose>Unspecified</pose>
        <truncated>0</truncated>
        <difficult>0</difficult>
        <bndbox>
            <xmin>506.9911358173077</xmin>
            <ymin>310.0274188701923</ymin>
            <xmax>734.791135817307</xmax>
            <ymax>508.49579045222066</ymax>
        </bndbox>
    </object>
</annotation>
