<annotation>
    <folder></folder>
    <filename>frame_000495</filename>
    <path></path>
    <source>
        <database>Unknown</database>
    </source>
    <size>
        <width>1280</width>
        <height>720</height>
        <depth>3</depth>
    </size>
    <segmented>0</segmented>
    <object>
        <name>head</name>
        <pose>Unspecified</pose>
        <truncated>0</truncated>
        <difficult>0</difficult>
        <bndbox>
            <xmin>548.1996783088235</xmin>
            <ymin>228.5263671875</ymin>
            <xmax>673.1053768382361</xmax>
            <ymax>336.281570255054</ymax>
        </bndbox>
    </object>    <object>
        <name>body</name>
        <pose>Unspecified</pose>
        <truncated>0</truncated>
        <difficult>0</difficult>
        <bndbox>
            <xmin>678.0</xmin>
            <ymin>358.3427734375</ymin>
            <xmax>1255.701171875</xmax>
            <ymax>707.9000000000015</ymax>
        </bndbox>
    </object>    <object>
        <name>body</name>
        <pose>Unspecified</pose>
        <truncated>0</truncated>
        <difficult>0</difficult>
        <bndbox>
            <xmin>18.7021484375</xmin>
            <ymin>350.4697265625</ymin>
            <xmax>510.97592447916395</xmax>
            <ymax>720.0</ymax>
        </bndbox>
    </object>    <object>
        <name>head</name>
        <pose>Unspecified</pose>
        <truncated>0</truncated>
        <difficult>0</difficult>
        <bndbox>
            <xmin>798.95703125</xmin>
            <ymin>60.7880859375</ymin>
            <xmax>1107.1796754807692</xmax>
            <ymax>358.1745757587123</ymax>
        </bndbox>
    </object>    <object>
        <name>head</name>
        <pose>Unspecified</pose>
        <truncated>0</truncated>
        <difficult>0</difficult>
        <bndbox>
            <xmin>109.79283854166695</xmin>
            <ymin>62.440755208333336</ymin>
            <xmax>425.40659010145424</xmax>
            <ymax>362.445097520616</ymax>
        </bndbox>
    </object>    <object>
        <name>body</name>
        <pose>Unspecified</pose>
        <truncated>0</truncated>
        <difficult>0</difficult>
        <bndbox>
            <xmin>518.4154052734375</xmin>
            <ymin>316.4482116699219</ymin>
            <xmax>732.6598875663645</xmax>
            <ymax>488.044550248266</ymax>
        </bndbox>
    </object>
</annotation>
