<annotation>
    <folder></folder>
    <filename>frame_000148</filename>
    <path></path>
    <source>
        <database>Unknown</database>
    </source>
    <size>
        <width>1280</width>
        <height>720</height>
        <depth>3</depth>
    </size>
    <segmented>0</segmented>
    <object>
        <name>head</name>
        <pose>Unspecified</pose>
        <truncated>0</truncated>
        <difficult>0</difficult>
        <bndbox>
            <xmin>599.0774739583334</xmin>
            <ymin>185.45638020833334</ymin>
            <xmax>723.6384505208342</xmax>
            <ymax>318.9950581868482</ymax>
        </bndbox>
    </object>    <object>
        <name>body</name>
        <pose>Unspecified</pose>
        <truncated>0</truncated>
        <difficult>0</difficult>
        <bndbox>
            <xmin>672.6054288903061</xmin>
            <ymin>368.3153300382653</ymin>
            <xmax>1246.605428890306</xmax>
            <ymax>720.0</ymax>
        </bndbox>
    </object>    <object>
        <name>body</name>
        <pose>Unspecified</pose>
        <truncated>0</truncated>
        <difficult>0</difficult>
        <bndbox>
            <xmin>15.19845920138889</xmin>
            <ymin>372.16053602430554</ymin>
            <xmax>514.1856843171333</xmax>
            <ymax>718.776098406756</ymax>
        </bndbox>
    </object>    <object>
        <name>head</name>
        <pose>Unspecified</pose>
        <truncated>0</truncated>
        <difficult>0</difficult>
        <bndbox>
            <xmin>832.8985177654109</xmin>
            <ymin>51.15456442636986</ymin>
            <xmax>1147.7899240154118</xmax>
            <ymax>351.3567006568375</ymax>
        </bndbox>
    </object>    <object>
        <name>head</name>
        <pose>Unspecified</pose>
        <truncated>0</truncated>
        <difficult>0</difficult>
        <bndbox>
            <xmin>132.1844815340909</xmin>
            <ymin>78.74711470170455</ymin>
            <xmax>394.09366122159093</xmax>
            <ymax>372.60609907670494</ymax>
        </bndbox>
    </object>    <object>
        <name>body</name>
        <pose>Unspecified</pose>
        <truncated>0</truncated>
        <difficult>0</difficult>
        <bndbox>
            <xmin>513.9867393092105</xmin>
            <ymin>317.6048519736842</ymin>
            <xmax>741.7867393092098</xmax>
            <ymax>499.6663169398678</ymax>
        </bndbox>
    </object>
</annotation>
