<annotation>
    <folder></folder>
    <filename>frame_000264</filename>
    <path></path>
    <source>
        <database>Unknown</database>
    </source>
    <size>
        <width>1280</width>
        <height>720</height>
        <depth>3</depth>
    </size>
    <segmented>0</segmented>
    <object>
        <name>head</name>
        <pose>Unspecified</pose>
        <truncated>0</truncated>
        <difficult>0</difficult>
        <bndbox>
            <xmin>583.1637620192307</xmin>
            <ymin>213.96727263621796</ymin>
            <xmax>683.0481370192322</xmax>
            <ymax>326.1463741987165</ymax>
        </bndbox>
    </object>    <object>
        <name>body</name>
        <pose>Unspecified</pose>
        <truncated>0</truncated>
        <difficult>0</difficult>
        <bndbox>
            <xmin>701.513671875</xmin>
            <ymin>357.85952888257606</ymin>
            <xmax>1275.513671875</xmax>
            <ymax>708.3949313446981</ymax>
        </bndbox>
    </object>    <object>
        <name>body</name>
        <pose>Unspecified</pose>
        <truncated>0</truncated>
        <difficult>0</difficult>
        <bndbox>
            <xmin>6.2808593749999995</xmin>
            <ymin>351.2572265625</ymin>
            <xmax>528.2650390625007</xmax>
            <ymax>713.9293927001949</ymax>
        </bndbox>
    </object>    <object>
        <name>head</name>
        <pose>Unspecified</pose>
        <truncated>0</truncated>
        <difficult>0</difficult>
        <bndbox>
            <xmin>835.6883680555555</xmin>
            <ymin>57.8642578125</ymin>
            <xmax>1150.5797743055564</xmax>
            <ymax>358.06639404296766</ymax>
        </bndbox>
    </object>    <object>
        <name>head</name>
        <pose>Unspecified</pose>
        <truncated>0</truncated>
        <difficult>0</difficult>
        <bndbox>
            <xmin>190.77999441964286</xmin>
            <ymin>80.28752790178571</ymin>
            <xmax>477.03920200892964</xmax>
            <ymax>365.4554931640622</ymax>
        </bndbox>
    </object>    <object>
        <name>body</name>
        <pose>Unspecified</pose>
        <truncated>0</truncated>
        <difficult>0</difficult>
        <bndbox>
            <xmin>518.2175981570513</xmin>
            <ymin>321.9944661458333</ymin>
            <xmax>719.5337640224354</xmax>
            <ymax>507.43742738381246</ymax>
        </bndbox>
    </object>
</annotation>
