<annotation>
    <folder></folder>
    <filename>frame_000461</filename>
    <path></path>
    <source>
        <database>Unknown</database>
    </source>
    <size>
        <width>1280</width>
        <height>720</height>
        <depth>3</depth>
    </size>
    <segmented>0</segmented>
    <object>
        <name>head</name>
        <pose>Unspecified</pose>
        <truncated>0</truncated>
        <difficult>0</difficult>
        <bndbox>
            <xmin>569.619140625</xmin>
            <ymin>206.05406250000087</ymin>
            <xmax>684.4741406250002</xmax>
            <ymax>325.6822253417966</ymax>
        </bndbox>
    </object>    <object>
        <name>body</name>
        <pose>Unspecified</pose>
        <truncated>0</truncated>
        <difficult>0</difficult>
        <bndbox>
            <xmin>688.244140625</xmin>
            <ymin>347.9656575520833</ymin>
            <xmax>1262.244140625</xmax>
            <ymax>719.9330078125</ymax>
        </bndbox>
    </object>    <object>
        <name>body</name>
        <pose>Unspecified</pose>
        <truncated>0</truncated>
        <difficult>0</difficult>
        <bndbox>
            <xmin>5.106584821428571</xmin>
            <ymin>356.36328125</ymin>
            <xmax>528.7325223214284</xmax>
            <ymax>718.8571428571429</ymax>
        </bndbox>
    </object>    <object>
        <name>head</name>
        <pose>Unspecified</pose>
        <truncated>0</truncated>
        <difficult>0</difficult>
        <bndbox>
            <xmin>819.04296875</xmin>
            <ymin>51.4462890625</ymin>
            <xmax>1111.0700480769265</xmax>
            <ymax>341.9947804612384</ymax>
        </bndbox>
    </object>    <object>
        <name>head</name>
        <pose>Unspecified</pose>
        <truncated>0</truncated>
        <difficult>0</difficult>
        <bndbox>
            <xmin>95.61669921875</xmin>
            <ymin>55.63720703125</ymin>
            <xmax>373.3166992187507</xmax>
            <ymax>360.81943359375146</ymax>
        </bndbox>
    </object>    <object>
        <name>body</name>
        <pose>Unspecified</pose>
        <truncated>0</truncated>
        <difficult>0</difficult>
        <bndbox>
            <xmin>514.45703125</xmin>
            <ymin>326.2606491815476</ymin>
            <xmax>718.3896473629407</xmax>
            <ymax>488.9096457979623</ymax>
        </bndbox>
    </object>
</annotation>
