<annotation>
    <folder></folder>
    <filename>frame_000439</filename>
    <path></path>
    <source>
        <database>Unknown</database>
    </source>
    <size>
        <width>1280</width>
        <height>720</height>
        <depth>3</depth>
    </size>
    <segmented>0</segmented>
    <object>
        <name>head</name>
        <pose>Unspecified</pose>
        <truncated>0</truncated>
        <difficult>0</difficult>
        <bndbox>
            <xmin>559.484375</xmin>
            <ymin>221.951171875</ymin>
            <xmax>699.5292984008775</xmax>
            <ymax>334.14765472412</ymax>
        </bndbox>
    </object>    <object>
        <name>body</name>
        <pose>Unspecified</pose>
        <truncated>0</truncated>
        <difficult>0</difficult>
        <bndbox>
            <xmin>688.244140625</xmin>
            <ymin>346.0069986979167</ymin>
            <xmax>1262.244140625</xmax>
            <ymax>718.4591796875004</ymax>
        </bndbox>
    </object>    <object>
        <name>body</name>
        <pose>Unspecified</pose>
        <truncated>0</truncated>
        <difficult>0</difficult>
        <bndbox>
            <xmin>47.73046875</xmin>
            <ymin>316.080078125</ymin>
            <xmax>532.9014156440317</xmax>
            <ymax>720.0</ymax>
        </bndbox>
    </object>    <object>
        <name>head</name>
        <pose>Unspecified</pose>
        <truncated>0</truncated>
        <difficult>0</difficult>
        <bndbox>
            <xmin>918.49609375</xmin>
            <ymin>35.962890625</ymin>
            <xmax>1233.3875000000007</xmax>
            <ymax>336.16502685546766</ymax>
        </bndbox>
    </object>    <object>
        <name>head</name>
        <pose>Unspecified</pose>
        <truncated>0</truncated>
        <difficult>0</difficult>
        <bndbox>
            <xmin>127.0185546875</xmin>
            <ymin>5.728515625</ymin>
            <xmax>418.7000000000007</xmax>
            <ymax>331.5</ymax>
        </bndbox>
    </object>    <object>
        <name>body</name>
        <pose>Unspecified</pose>
        <truncated>0</truncated>
        <difficult>0</difficult>
        <bndbox>
            <xmin>537.515625</xmin>
            <ymin>323.697509765625</ymin>
            <xmax>737.5054687500015</xmax>
            <ymax>510.89695402446523</ymax>
        </bndbox>
    </object>
</annotation>
