<annotation>
    <folder></folder>
    <filename>frame_000356</filename>
    <path></path>
    <source>
        <database>Unknown</database>
    </source>
    <size>
        <width>1280</width>
        <height>720</height>
        <depth>3</depth>
    </size>
    <segmented>0</segmented>
    <object>
        <name>head</name>
        <pose>Unspecified</pose>
        <truncated>0</truncated>
        <difficult>0</difficult>
        <bndbox>
            <xmin>588.095703125</xmin>
            <ymin>201.18603515625</ymin>
            <xmax>687.9800781250015</xmax>
            <ymax>313.36513671874854</ymax>
        </bndbox>
    </object>    <object>
        <name>body</name>
        <pose>Unspecified</pose>
        <truncated>0</truncated>
        <difficult>0</difficult>
        <bndbox>
            <xmin>695.7723214285714</xmin>
            <ymin>340.576171875</ymin>
            <xmax>1266.267538265306</xmax>
            <ymax>714.3726562500015</ymax>
        </bndbox>
    </object>    <object>
        <name>body</name>
        <pose>Unspecified</pose>
        <truncated>0</truncated>
        <difficult>0</difficult>
        <bndbox>
            <xmin>9.830078125</xmin>
            <ymin>339.7053710937507</ymin>
            <xmax>511.0168945312507</xmax>
            <ymax>718.9834136962891</ymax>
        </bndbox>
    </object>    <object>
        <name>head</name>
        <pose>Unspecified</pose>
        <truncated>0</truncated>
        <difficult>0</difficult>
        <bndbox>
            <xmin>822.919765625</xmin>
            <ymin>57.1146875</ymin>
            <xmax>1137.8111718750008</xmax>
            <ymax>357.31682373046766</ymax>
        </bndbox>
    </object>    <object>
        <name>head</name>
        <pose>Unspecified</pose>
        <truncated>0</truncated>
        <difficult>0</difficult>
        <bndbox>
            <xmin>128.2568359375</xmin>
            <ymin>49.1533203125</ymin>
            <xmax>402.3973220486132</xmax>
            <ymax>349.125433349609</ymax>
        </bndbox>
    </object>    <object>
        <name>body</name>
        <pose>Unspecified</pose>
        <truncated>0</truncated>
        <difficult>0</difficult>
        <bndbox>
            <xmin>526.6201171875</xmin>
            <ymin>313.46533203125</ymin>
            <xmax>727.47249565124</xmax>
            <ymax>495.9396316528346</ymax>
        </bndbox>
    </object>
</annotation>
