<annotation>
    <folder></folder>
    <filename>frame_000317</filename>
    <path></path>
    <source>
        <database>Unknown</database>
    </source>
    <size>
        <width>1280</width>
        <height>720</height>
        <depth>3</depth>
    </size>
    <segmented>0</segmented>
    <object>
        <name>head</name>
        <pose>Unspecified</pose>
        <truncated>0</truncated>
        <difficult>0</difficult>
        <bndbox>
            <xmin>600.58203125</xmin>
            <ymin>215.0517578125</ymin>
            <xmax>700.4664062500015</xmax>
            <ymax>327.23085937499854</ymax>
        </bndbox>
    </object>    <object>
        <name>body</name>
        <pose>Unspecified</pose>
        <truncated>0</truncated>
        <difficult>0</difficult>
        <bndbox>
            <xmin>682.4496372767857</xmin>
            <ymin>349.74888392857144</ymin>
            <xmax>1256.4496372767858</xmax>
            <ymax>716.3824218750009</ymax>
        </bndbox>
    </object>    <object>
        <name>body</name>
        <pose>Unspecified</pose>
        <truncated>0</truncated>
        <difficult>0</difficult>
        <bndbox>
            <xmin>34.5634765625</xmin>
            <ymin>361.3000000000011</ymin>
            <xmax>528.1342447916686</xmax>
            <ymax>718.2726440429688</ymax>
        </bndbox>
    </object>    <object>
        <name>head</name>
        <pose>Unspecified</pose>
        <truncated>0</truncated>
        <difficult>0</difficult>
        <bndbox>
            <xmin>870.87890625</xmin>
            <ymin>61.6806640625</ymin>
            <xmax>1185.7703125000007</xmax>
            <ymax>361.88280029296766</ymax>
        </bndbox>
    </object>    <object>
        <name>head</name>
        <pose>Unspecified</pose>
        <truncated>0</truncated>
        <difficult>0</difficult>
        <bndbox>
            <xmin>124.5009765625</xmin>
            <ymin>97.1357421875</ymin>
            <xmax>393.17246093750146</xmax>
            <ymax>391.0685546875011</ymax>
        </bndbox>
    </object>    <object>
        <name>body</name>
        <pose>Unspecified</pose>
        <truncated>0</truncated>
        <difficult>0</difficult>
        <bndbox>
            <xmin>508.513671875</xmin>
            <ymin>324.896484375</ymin>
            <xmax>736.3136718749993</xmax>
            <ymax>523.3648559570283</ymax>
        </bndbox>
    </object>
</annotation>
