<annotation>
    <folder></folder>
    <filename>frame_000260</filename>
    <path></path>
    <source>
        <database>Unknown</database>
    </source>
    <size>
        <width>1280</width>
        <height>720</height>
        <depth>3</depth>
    </size>
    <segmented>0</segmented>
    <object>
        <name>head</name>
        <pose>Unspecified</pose>
        <truncated>0</truncated>
        <difficult>0</difficult>
        <bndbox>
            <xmin>580.2989783653846</xmin>
            <ymin>213.30461237980768</ymin>
            <xmax>680.1833533653861</xmax>
            <ymax>325.4837139423062</ymax>
        </bndbox>
    </object>    <object>
        <name>body</name>
        <pose>Unspecified</pose>
        <truncated>0</truncated>
        <difficult>0</difficult>
        <bndbox>
            <xmin>701.513671875</xmin>
            <ymin>355.68258759469717</ymin>
            <xmax>1275.513671875</xmax>
            <ymax>708.9156261837135</ymax>
        </bndbox>
    </object>    <object>
        <name>body</name>
        <pose>Unspecified</pose>
        <truncated>0</truncated>
        <difficult>0</difficult>
        <bndbox>
            <xmin>2.6917968749999996</xmin>
            <ymin>331.0689453125</ymin>
            <xmax>524.6759765625008</xmax>
            <ymax>705.8352496337881</ymax>
        </bndbox>
    </object>    <object>
        <name>head</name>
        <pose>Unspecified</pose>
        <truncated>0</truncated>
        <difficult>0</difficult>
        <bndbox>
            <xmin>836.5056423611111</xmin>
            <ymin>57.2060546875</ymin>
            <xmax>1151.3970486111118</xmax>
            <ymax>357.40819091796766</ymax>
        </bndbox>
    </object>    <object>
        <name>head</name>
        <pose>Unspecified</pose>
        <truncated>0</truncated>
        <difficult>0</difficult>
        <bndbox>
            <xmin>158.0283203125</xmin>
            <ymin>69.7880859375</ymin>
            <xmax>473.70449218749854</xmax>
            <ymax>367.2190673828118</ymax>
        </bndbox>
    </object>    <object>
        <name>body</name>
        <pose>Unspecified</pose>
        <truncated>0</truncated>
        <difficult>0</difficult>
        <bndbox>
            <xmin>516.1985677083334</xmin>
            <ymin>322.9410807291667</ymin>
            <xmax>723.7462239583328</xmax>
            <ymax>511.4488444010397</ymax>
        </bndbox>
    </object>
</annotation>
