<annotation>
    <folder></folder>
    <filename>frame_000230</filename>
    <path></path>
    <source>
        <database>Unknown</database>
    </source>
    <size>
        <width>1280</width>
        <height>720</height>
        <depth>3</depth>
    </size>
    <segmented>0</segmented>
    <object>
        <name>head</name>
        <pose>Unspecified</pose>
        <truncated>0</truncated>
        <difficult>0</difficult>
        <bndbox>
            <xmin>579.04765625</xmin>
            <ymin>194.85791015625</ymin>
            <xmax>706.9804687499993</xmax>
            <ymax>329.470223999022</ymax>
        </bndbox>
    </object>    <object>
        <name>body</name>
        <pose>Unspecified</pose>
        <truncated>0</truncated>
        <difficult>0</difficult>
        <bndbox>
            <xmin>701.513671875</xmin>
            <ymin>364.26706861413044</ymin>
            <xmax>1275.513671875</xmax>
            <ymax>716.7742756453807</ymax>
        </bndbox>
    </object>    <object>
        <name>body</name>
        <pose>Unspecified</pose>
        <truncated>0</truncated>
        <difficult>0</difficult>
        <bndbox>
            <xmin>5.6083984375</xmin>
            <ymin>339.81970703125046</ymin>
            <xmax>533.2000000000007</xmax>
            <ymax>708.736895141601</ymax>
        </bndbox>
    </object>    <object>
        <name>head</name>
        <pose>Unspecified</pose>
        <truncated>0</truncated>
        <difficult>0</difficult>
        <bndbox>
            <xmin>837.4405254289215</xmin>
            <ymin>56.64395680147059</ymin>
            <xmax>1152.3319316789223</xmax>
            <ymax>356.84609303193827</ymax>
        </bndbox>
    </object>    <object>
        <name>head</name>
        <pose>Unspecified</pose>
        <truncated>0</truncated>
        <difficult>0</difficult>
        <bndbox>
            <xmin>190.5205078125</xmin>
            <ymin>102.30045572916667</ymin>
            <xmax>439.06184692382885</xmax>
            <ymax>364.6313730875639</ymax>
        </bndbox>
    </object>    <object>
        <name>body</name>
        <pose>Unspecified</pose>
        <truncated>0</truncated>
        <difficult>0</difficult>
        <bndbox>
            <xmin>502.5701171875</xmin>
            <ymin>327.9244140625</ymin>
            <xmax>730.3701171874993</xmax>
            <ymax>526.3927856445283</ymax>
        </bndbox>
    </object>
</annotation>
