<annotation>
    <folder></folder>
    <filename>frame_000010</filename>
    <path></path>
    <source>
        <database>Unknown</database>
    </source>
    <size>
        <width>1280</width>
        <height>720</height>
        <depth>3</depth>
    </size>
    <segmented>0</segmented>
    <object>
        <name>head</name>
        <pose>Unspecified</pose>
        <truncated>0</truncated>
        <difficult>0</difficult>
        <bndbox>
            <xmin>445.806640625</xmin>
            <ymin>193.677734375</ymin>
            <xmax>579.2999999999993</xmax>
            <ymax>368.6421203613281</ymax>
        </bndbox>
    </object>    <object>
        <name>body</name>
        <pose>Unspecified</pose>
        <truncated>0</truncated>
        <difficult>0</difficult>
        <bndbox>
            <xmin>993.1000000000022</xmin>
            <ymin>319.2939453125</ymin>
            <xmax>1280.0</xmax>
            <ymax>714.0853881835938</ymax>
        </bndbox>
    </object>    <object>
        <name>body</name>
        <pose>Unspecified</pose>
        <truncated>0</truncated>
        <difficult>0</difficult>
        <bndbox>
            <xmin>9.517578125</xmin>
            <ymin>273.3095703125</ymin>
            <xmax>293.2738952636719</xmax>
            <ymax>718.5715026855469</ymax>
        </bndbox>
    </object>
</annotation>
