<annotation>
    <folder></folder>
    <filename>frame_000218</filename>
    <path></path>
    <source>
        <database>Unknown</database>
    </source>
    <size>
        <width>1280</width>
        <height>720</height>
        <depth>3</depth>
    </size>
    <segmented>0</segmented>
    <object>
        <name>head</name>
        <pose>Unspecified</pose>
        <truncated>0</truncated>
        <difficult>0</difficult>
        <bndbox>
            <xmin>561.4984809027778</xmin>
            <ymin>192.205078125</ymin>
            <xmax>689.4312934027771</xmax>
            <ymax>326.817391967772</ymax>
        </bndbox>
    </object>    <object>
        <name>body</name>
        <pose>Unspecified</pose>
        <truncated>0</truncated>
        <difficult>0</difficult>
        <bndbox>
            <xmin>692.9335186298077</xmin>
            <ymin>364.6109149639423</ymin>
            <xmax>1266.9335186298076</xmax>
            <ymax>715.9976337139423</ymax>
        </bndbox>
    </object>    <object>
        <name>body</name>
        <pose>Unspecified</pose>
        <truncated>0</truncated>
        <difficult>0</difficult>
        <bndbox>
            <xmin>3.236027644230769</xmin>
            <ymin>329.2521484375001</ymin>
            <xmax>530.8276292067314</xmax>
            <ymax>691.7751708984399</ymax>
        </bndbox>
    </object>    <object>
        <name>head</name>
        <pose>Unspecified</pose>
        <truncated>0</truncated>
        <difficult>0</difficult>
        <bndbox>
            <xmin>836.7755438112745</xmin>
            <ymin>57.29400275735294</ymin>
            <xmax>1151.6669500612752</xmax>
            <ymax>357.4961389878206</ymax>
        </bndbox>
    </object>    <object>
        <name>head</name>
        <pose>Unspecified</pose>
        <truncated>0</truncated>
        <difficult>0</difficult>
        <bndbox>
            <xmin>121.58203125</xmin>
            <ymin>71.01985677083333</ymin>
            <xmax>380.9069921874998</xmax>
            <ymax>360.7304811604815</ymax>
        </bndbox>
    </object>    <object>
        <name>body</name>
        <pose>Unspecified</pose>
        <truncated>0</truncated>
        <difficult>0</difficult>
        <bndbox>
            <xmin>507.06310096153845</xmin>
            <ymin>310.22303185096155</ymin>
            <xmax>734.8631009615377</xmax>
            <ymax>508.6914034329899</ymax>
        </bndbox>
    </object>
</annotation>
