<annotation>
    <folder></folder>
    <filename>frame_000542</filename>
    <path></path>
    <source>
        <database>Unknown</database>
    </source>
    <size>
        <width>1280</width>
        <height>720</height>
        <depth>3</depth>
    </size>
    <segmented>0</segmented>
    <object>
        <name>head</name>
        <pose>Unspecified</pose>
        <truncated>0</truncated>
        <difficult>0</difficult>
        <bndbox>
            <xmin>553.6171875</xmin>
            <ymin>201.3662109375</ymin>
            <xmax>697.9125045776345</xmax>
            <ymax>313.54531249999854</ymax>
        </bndbox>
    </object>    <object>
        <name>body</name>
        <pose>Unspecified</pose>
        <truncated>0</truncated>
        <difficult>0</difficult>
        <bndbox>
            <xmin>711.599609375</xmin>
            <ymin>348.048828125</ymin>
            <xmax>1279.0660156249978</xmax>
            <ymax>707.0</ymax>
        </bndbox>
    </object>    <object>
        <name>body</name>
        <pose>Unspecified</pose>
        <truncated>0</truncated>
        <difficult>0</difficult>
        <bndbox>
            <xmin>42.9921875</xmin>
            <ymin>346.6267578125007</ymin>
            <xmax>501.72812500000146</xmax>
            <ymax>720.0</ymax>
        </bndbox>
    </object>    <object>
        <name>head</name>
        <pose>Unspecified</pose>
        <truncated>0</truncated>
        <difficult>0</difficult>
        <bndbox>
            <xmin>839.330859375</xmin>
            <ymin>44.028971354166664</ymin>
            <xmax>1154.2222656250008</xmax>
            <ymax>344.23110758463434</ymax>
        </bndbox>
    </object>    <object>
        <name>head</name>
        <pose>Unspecified</pose>
        <truncated>0</truncated>
        <difficult>0</difficult>
        <bndbox>
            <xmin>173.14306640625</xmin>
            <ymin>59.192138671875</ymin>
            <xmax>444.974077690973</xmax>
            <ymax>345.6204156494141</ymax>
        </bndbox>
    </object>    <object>
        <name>body</name>
        <pose>Unspecified</pose>
        <truncated>0</truncated>
        <difficult>0</difficult>
        <bndbox>
            <xmin>502.5283528645829</xmin>
            <ymin>319.8378580729171</ymin>
            <xmax>728.67904027303</xmax>
            <ymax>522.8772786458334</ymax>
        </bndbox>
    </object>
</annotation>
