<annotation>
    <folder></folder>
    <filename>frame_000255</filename>
    <path></path>
    <source>
        <database>Unknown</database>
    </source>
    <size>
        <width>1280</width>
        <height>720</height>
        <depth>3</depth>
    </size>
    <segmented>0</segmented>
    <object>
        <name>head</name>
        <pose>Unspecified</pose>
        <truncated>0</truncated>
        <difficult>0</difficult>
        <bndbox>
            <xmin>587.3134765625</xmin>
            <ymin>222.388671875</ymin>
            <xmax>698.0256640625012</xmax>
            <ymax>334.56777343749854</ymax>
        </bndbox>
    </object>    <object>
        <name>body</name>
        <pose>Unspecified</pose>
        <truncated>0</truncated>
        <difficult>0</difficult>
        <bndbox>
            <xmin>701.513671875</xmin>
            <ymin>352.9614109848486</ymin>
            <xmax>1275.513671875</xmax>
            <ymax>709.5664947324826</ymax>
        </bndbox>
    </object>    <object>
        <name>body</name>
        <pose>Unspecified</pose>
        <truncated>0</truncated>
        <difficult>0</difficult>
        <bndbox>
            <xmin>14.600000000000364</xmin>
            <ymin>339.7138671875</ymin>
            <xmax>523.1059509277347</xmax>
            <ymax>700.6621063232415</ymax>
        </bndbox>
    </object>    <object>
        <name>head</name>
        <pose>Unspecified</pose>
        <truncated>0</truncated>
        <difficult>0</difficult>
        <bndbox>
            <xmin>837.5272352430555</xmin>
            <ymin>56.38330078125</ymin>
            <xmax>1152.4186414930564</xmax>
            <ymax>356.58543701171766</ymax>
        </bndbox>
    </object>    <object>
        <name>head</name>
        <pose>Unspecified</pose>
        <truncated>0</truncated>
        <difficult>0</difficult>
        <bndbox>
            <xmin>248.470703125</xmin>
            <ymin>98.384765625</ymin>
            <xmax>457.67763061523146</xmax>
            <ymax>359.2008544921864</ymax>
        </bndbox>
    </object>    <object>
        <name>body</name>
        <pose>Unspecified</pose>
        <truncated>0</truncated>
        <difficult>0</difficult>
        <bndbox>
            <xmin>513.6747796474359</xmin>
            <ymin>324.1243489583333</ymin>
            <xmax>729.0117988782046</xmax>
            <ymax>516.4631156725738</ymax>
        </bndbox>
    </object>
</annotation>
