<annotation>
    <folder></folder>
    <filename>frame_000207</filename>
    <path></path>
    <source>
        <database>Unknown</database>
    </source>
    <size>
        <width>1280</width>
        <height>720</height>
        <depth>3</depth>
    </size>
    <segmented>0</segmented>
    <object>
        <name>head</name>
        <pose>Unspecified</pose>
        <truncated>0</truncated>
        <difficult>0</difficult>
        <bndbox>
            <xmin>587.123046875</xmin>
            <ymin>180.27734375</ymin>
            <xmax>715.0558593749993</xmax>
            <ymax>314.889657592772</ymax>
        </bndbox>
    </object>    <object>
        <name>body</name>
        <pose>Unspecified</pose>
        <truncated>0</truncated>
        <difficult>0</difficult>
        <bndbox>
            <xmin>682.4466646634615</xmin>
            <ymin>362.45958533653845</ymin>
            <xmax>1256.4466646634614</xmax>
            <ymax>713.8463040865385</ymax>
        </bndbox>
    </object>    <object>
        <name>body</name>
        <pose>Unspecified</pose>
        <truncated>0</truncated>
        <difficult>0</difficult>
        <bndbox>
            <xmin>5.6083984375</xmin>
            <ymin>350.7000000000007</ymin>
            <xmax>533.2000000000007</xmax>
            <ymax>713.2230224609375</ymax>
        </bndbox>
    </object>    <object>
        <name>head</name>
        <pose>Unspecified</pose>
        <truncated>0</truncated>
        <difficult>0</difficult>
        <bndbox>
            <xmin>836.1659773284314</xmin>
            <ymin>57.88987821691177</ymin>
            <xmax>1151.057383578432</xmax>
            <ymax>358.0920144473794</ymax>
        </bndbox>
    </object>    <object>
        <name>head</name>
        <pose>Unspecified</pose>
        <truncated>0</truncated>
        <difficult>0</difficult>
        <bndbox>
            <xmin>162.5901309742647</xmin>
            <ymin>70.50356158088235</ymin>
            <xmax>424.4993106617647</xmax>
            <ymax>364.362545955882</ymax>
        </bndbox>
    </object>    <object>
        <name>body</name>
        <pose>Unspecified</pose>
        <truncated>0</truncated>
        <difficult>0</difficult>
        <bndbox>
            <xmin>506.271484375</xmin>
            <ymin>308.0712890625</ymin>
            <xmax>734.0714843749993</xmax>
            <ymax>506.53966064452834</ymax>
        </bndbox>
    </object>
</annotation>
