<annotation>
    <folder></folder>
    <filename>frame_000196</filename>
    <path></path>
    <source>
        <database>Unknown</database>
    </source>
    <size>
        <width>1280</width>
        <height>720</height>
        <depth>3</depth>
    </size>
    <segmented>0</segmented>
    <object>
        <name>head</name>
        <pose>Unspecified</pose>
        <truncated>0</truncated>
        <difficult>0</difficult>
        <bndbox>
            <xmin>584.607421875</xmin>
            <ymin>212.18603515625</ymin>
            <xmax>712.5402343749993</xmax>
            <ymax>346.798348999022</ymax>
        </bndbox>
    </object>    <object>
        <name>body</name>
        <pose>Unspecified</pose>
        <truncated>0</truncated>
        <difficult>0</difficult>
        <bndbox>
            <xmin>671.9602399553571</xmin>
            <ymin>363.90297154017856</ymin>
            <xmax>1245.960239955357</xmax>
            <ymax>715.2896902901786</ymax>
        </bndbox>
    </object>    <object>
        <name>body</name>
        <pose>Unspecified</pose>
        <truncated>0</truncated>
        <difficult>0</difficult>
        <bndbox>
            <xmin>9.2066650390625</xmin>
            <ymin>345.4219970703125</ymin>
            <xmax>525.039561244419</xmax>
            <ymax>699.0621704101573</ymax>
        </bndbox>
    </object>    <object>
        <name>head</name>
        <pose>Unspecified</pose>
        <truncated>0</truncated>
        <difficult>0</difficult>
        <bndbox>
            <xmin>835.556640625</xmin>
            <ymin>55.120768229166664</ymin>
            <xmax>1150.4480468750007</xmax>
            <ymax>355.32290445963434</ymax>
        </bndbox>
    </object>    <object>
        <name>head</name>
        <pose>Unspecified</pose>
        <truncated>0</truncated>
        <difficult>0</difficult>
        <bndbox>
            <xmin>151.84919084821428</xmin>
            <ymin>64.97321428571429</ymin>
            <xmax>413.7583705357143</xmax>
            <ymax>358.8321986607139</ymax>
        </bndbox>
    </object>    <object>
        <name>body</name>
        <pose>Unspecified</pose>
        <truncated>0</truncated>
        <difficult>0</difficult>
        <bndbox>
            <xmin>498.7275390625</xmin>
            <ymin>343.29541015625</ymin>
            <xmax>726.2147786458327</xmax>
            <ymax>506.7259408133368</ymax>
        </bndbox>
    </object>
</annotation>
