<annotation>
    <folder></folder>
    <filename>frame_000533</filename>
    <path></path>
    <source>
        <database>Unknown</database>
    </source>
    <size>
        <width>1280</width>
        <height>720</height>
        <depth>3</depth>
    </size>
    <segmented>0</segmented>
    <object>
        <name>head</name>
        <pose>Unspecified</pose>
        <truncated>0</truncated>
        <difficult>0</difficult>
        <bndbox>
            <xmin>566.75</xmin>
            <ymin>190.3798828125</ymin>
            <xmax>675.9402343750007</xmax>
            <ymax>302.55898437499854</ymax>
        </bndbox>
    </object>    <object>
        <name>body</name>
        <pose>Unspecified</pose>
        <truncated>0</truncated>
        <difficult>0</difficult>
        <bndbox>
            <xmin>711.5996651785717</xmin>
            <ymin>349.7847098214287</ymin>
            <xmax>1279.0660714285696</xmax>
            <ymax>704.7252502441406</ymax>
        </bndbox>
    </object>    <object>
        <name>body</name>
        <pose>Unspecified</pose>
        <truncated>0</truncated>
        <difficult>0</difficult>
        <bndbox>
            <xmin>28.9091796875</xmin>
            <ymin>313.90000000000146</ymin>
            <xmax>521.44676147461</xmax>
            <ymax>713.8995971679688</ymax>
        </bndbox>
    </object>    <object>
        <name>head</name>
        <pose>Unspecified</pose>
        <truncated>0</truncated>
        <difficult>0</difficult>
        <bndbox>
            <xmin>842.961181640625</xmin>
            <ymin>45.254150390625</ymin>
            <xmax>1157.8525878906257</xmax>
            <ymax>345.45628662109266</ymax>
        </bndbox>
    </object>    <object>
        <name>head</name>
        <pose>Unspecified</pose>
        <truncated>0</truncated>
        <difficult>0</difficult>
        <bndbox>
            <xmin>149.5390625</xmin>
            <ymin>31.1201171875</ymin>
            <xmax>393.6042317708343</xmax>
            <ymax>307.672068277996</ymax>
        </bndbox>
    </object>    <object>
        <name>body</name>
        <pose>Unspecified</pose>
        <truncated>0</truncated>
        <difficult>0</difficult>
        <bndbox>
            <xmin>511.248046875</xmin>
            <ymin>297.611328125</ymin>
            <xmax>732.771493530272</xmax>
            <ymax>496.0654296875</ymax>
        </bndbox>
    </object>
</annotation>
