<annotation>
    <folder></folder>
    <filename>frame_000118</filename>
    <path></path>
    <source>
        <database>Unknown</database>
    </source>
    <size>
        <width>1280</width>
        <height>720</height>
        <depth>3</depth>
    </size>
    <segmented>0</segmented>
    <object>
        <name>head</name>
        <pose>Unspecified</pose>
        <truncated>0</truncated>
        <difficult>0</difficult>
        <bndbox>
            <xmin>585.1171875</xmin>
            <ymin>173.32340494791666</ymin>
            <xmax>698.4387109375015</xmax>
            <ymax>306.8620829264316</ymax>
        </bndbox>
    </object>    <object>
        <name>body</name>
        <pose>Unspecified</pose>
        <truncated>0</truncated>
        <difficult>0</difficult>
        <bndbox>
            <xmin>679.7012515943877</xmin>
            <ymin>368.0861367984694</ymin>
            <xmax>1253.7012515943877</xmax>
            <ymax>720.0</ymax>
        </bndbox>
    </object>    <object>
        <name>body</name>
        <pose>Unspecified</pose>
        <truncated>0</truncated>
        <difficult>0</difficult>
        <bndbox>
            <xmin>20.074853515625</xmin>
            <ymin>368.89560546875</ymin>
            <xmax>523.5260742187513</xmax>
            <ymax>713.3700000000006</ymax>
        </bndbox>
    </object>    <object>
        <name>head</name>
        <pose>Unspecified</pose>
        <truncated>0</truncated>
        <difficult>0</difficult>
        <bndbox>
            <xmin>831.2370237585617</xmin>
            <ymin>52.89652450770548</ymin>
            <xmax>1146.1284300085624</xmax>
            <ymax>353.0986607381731</ymax>
        </bndbox>
    </object>    <object>
        <name>head</name>
        <pose>Unspecified</pose>
        <truncated>0</truncated>
        <difficult>0</difficult>
        <bndbox>
            <xmin>194.31236049107142</xmin>
            <ymin>60.55189732142857</ymin>
            <xmax>456.22154017857144</xmax>
            <ymax>354.4108816964282</ymax>
        </bndbox>
    </object>    <object>
        <name>body</name>
        <pose>Unspecified</pose>
        <truncated>0</truncated>
        <difficult>0</difficult>
        <bndbox>
            <xmin>509.0247738486842</xmin>
            <ymin>309.6376439144737</ymin>
            <xmax>736.8247738486834</xmax>
            <ymax>486.2362466821613</ymax>
        </bndbox>
    </object>
</annotation>
