<annotation>
    <folder></folder>
    <filename>frame_000195</filename>
    <path></path>
    <source>
        <database>Unknown</database>
    </source>
    <size>
        <width>1280</width>
        <height>720</height>
        <depth>3</depth>
    </size>
    <segmented>0</segmented>
    <object>
        <name>head</name>
        <pose>Unspecified</pose>
        <truncated>0</truncated>
        <difficult>0</difficult>
        <bndbox>
            <xmin>583.21484375</xmin>
            <ymin>202.5966796875</ymin>
            <xmax>711.1476562499993</xmax>
            <ymax>337.208993530272</ymax>
        </bndbox>
    </object>    <object>
        <name>body</name>
        <pose>Unspecified</pose>
        <truncated>0</truncated>
        <difficult>0</difficult>
        <bndbox>
            <xmin>671.0069754464286</xmin>
            <ymin>364.4263392857143</ymin>
            <xmax>1245.0069754464287</xmax>
            <ymax>715.8130580357143</ymax>
        </bndbox>
    </object>    <object>
        <name>body</name>
        <pose>Unspecified</pose>
        <truncated>0</truncated>
        <difficult>0</difficult>
        <bndbox>
            <xmin>6.262451171875</xmin>
            <ymin>344.942138671875</ymin>
            <xmax>521.026374162946</xmax>
            <ymax>697.7747802734384</ymax>
        </bndbox>
    </object>    <object>
        <name>head</name>
        <pose>Unspecified</pose>
        <truncated>0</truncated>
        <difficult>0</difficult>
        <bndbox>
            <xmin>835.5013020833334</xmin>
            <ymin>54.05327690972222</ymin>
            <xmax>1150.392708333334</xmax>
            <ymax>354.2554131401899</ymax>
        </bndbox>
    </object>    <object>
        <name>head</name>
        <pose>Unspecified</pose>
        <truncated>0</truncated>
        <difficult>0</difficult>
        <bndbox>
            <xmin>143.67550223214286</xmin>
            <ymin>65.31026785714286</ymin>
            <xmax>405.58468191964283</xmax>
            <ymax>359.16925223214247</ymax>
        </bndbox>
    </object>    <object>
        <name>body</name>
        <pose>Unspecified</pose>
        <truncated>0</truncated>
        <difficult>0</difficult>
        <bndbox>
            <xmin>501.27734375</xmin>
            <ymin>337.0224609375</ymin>
            <xmax>728.4518229166661</xmax>
            <ymax>500.1835100446424</ymax>
        </bndbox>
    </object>
</annotation>
