<annotation>
    <folder></folder>
    <filename>frame_000367</filename>
    <path></path>
    <source>
        <database>Unknown</database>
    </source>
    <size>
        <width>1280</width>
        <height>720</height>
        <depth>3</depth>
    </size>
    <segmented>0</segmented>
    <object>
        <name>head</name>
        <pose>Unspecified</pose>
        <truncated>0</truncated>
        <difficult>0</difficult>
        <bndbox>
            <xmin>581.558984375</xmin>
            <ymin>205.8638671875</ymin>
            <xmax>681.4433593750015</xmax>
            <ymax>318.0429687499985</ymax>
        </bndbox>
    </object>    <object>
        <name>body</name>
        <pose>Unspecified</pose>
        <truncated>0</truncated>
        <difficult>0</difficult>
        <bndbox>
            <xmin>704.6545758928571</xmin>
            <ymin>340.576171875</ymin>
            <xmax>1273.8203922193877</xmax>
            <ymax>714.3726562500015</ymax>
        </bndbox>
    </object>    <object>
        <name>body</name>
        <pose>Unspecified</pose>
        <truncated>0</truncated>
        <difficult>0</difficult>
        <bndbox>
            <xmin>5.0068359375</xmin>
            <ymin>359.67467447916715</ymin>
            <xmax>494.56666666666814</xmax>
            <ymax>709.7203207397446</ymax>
        </bndbox>
    </object>    <object>
        <name>head</name>
        <pose>Unspecified</pose>
        <truncated>0</truncated>
        <difficult>0</difficult>
        <bndbox>
            <xmin>844.736328125</xmin>
            <ymin>58.4365234375</ymin>
            <xmax>1159.6277343750007</xmax>
            <ymax>358.63865966796766</ymax>
        </bndbox>
    </object>    <object>
        <name>head</name>
        <pose>Unspecified</pose>
        <truncated>0</truncated>
        <difficult>0</difficult>
        <bndbox>
            <xmin>111.013671875</xmin>
            <ymin>98.27799479166667</ymin>
            <xmax>378.4982031249995</xmax>
            <ymax>380.62972605387404</ymax>
        </bndbox>
    </object>    <object>
        <name>body</name>
        <pose>Unspecified</pose>
        <truncated>0</truncated>
        <difficult>0</difficult>
        <bndbox>
            <xmin>528.60234375</xmin>
            <ymin>318.320703125</ymin>
            <xmax>728.5053489283521</xmax>
            <ymax>494.03419237639025</ymax>
        </bndbox>
    </object>
</annotation>
