<annotation>
    <folder></folder>
    <filename>frame_000290</filename>
    <path></path>
    <source>
        <database>Unknown</database>
    </source>
    <size>
        <width>1280</width>
        <height>720</height>
        <depth>3</depth>
    </size>
    <segmented>0</segmented>
    <object>
        <name>head</name>
        <pose>Unspecified</pose>
        <truncated>0</truncated>
        <difficult>0</difficult>
        <bndbox>
            <xmin>601.7848557692307</xmin>
            <ymin>218.2745643028846</ymin>
            <xmax>701.6692307692322</xmax>
            <ymax>330.4536658653832</ymax>
        </bndbox>
    </object>    <object>
        <name>body</name>
        <pose>Unspecified</pose>
        <truncated>0</truncated>
        <difficult>0</difficult>
        <bndbox>
            <xmin>714.3515625</xmin>
            <ymin>402.115234375</ymin>
            <xmax>1274.906982421875</xmax>
            <ymax>708.6404541015618</ymax>
        </bndbox>
    </object>    <object>
        <name>body</name>
        <pose>Unspecified</pose>
        <truncated>0</truncated>
        <difficult>0</difficult>
        <bndbox>
            <xmin>13.956612723214286</xmin>
            <ymin>397.88546316964283</ymin>
            <xmax>532.6797191074932</xmax>
            <ymax>710.8471697126109</ymax>
        </bndbox>
    </object>    <object>
        <name>head</name>
        <pose>Unspecified</pose>
        <truncated>0</truncated>
        <difficult>0</difficult>
        <bndbox>
            <xmin>969.822265625</xmin>
            <ymin>98.3232421875</ymin>
            <xmax>1280.0</xmax>
            <ymax>398.52537841796766</ymax>
        </bndbox>
    </object>    <object>
        <name>head</name>
        <pose>Unspecified</pose>
        <truncated>0</truncated>
        <difficult>0</difficult>
        <bndbox>
            <xmin>208.8447265625</xmin>
            <ymin>99.365234375</ymin>
            <xmax>500.74548611111095</xmax>
            <ymax>415.82321099175533</ymax>
        </bndbox>
    </object>    <object>
        <name>body</name>
        <pose>Unspecified</pose>
        <truncated>0</truncated>
        <difficult>0</difficult>
        <bndbox>
            <xmin>537.6953125</xmin>
            <ymin>320.9320591517857</ymin>
            <xmax>726.8317471590906</xmax>
            <ymax>500.38472472351924</ymax>
        </bndbox>
    </object>
</annotation>
