<annotation>
    <folder></folder>
    <filename>frame_000065</filename>
    <path></path>
    <source>
        <database>Unknown</database>
    </source>
    <size>
        <width>1280</width>
        <height>720</height>
        <depth>3</depth>
    </size>
    <segmented>0</segmented>
    <object>
        <name>head</name>
        <pose>Unspecified</pose>
        <truncated>0</truncated>
        <difficult>0</difficult>
        <bndbox>
            <xmin>556.1216517857143</xmin>
            <ymin>192.37416294642858</ymin>
            <xmax>661.5755580357151</xmax>
            <ymax>325.91284092494345</ymax>
        </bndbox>
    </object>    <object>
        <name>body</name>
        <pose>Unspecified</pose>
        <truncated>0</truncated>
        <difficult>0</difficult>
        <bndbox>
            <xmin>692.2372050382653</xmin>
            <ymin>367.6812287414966</ymin>
            <xmax>1266.2372050382653</xmax>
            <ymax>720.0</ymax>
        </bndbox>
    </object>    <object>
        <name>body</name>
        <pose>Unspecified</pose>
        <truncated>0</truncated>
        <difficult>0</difficult>
        <bndbox>
            <xmin>1.7304408482142861</xmin>
            <ymin>356.2251953125</ymin>
            <xmax>537.1660435267864</xmax>
            <ymax>716.8260435267861</ymax>
        </bndbox>
    </object>    <object>
        <name>head</name>
        <pose>Unspecified</pose>
        <truncated>0</truncated>
        <difficult>0</difficult>
        <bndbox>
            <xmin>828.3017176797945</xmin>
            <ymin>55.97398731806507</ymin>
            <xmax>1143.1931239297953</xmax>
            <ymax>356.1761235485327</ymax>
        </bndbox>
    </object>    <object>
        <name>head</name>
        <pose>Unspecified</pose>
        <truncated>0</truncated>
        <difficult>0</difficult>
        <bndbox>
            <xmin>143.5371981534091</xmin>
            <ymin>77.02956321022727</ymin>
            <xmax>405.44637784090907</xmax>
            <ymax>370.8885475852269</ymax>
        </bndbox>
    </object>    <object>
        <name>body</name>
        <pose>Unspecified</pose>
        <truncated>0</truncated>
        <difficult>0</difficult>
        <bndbox>
            <xmin>504.48747996794873</xmin>
            <ymin>325.18013822115387</ymin>
            <xmax>732.287479967948</xmax>
            <ymax>488.8801504281851</ymax>
        </bndbox>
    </object>
</annotation>
