<annotation>
    <folder></folder>
    <filename>frame_000015</filename>
    <path></path>
    <source>
        <database>Unknown</database>
    </source>
    <size>
        <width>1280</width>
        <height>720</height>
        <depth>3</depth>
    </size>
    <segmented>0</segmented>
    <object>
        <name>head</name>
        <pose>Unspecified</pose>
        <truncated>0</truncated>
        <difficult>0</difficult>
        <bndbox>
            <xmin>563.5703125</xmin>
            <ymin>145.470703125</ymin>
            <xmax>672.3968750000022</xmax>
            <ymax>285.6832092285149</ymax>
        </bndbox>
    </object>    <object>
        <name>body</name>
        <pose>Unspecified</pose>
        <truncated>0</truncated>
        <difficult>0</difficult>
        <bndbox>
            <xmin>741.426953125</xmin>
            <ymin>349.995703125</ymin>
            <xmax>1275.290443115234</xmax>
            <ymax>715.9625</ymax>
        </bndbox>
    </object>    <object>
        <name>body</name>
        <pose>Unspecified</pose>
        <truncated>0</truncated>
        <difficult>0</difficult>
        <bndbox>
            <xmin>27.400000000001455</xmin>
            <ymin>359.7000000000007</ymin>
            <xmax>584.7939453125</xmax>
            <ymax>717.7573852539062</ymax>
        </bndbox>
    </object>    <object>
        <name>head</name>
        <pose>Unspecified</pose>
        <truncated>0</truncated>
        <difficult>0</difficult>
        <bndbox>
            <xmin>786.76171875</xmin>
            <ymin>44.89453125</ymin>
            <xmax>1058.974609375</xmax>
            <ymax>359.6712829589833</ymax>
        </bndbox>
    </object>    <object>
        <name>head</name>
        <pose>Unspecified</pose>
        <truncated>0</truncated>
        <difficult>0</difficult>
        <bndbox>
            <xmin>192.9111328125</xmin>
            <ymin>87.10000000000036</ymin>
            <xmax>452.5</xmax>
            <ymax>363.025390625</ymax>
        </bndbox>
    </object>    <object>
        <name>body</name>
        <pose>Unspecified</pose>
        <truncated>0</truncated>
        <difficult>0</difficult>
        <bndbox>
            <xmin>543.26953125</xmin>
            <ymin>290.1328125</ymin>
            <xmax>718.3460693359375</xmax>
            <ymax>553.7009582519531</ymax>
        </bndbox>
    </object>
</annotation>
