<annotation>
    <folder></folder>
    <filename>frame_000459</filename>
    <path></path>
    <source>
        <database>Unknown</database>
    </source>
    <size>
        <width>1280</width>
        <height>720</height>
        <depth>3</depth>
    </size>
    <segmented>0</segmented>
    <object>
        <name>head</name>
        <pose>Unspecified</pose>
        <truncated>0</truncated>
        <difficult>0</difficult>
        <bndbox>
            <xmin>569.40234375</xmin>
            <ymin>205.3000000000011</ymin>
            <xmax>688.0</xmax>
            <ymax>326.7904281616211</ymax>
        </bndbox>
    </object>    <object>
        <name>body</name>
        <pose>Unspecified</pose>
        <truncated>0</truncated>
        <difficult>0</difficult>
        <bndbox>
            <xmin>688.244140625</xmin>
            <ymin>347.78759765625</ymin>
            <xmax>1262.244140625</xmax>
            <ymax>719.7990234375001</ymax>
        </bndbox>
    </object>    <object>
        <name>body</name>
        <pose>Unspecified</pose>
        <truncated>0</truncated>
        <difficult>0</difficult>
        <bndbox>
            <xmin>4.306919642857143</xmin>
            <ymin>352.5830078125</ymin>
            <xmax>529.7771019345237</xmax>
            <ymax>717.7142857142857</ymax>
        </bndbox>
    </object>    <object>
        <name>head</name>
        <pose>Unspecified</pose>
        <truncated>0</truncated>
        <difficult>0</difficult>
        <bndbox>
            <xmin>848.0380859375</xmin>
            <ymin>49.97607421875</ymin>
            <xmax>1139.1124849759653</xmax>
            <ymax>340.1223304161658</ymax>
        </bndbox>
    </object>    <object>
        <name>head</name>
        <pose>Unspecified</pose>
        <truncated>0</truncated>
        <difficult>0</difficult>
        <bndbox>
            <xmin>51.408203125</xmin>
            <ymin>56.1982421875</ymin>
            <xmax>329.1082031250007</xmax>
            <ymax>361.38046875000146</ymax>
        </bndbox>
    </object>    <object>
        <name>body</name>
        <pose>Unspecified</pose>
        <truncated>0</truncated>
        <difficult>0</difficult>
        <bndbox>
            <xmin>512.78125</xmin>
            <ymin>326.6000279017857</ymin>
            <xmax>716.107285749412</xmax>
            <ymax>488.7227102851456</ymax>
        </bndbox>
    </object>
</annotation>
