<annotation>
    <folder></folder>
    <filename>frame_000012</filename>
    <path></path>
    <source>
        <database>Unknown</database>
    </source>
    <size>
        <width>1280</width>
        <height>720</height>
        <depth>3</depth>
    </size>
    <segmented>0</segmented>
    <object>
        <name>head</name>
        <pose>Unspecified</pose>
        <truncated>0</truncated>
        <difficult>0</difficult>
        <bndbox>
            <xmin>464.873046875</xmin>
            <ymin>171.2470703125</ymin>
            <xmax>598.3664062499993</xmax>
            <ymax>346.2114562988281</ymax>
        </bndbox>
    </object>    <object>
        <name>body</name>
        <pose>Unspecified</pose>
        <truncated>0</truncated>
        <difficult>0</difficult>
        <bndbox>
            <xmin>790.099609375</xmin>
            <ymin>373.10000000000036</ymin>
            <xmax>1279.999182128904</xmax>
            <ymax>720.0</ymax>
        </bndbox>
    </object>    <object>
        <name>body</name>
        <pose>Unspecified</pose>
        <truncated>0</truncated>
        <difficult>0</difficult>
        <bndbox>
            <xmin>125.041015625</xmin>
            <ymin>326.0</ymin>
            <xmax>574.7000000000007</xmax>
            <ymax>720.0</ymax>
        </bndbox>
    </object>    <object>
        <name>head</name>
        <pose>Unspecified</pose>
        <truncated>0</truncated>
        <difficult>0</difficult>
        <bndbox>
            <xmin>931.443359375</xmin>
            <ymin>0.0</ymin>
            <xmax>1280.0</xmax>
            <ymax>366.3999938964844</ymax>
        </bndbox>
    </object>    <object>
        <name>head</name>
        <pose>Unspecified</pose>
        <truncated>0</truncated>
        <difficult>0</difficult>
        <bndbox>
            <xmin>181.6953125</xmin>
            <ymin>40.0</ymin>
            <xmax>426.7000000000007</xmax>
            <ymax>330.5</ymax>
        </bndbox>
    </object>
</annotation>
