<annotation>
    <folder></folder>
    <filename>frame_000322</filename>
    <path></path>
    <source>
        <database>Unknown</database>
    </source>
    <size>
        <width>1280</width>
        <height>720</height>
        <depth>3</depth>
    </size>
    <segmented>0</segmented>
    <object>
        <name>head</name>
        <pose>Unspecified</pose>
        <truncated>0</truncated>
        <difficult>0</difficult>
        <bndbox>
            <xmin>591.8766741071429</xmin>
            <ymin>217.13532366071428</ymin>
            <xmax>691.7610491071443</xmax>
            <ymax>329.3144252232128</ymax>
        </bndbox>
    </object>    <object>
        <name>body</name>
        <pose>Unspecified</pose>
        <truncated>0</truncated>
        <difficult>0</difficult>
        <bndbox>
            <xmin>677.4025530133929</xmin>
            <ymin>345.1625279017857</ymin>
            <xmax>1251.402553013393</xmax>
            <ymax>715.3775390625012</ymax>
        </bndbox>
    </object>    <object>
        <name>body</name>
        <pose>Unspecified</pose>
        <truncated>0</truncated>
        <difficult>0</difficult>
        <bndbox>
            <xmin>32.858561197916664</xmin>
            <ymin>331.69860026041687</ymin>
            <xmax>519.3259765625007</xmax>
            <ymax>717.5454406738294</ymax>
        </bndbox>
    </object>    <object>
        <name>head</name>
        <pose>Unspecified</pose>
        <truncated>0</truncated>
        <difficult>0</difficult>
        <bndbox>
            <xmin>870.87890625</xmin>
            <ymin>58.31591796875</ymin>
            <xmax>1185.7703125000007</xmax>
            <ymax>358.51805419921766</ymax>
        </bndbox>
    </object>    <object>
        <name>head</name>
        <pose>Unspecified</pose>
        <truncated>0</truncated>
        <difficult>0</difficult>
        <bndbox>
            <xmin>210.857421875</xmin>
            <ymin>41.6181640625</ymin>
            <xmax>484.0431640625029</xmax>
            <ymax>341.1756835937522</ymax>
        </bndbox>
    </object>    <object>
        <name>body</name>
        <pose>Unspecified</pose>
        <truncated>0</truncated>
        <difficult>0</difficult>
        <bndbox>
            <xmin>515.662109375</xmin>
            <ymin>308.4407552083333</ymin>
            <xmax>672.36328125</xmax>
            <ymax>487.2889180501273</ymax>
        </bndbox>
    </object>
</annotation>
