<annotation>
    <folder></folder>
    <filename>frame_000138</filename>
    <path></path>
    <source>
        <database>Unknown</database>
    </source>
    <size>
        <width>1280</width>
        <height>720</height>
        <depth>3</depth>
    </size>
    <segmented>0</segmented>
    <object>
        <name>head</name>
        <pose>Unspecified</pose>
        <truncated>0</truncated>
        <difficult>0</difficult>
        <bndbox>
            <xmin>594.1881510416666</xmin>
            <ymin>188.77018229166666</ymin>
            <xmax>715.0026432291662</xmax>
            <ymax>322.3088602701816</ymax>
        </bndbox>
    </object>    <object>
        <name>body</name>
        <pose>Unspecified</pose>
        <truncated>0</truncated>
        <difficult>0</difficult>
        <bndbox>
            <xmin>674.970703125</xmin>
            <ymin>368.2389322916667</ymin>
            <xmax>1248.970703125</xmax>
            <ymax>720.0</ymax>
        </bndbox>
    </object>    <object>
        <name>body</name>
        <pose>Unspecified</pose>
        <truncated>0</truncated>
        <difficult>0</difficult>
        <bndbox>
            <xmin>16.823893229166668</xmin>
            <ymin>384.6632486979167</ymin>
            <xmax>522.7919487847264</xmax>
            <ymax>719.7175611707898</ymax>
        </bndbox>
    </object>    <object>
        <name>head</name>
        <pose>Unspecified</pose>
        <truncated>0</truncated>
        <difficult>0</difficult>
        <bndbox>
            <xmin>832.3446864297945</xmin>
            <ymin>51.73521778681507</ymin>
            <xmax>1147.2360926797953</xmax>
            <ymax>351.9373540172827</ymax>
        </bndbox>
    </object>    <object>
        <name>head</name>
        <pose>Unspecified</pose>
        <truncated>0</truncated>
        <difficult>0</difficult>
        <bndbox>
            <xmin>134.49449573863637</xmin>
            <ymin>91.94269353693181</ymin>
            <xmax>396.4036754261364</xmax>
            <ymax>385.80167791193304</ymax>
        </bndbox>
    </object>    <object>
        <name>body</name>
        <pose>Unspecified</pose>
        <truncated>0</truncated>
        <difficult>0</difficult>
        <bndbox>
            <xmin>512.3327508223684</xmin>
            <ymin>314.94911595394734</ymin>
            <xmax>740.1327508223677</xmax>
            <ymax>495.18962685396565</ymax>
        </bndbox>
    </object>
</annotation>
