<annotation>
    <folder></folder>
    <filename>frame_000146</filename>
    <path></path>
    <source>
        <database>Unknown</database>
    </source>
    <size>
        <width>1280</width>
        <height>720</height>
        <depth>3</depth>
    </size>
    <segmented>0</segmented>
    <object>
        <name>head</name>
        <pose>Unspecified</pose>
        <truncated>0</truncated>
        <difficult>0</difficult>
        <bndbox>
            <xmin>598.099609375</xmin>
            <ymin>186.119140625</ymin>
            <xmax>721.9112890625006</xmax>
            <ymax>319.6578186035149</ymax>
        </bndbox>
    </object>    <object>
        <name>body</name>
        <pose>Unspecified</pose>
        <truncated>0</truncated>
        <difficult>0</difficult>
        <bndbox>
            <xmin>673.0784837372449</xmin>
            <ymin>368.3000504889456</ymin>
            <xmax>1247.0784837372448</xmax>
            <ymax>720.0</ymax>
        </bndbox>
    </object>    <object>
        <name>body</name>
        <pose>Unspecified</pose>
        <truncated>0</truncated>
        <difficult>0</difficult>
        <bndbox>
            <xmin>15.523546006944445</xmin>
            <ymin>374.66107855902777</ymin>
            <xmax>515.9069372106519</xmax>
            <ymax>718.9643909595628</ymax>
        </bndbox>
    </object>    <object>
        <name>head</name>
        <pose>Unspecified</pose>
        <truncated>0</truncated>
        <difficult>0</difficult>
        <bndbox>
            <xmin>832.7877514982877</xmin>
            <ymin>51.2706950984589</ymin>
            <xmax>1147.6791577482884</xmax>
            <ymax>351.4728313289266</ymax>
        </bndbox>
    </object>    <object>
        <name>head</name>
        <pose>Unspecified</pose>
        <truncated>0</truncated>
        <difficult>0</difficult>
        <bndbox>
            <xmin>132.646484375</xmin>
            <ymin>81.38623046875</ymin>
            <xmax>394.5556640625</xmax>
            <ymax>375.24521484375055</ymax>
        </bndbox>
    </object>    <object>
        <name>body</name>
        <pose>Unspecified</pose>
        <truncated>0</truncated>
        <difficult>0</difficult>
        <bndbox>
            <xmin>513.6559416118421</xmin>
            <ymin>317.0737047697368</ymin>
            <xmax>741.4559416118414</xmax>
            <ymax>498.77097892268733</ymax>
        </bndbox>
    </object>
</annotation>
