<annotation>
    <folder></folder>
    <filename>frame_000487</filename>
    <path></path>
    <source>
        <database>Unknown</database>
    </source>
    <size>
        <width>1280</width>
        <height>720</height>
        <depth>3</depth>
    </size>
    <segmented>0</segmented>
    <object>
        <name>head</name>
        <pose>Unspecified</pose>
        <truncated>0</truncated>
        <difficult>0</difficult>
        <bndbox>
            <xmin>569.1564797794117</xmin>
            <ymin>218.3310546875</ymin>
            <xmax>681.5515165441187</xmax>
            <ymax>328.2982070025263</ymax>
        </bndbox>
    </object>    <object>
        <name>body</name>
        <pose>Unspecified</pose>
        <truncated>0</truncated>
        <difficult>0</difficult>
        <bndbox>
            <xmin>682.313322368421</xmin>
            <ymin>365.8195004111844</ymin>
            <xmax>1258.4561060855262</xmax>
            <ymax>712.9947368421061</ymax>
        </bndbox>
    </object>    <object>
        <name>body</name>
        <pose>Unspecified</pose>
        <truncated>0</truncated>
        <difficult>0</difficult>
        <bndbox>
            <xmin>15.503115699404763</xmin>
            <ymin>354.2539527529762</ymin>
            <xmax>515.1538709077355</xmax>
            <ymax>720.0</ymax>
        </bndbox>
    </object>    <object>
        <name>head</name>
        <pose>Unspecified</pose>
        <truncated>0</truncated>
        <difficult>0</difficult>
        <bndbox>
            <xmin>802.9175575657895</xmin>
            <ymin>71.88101356907895</ymin>
            <xmax>1107.3294806427134</xmax>
            <ymax>367.65856258500344</ymax>
        </bndbox>
    </object>    <object>
        <name>head</name>
        <pose>Unspecified</pose>
        <truncated>0</truncated>
        <difficult>0</difficult>
        <bndbox>
            <xmin>130.66796875</xmin>
            <ymin>71.7763671875</ymin>
            <xmax>440.8887483016315</xmax>
            <ymax>386.0194375743049</ymax>
        </bndbox>
    </object>    <object>
        <name>body</name>
        <pose>Unspecified</pose>
        <truncated>0</truncated>
        <difficult>0</difficult>
        <bndbox>
            <xmin>521.0570068359375</xmin>
            <ymin>319.3459167480469</ymin>
            <xmax>732.8751676747503</xmax>
            <ymax>488.8369983941727</ymax>
        </bndbox>
    </object>
</annotation>
