<annotation>
    <folder></folder>
    <filename>frame_000521</filename>
    <path></path>
    <source>
        <database>Unknown</database>
    </source>
    <size>
        <width>1280</width>
        <height>720</height>
        <depth>3</depth>
    </size>
    <segmented>0</segmented>
    <object>
        <name>head</name>
        <pose>Unspecified</pose>
        <truncated>0</truncated>
        <difficult>0</difficult>
        <bndbox>
            <xmin>574.9934895833334</xmin>
            <ymin>204.66981336805554</ymin>
            <xmax>684.1837239583341</xmax>
            <ymax>316.8489149305541</ymax>
        </bndbox>
    </object>    <object>
        <name>body</name>
        <pose>Unspecified</pose>
        <truncated>0</truncated>
        <difficult>0</difficult>
        <bndbox>
            <xmin>711.6000000000022</xmin>
            <ymin>360.2000000000007</ymin>
            <xmax>1279.06640625</xmax>
            <ymax>691.0767517089844</ymax>
        </bndbox>
    </object>    <object>
        <name>body</name>
        <pose>Unspecified</pose>
        <truncated>0</truncated>
        <difficult>0</difficult>
        <bndbox>
            <xmin>15.466406250000242</xmin>
            <ymin>332.5667317708333</ymin>
            <xmax>534.3510266113275</xmax>
            <ymax>716.2616536458336</ymax>
        </bndbox>
    </object>    <object>
        <name>head</name>
        <pose>Unspecified</pose>
        <truncated>0</truncated>
        <difficult>0</difficult>
        <bndbox>
            <xmin>815.622802734375</xmin>
            <ymin>59.974365234375</ymin>
            <xmax>1130.5142089843757</xmax>
            <ymax>360.17650146484266</ymax>
        </bndbox>
    </object>    <object>
        <name>head</name>
        <pose>Unspecified</pose>
        <truncated>0</truncated>
        <difficult>0</difficult>
        <bndbox>
            <xmin>159.6376953125</xmin>
            <ymin>75.609375</ymin>
            <xmax>403.7355468750011</xmax>
            <ymax>341.5664001464829</ymax>
        </bndbox>
    </object>    <object>
        <name>body</name>
        <pose>Unspecified</pose>
        <truncated>0</truncated>
        <difficult>0</difficult>
        <bndbox>
            <xmin>514.77880859375</xmin>
            <ymin>319.393310546875</ymin>
            <xmax>736.302255249022</xmax>
            <ymax>503.03751627604197</ymax>
        </bndbox>
    </object>
</annotation>
