<annotation>
    <folder></folder>
    <filename>frame_000164</filename>
    <path></path>
    <source>
        <database>Unknown</database>
    </source>
    <size>
        <width>1280</width>
        <height>720</height>
        <depth>3</depth>
    </size>
    <segmented>0</segmented>
    <object>
        <name>head</name>
        <pose>Unspecified</pose>
        <truncated>0</truncated>
        <difficult>0</difficult>
        <bndbox>
            <xmin>580.1321614583334</xmin>
            <ymin>187.98990885416666</ymin>
            <xmax>708.0649739583326</xmax>
            <ymax>322.2801319376619</ymax>
        </bndbox>
    </object>    <object>
        <name>body</name>
        <pose>Unspecified</pose>
        <truncated>0</truncated>
        <difficult>0</difficult>
        <bndbox>
            <xmin>668.8209901147959</xmin>
            <ymin>368.43756643282313</ymin>
            <xmax>1242.820990114796</xmax>
            <ymax>720.0</ymax>
        </bndbox>
    </object>    <object>
        <name>body</name>
        <pose>Unspecified</pose>
        <truncated>0</truncated>
        <difficult>0</difficult>
        <bndbox>
            <xmin>12.597764756944443</xmin>
            <ymin>352.15619574652777</ymin>
            <xmax>500.4156611689843</xmax>
            <ymax>717.2697579843019</ymax>
        </bndbox>
    </object>    <object>
        <name>head</name>
        <pose>Unspecified</pose>
        <truncated>0</truncated>
        <difficult>0</difficult>
        <bndbox>
            <xmin>833.7846479023973</xmin>
            <ymin>50.225519049657535</ymin>
            <xmax>1148.676054152398</xmax>
            <ymax>350.4276552801252</ymax>
        </bndbox>
    </object>    <object>
        <name>head</name>
        <pose>Unspecified</pose>
        <truncated>0</truncated>
        <difficult>0</difficult>
        <bndbox>
            <xmin>157.58388671875</xmin>
            <ymin>72.36650390625</ymin>
            <xmax>419.49306640625</xmax>
            <ymax>366.2254882812496</ymax>
        </bndbox>
    </object>    <object>
        <name>body</name>
        <pose>Unspecified</pose>
        <truncated>0</truncated>
        <difficult>0</difficult>
        <bndbox>
            <xmin>510.59659090909093</xmin>
            <ymin>334.5319158380682</ymin>
            <xmax>738.3965909090902</xmax>
            <ymax>509.8350902210578</ymax>
        </bndbox>
    </object>
</annotation>
