<annotation>
    <folder></folder>
    <filename>frame_000150</filename>
    <path></path>
    <source>
        <database>Unknown</database>
    </source>
    <size>
        <width>1280</width>
        <height>720</height>
        <depth>3</depth>
    </size>
    <segmented>0</segmented>
    <object>
        <name>head</name>
        <pose>Unspecified</pose>
        <truncated>0</truncated>
        <difficult>0</difficult>
        <bndbox>
            <xmin>600.0553385416666</xmin>
            <ymin>184.79361979166666</ymin>
            <xmax>725.3656119791677</xmax>
            <ymax>318.3322977701816</ymax>
        </bndbox>
    </object>    <object>
        <name>body</name>
        <pose>Unspecified</pose>
        <truncated>0</truncated>
        <difficult>0</difficult>
        <bndbox>
            <xmin>672.1323740433673</xmin>
            <ymin>368.33060958758506</ymin>
            <xmax>1246.1323740433672</xmax>
            <ymax>720.0</ymax>
        </bndbox>
    </object>    <object>
        <name>body</name>
        <pose>Unspecified</pose>
        <truncated>0</truncated>
        <difficult>0</difficult>
        <bndbox>
            <xmin>14.873372395833332</xmin>
            <ymin>369.6599934895833</ymin>
            <xmax>512.4644314236147</xmax>
            <ymax>718.5878058539492</ymax>
        </bndbox>
    </object>    <object>
        <name>head</name>
        <pose>Unspecified</pose>
        <truncated>0</truncated>
        <difficult>0</difficult>
        <bndbox>
            <xmin>833.0092840325342</xmin>
            <ymin>51.038433754280824</ymin>
            <xmax>1147.900690282535</xmax>
            <ymax>351.2405699847485</ymax>
        </bndbox>
    </object>    <object>
        <name>head</name>
        <pose>Unspecified</pose>
        <truncated>0</truncated>
        <difficult>0</difficult>
        <bndbox>
            <xmin>131.7224786931818</xmin>
            <ymin>76.1079989346591</ymin>
            <xmax>393.6316583806818</xmax>
            <ymax>369.9669833096593</ymax>
        </bndbox>
    </object>    <object>
        <name>body</name>
        <pose>Unspecified</pose>
        <truncated>0</truncated>
        <difficult>0</difficult>
        <bndbox>
            <xmin>514.317537006579</xmin>
            <ymin>318.13599917763156</ymin>
            <xmax>742.1175370065782</xmax>
            <ymax>500.5616549570482</ymax>
        </bndbox>
    </object>
</annotation>
