<annotation>
    <folder></folder>
    <filename>frame_000212</filename>
    <path></path>
    <source>
        <database>Unknown</database>
    </source>
    <size>
        <width>1280</width>
        <height>720</height>
        <depth>3</depth>
    </size>
    <segmented>0</segmented>
    <object>
        <name>head</name>
        <pose>Unspecified</pose>
        <truncated>0</truncated>
        <difficult>0</difficult>
        <bndbox>
            <xmin>561.0310329861111</xmin>
            <ymin>182.654296875</ymin>
            <xmax>688.9638454861104</xmax>
            <ymax>317.266610717772</ymax>
        </bndbox>
    </object>    <object>
        <name>body</name>
        <pose>Unspecified</pose>
        <truncated>0</truncated>
        <difficult>0</difficult>
        <bndbox>
            <xmin>687.2134164663462</xmin>
            <ymin>363.43746243990387</ymin>
            <xmax>1261.2134164663462</xmax>
            <ymax>714.8241811899038</ymax>
        </bndbox>
    </object>    <object>
        <name>body</name>
        <pose>Unspecified</pose>
        <truncated>0</truncated>
        <difficult>0</difficult>
        <bndbox>
            <xmin>4.530048076923077</xmin>
            <ymin>340.95097656250044</ymin>
            <xmax>532.1216496394238</xmax>
            <ymax>703.4739990234386</ymax>
        </bndbox>
    </object>    <object>
        <name>head</name>
        <pose>Unspecified</pose>
        <truncated>0</truncated>
        <difficult>0</difficult>
        <bndbox>
            <xmin>836.4430530024509</xmin>
            <ymin>57.619025735294116</ymin>
            <xmax>1151.3344592524518</xmax>
            <ymax>357.8211619657618</ymax>
        </bndbox>
    </object>    <object>
        <name>head</name>
        <pose>Unspecified</pose>
        <truncated>0</truncated>
        <difficult>0</difficult>
        <bndbox>
            <xmin>146.90883501838235</xmin>
            <ymin>75.41681985294117</ymin>
            <xmax>408.8180147058824</xmax>
            <ymax>369.2758042279408</ymax>
        </bndbox>
    </object>    <object>
        <name>body</name>
        <pose>Unspecified</pose>
        <truncated>0</truncated>
        <difficult>0</difficult>
        <bndbox>
            <xmin>506.63131009615387</xmin>
            <ymin>309.04935396634613</ymin>
            <xmax>734.4313100961531</xmax>
            <ymax>507.5177255483745</ymax>
        </bndbox>
    </object>
</annotation>
