<annotation>
    <folder></folder>
    <filename>frame_000412</filename>
    <path></path>
    <source>
        <database>Unknown</database>
    </source>
    <size>
        <width>1280</width>
        <height>720</height>
        <depth>3</depth>
    </size>
    <segmented>0</segmented>
    <object>
        <name>head</name>
        <pose>Unspecified</pose>
        <truncated>0</truncated>
        <difficult>0</difficult>
        <bndbox>
            <xmin>547.3514322916672</xmin>
            <ymin>209.37936197916738</ymin>
            <xmax>677.8003916422531</xmax>
            <ymax>332.1377593994136</ymax>
        </bndbox>
    </object>    <object>
        <name>body</name>
        <pose>Unspecified</pose>
        <truncated>0</truncated>
        <difficult>0</difficult>
        <bndbox>
            <xmin>688.244140625</xmin>
            <ymin>343.6031901041667</ymin>
            <xmax>1262.244140625</xmax>
            <ymax>716.6503906250009</ymax>
        </bndbox>
    </object>    <object>
        <name>body</name>
        <pose>Unspecified</pose>
        <truncated>0</truncated>
        <difficult>0</difficult>
        <bndbox>
            <xmin>23.607177734375</xmin>
            <ymin>371.3250000000012</ymin>
            <xmax>519.1968478732688</xmax>
            <ymax>700.5694122314453</ymax>
        </bndbox>
    </object>    <object>
        <name>head</name>
        <pose>Unspecified</pose>
        <truncated>0</truncated>
        <difficult>0</difficult>
        <bndbox>
            <xmin>823.5740840517242</xmin>
            <ymin>62.492726293103445</ymin>
            <xmax>1138.465490301725</xmax>
            <ymax>362.6948625235711</ymax>
        </bndbox>
    </object>    <object>
        <name>head</name>
        <pose>Unspecified</pose>
        <truncated>0</truncated>
        <difficult>0</difficult>
        <bndbox>
            <xmin>170.989501953125</xmin>
            <ymin>65.9208984375</ymin>
            <xmax>448.68950195312254</xmax>
            <ymax>371.10312500000146</ymax>
        </bndbox>
    </object>    <object>
        <name>body</name>
        <pose>Unspecified</pose>
        <truncated>0</truncated>
        <difficult>0</difficult>
        <bndbox>
            <xmin>512.856328125</xmin>
            <ymin>323.8860546875</ymin>
            <xmax>712.8461718750015</xmax>
            <ymax>505.20824321545894</ymax>
        </bndbox>
    </object>
</annotation>
