<annotation>
    <folder></folder>
    <filename>frame_000436</filename>
    <path></path>
    <source>
        <database>Unknown</database>
    </source>
    <size>
        <width>1280</width>
        <height>720</height>
        <depth>3</depth>
    </size>
    <segmented>0</segmented>
    <object>
        <name>head</name>
        <pose>Unspecified</pose>
        <truncated>0</truncated>
        <difficult>0</difficult>
        <bndbox>
            <xmin>635.908203125</xmin>
            <ymin>206.515625</ymin>
            <xmax>735.7925781250015</xmax>
            <ymax>318.69472656249854</ymax>
        </bndbox>
    </object>    <object>
        <name>body</name>
        <pose>Unspecified</pose>
        <truncated>0</truncated>
        <difficult>0</difficult>
        <bndbox>
            <xmin>688.244140625</xmin>
            <ymin>345.7399088541667</ymin>
            <xmax>1262.244140625</xmax>
            <ymax>718.2582031250005</ymax>
        </bndbox>
    </object>    <object>
        <name>body</name>
        <pose>Unspecified</pose>
        <truncated>0</truncated>
        <difficult>0</difficult>
        <bndbox>
            <xmin>0.0</xmin>
            <ymin>318.2490234375</ymin>
            <xmax>485.419813368062</xmax>
            <ymax>719.7000000000007</ymax>
        </bndbox>
    </object>    <object>
        <name>head</name>
        <pose>Unspecified</pose>
        <truncated>0</truncated>
        <difficult>0</difficult>
        <bndbox>
            <xmin>820.127963362069</xmin>
            <ymin>57.269396551724135</ymin>
            <xmax>1135.0193696120698</xmax>
            <ymax>357.4715327821918</ymax>
        </bndbox>
    </object>    <object>
        <name>head</name>
        <pose>Unspecified</pose>
        <truncated>0</truncated>
        <difficult>0</difficult>
        <bndbox>
            <xmin>87.4755859375</xmin>
            <ymin>13.3603515625</ymin>
            <xmax>424.3935546875018</xmax>
            <ymax>346.56991780598946</ymax>
        </bndbox>
    </object>    <object>
        <name>body</name>
        <pose>Unspecified</pose>
        <truncated>0</truncated>
        <difficult>0</difficult>
        <bndbox>
            <xmin>529.125</xmin>
            <ymin>321.4951171875</ymin>
            <xmax>729.1148437500015</xmax>
            <ymax>488.0878160978609</ymax>
        </bndbox>
    </object>
</annotation>
