<annotation>
    <folder></folder>
    <filename>frame_000053</filename>
    <path></path>
    <source>
        <database>Unknown</database>
    </source>
    <size>
        <width>1280</width>
        <height>720</height>
        <depth>3</depth>
    </size>
    <segmented>0</segmented>
    <object>
        <name>head</name>
        <pose>Unspecified</pose>
        <truncated>0</truncated>
        <difficult>0</difficult>
        <bndbox>
            <xmin>605.844921875</xmin>
            <ymin>194.250390625</ymin>
            <xmax>711.2988281250007</xmax>
            <ymax>327.7890686035149</ymax>
        </bndbox>
    </object>    <object>
        <name>body</name>
        <pose>Unspecified</pose>
        <truncated>0</truncated>
        <difficult>0</difficult>
        <bndbox>
            <xmin>695.075534119898</xmin>
            <ymin>367.58955144557825</ymin>
            <xmax>1269.075534119898</xmax>
            <ymax>720.0</ymax>
        </bndbox>
    </object>    <object>
        <name>body</name>
        <pose>Unspecified</pose>
        <truncated>0</truncated>
        <difficult>0</difficult>
        <bndbox>
            <xmin>4.0376953125</xmin>
            <ymin>356.2533203125</ymin>
            <xmax>568.4541015625007</xmax>
            <ymax>712.5941015625009</ymax>
        </bndbox>
    </object>    <object>
        <name>head</name>
        <pose>Unspecified</pose>
        <truncated>0</truncated>
        <difficult>0</difficult>
        <bndbox>
            <xmin>827.6371200770548</xmin>
            <ymin>56.67077135059932</ymin>
            <xmax>1142.5285263270555</xmax>
            <ymax>356.87290758106695</ymax>
        </bndbox>
    </object>    <object>
        <name>head</name>
        <pose>Unspecified</pose>
        <truncated>0</truncated>
        <difficult>0</difficult>
        <bndbox>
            <xmin>174.966796875</xmin>
            <ymin>66.87109375</ymin>
            <xmax>436.8759765625</xmax>
            <ymax>360.73007812499964</ymax>
        </bndbox>
    </object>    <object>
        <name>body</name>
        <pose>Unspecified</pose>
        <truncated>0</truncated>
        <difficult>0</difficult>
        <bndbox>
            <xmin>507.24829727564105</xmin>
            <ymin>326.9054987980769</ymin>
            <xmax>735.0482972756403</xmax>
            <ymax>490.60551100510816</ymax>
        </bndbox>
    </object>
</annotation>
