<annotation>
    <folder></folder>
    <filename>frame_000106</filename>
    <path></path>
    <source>
        <database>Unknown</database>
    </source>
    <size>
        <width>1280</width>
        <height>720</height>
        <depth>3</depth>
    </size>
    <segmented>0</segmented>
    <object>
        <name>head</name>
        <pose>Unspecified</pose>
        <truncated>0</truncated>
        <difficult>0</difficult>
        <bndbox>
            <xmin>585.8654513888889</xmin>
            <ymin>193.1162109375</ymin>
            <xmax>694.6911935763904</xmax>
            <ymax>326.6548889160149</ymax>
        </bndbox>
    </object>    <object>
        <name>body</name>
        <pose>Unspecified</pose>
        <truncated>0</truncated>
        <difficult>0</difficult>
        <bndbox>
            <xmin>682.5395806760204</xmin>
            <ymin>367.994459502551</ymin>
            <xmax>1256.5395806760205</xmax>
            <ymax>720.0</ymax>
        </bndbox>
    </object>    <object>
        <name>body</name>
        <pose>Unspecified</pose>
        <truncated>0</truncated>
        <difficult>0</difficult>
        <bndbox>
            <xmin>5.43844696969697</xmin>
            <ymin>313.86792732007575</ymin>
            <xmax>601.1043560606067</xmax>
            <ymax>712.339393939396</ymax>
        </bndbox>
    </object>    <object>
        <name>head</name>
        <pose>Unspecified</pose>
        <truncated>0</truncated>
        <difficult>0</difficult>
        <bndbox>
            <xmin>830.572426155822</xmin>
            <ymin>53.593308540239725</ymin>
            <xmax>1145.4638324058226</xmax>
            <ymax>353.7954447707074</ymax>
        </bndbox>
    </object>    <object>
        <name>head</name>
        <pose>Unspecified</pose>
        <truncated>0</truncated>
        <difficult>0</difficult>
        <bndbox>
            <xmin>161.13037109375</xmin>
            <ymin>51.67626953125</ymin>
            <xmax>423.03955078125</xmax>
            <ymax>345.53525390624964</ymax>
        </bndbox>
    </object>    <object>
        <name>body</name>
        <pose>Unspecified</pose>
        <truncated>0</truncated>
        <difficult>0</difficult>
        <bndbox>
            <xmin>509.74483816964283</xmin>
            <ymin>313.693115234375</ymin>
            <xmax>737.5448381696422</xmax>
            <ymax>492.4409800403542</ymax>
        </bndbox>
    </object>
</annotation>
