<annotation>
    <folder></folder>
    <filename>frame_000044</filename>
    <path></path>
    <source>
        <database>Unknown</database>
    </source>
    <size>
        <width>1280</width>
        <height>720</height>
        <depth>3</depth>
    </size>
    <segmented>0</segmented>
    <object>
        <name>head</name>
        <pose>Unspecified</pose>
        <truncated>0</truncated>
        <difficult>0</difficult>
        <bndbox>
            <xmin>591.60546875</xmin>
            <ymin>189.203125</ymin>
            <xmax>697.0593750000007</xmax>
            <ymax>322.7418029785149</ymax>
        </bndbox>
    </object>    <object>
        <name>body</name>
        <pose>Unspecified</pose>
        <truncated>0</truncated>
        <difficult>0</difficult>
        <bndbox>
            <xmin>697.2042809311224</xmin>
            <ymin>367.52079347363946</ymin>
            <xmax>1271.2042809311224</xmax>
            <ymax>720.0</ymax>
        </bndbox>
    </object>    <object>
        <name>body</name>
        <pose>Unspecified</pose>
        <truncated>0</truncated>
        <difficult>0</difficult>
        <bndbox>
            <xmin>5.768136160714286</xmin>
            <ymin>356.2744140625</ymin>
            <xmax>591.9201450892864</xmax>
            <ymax>709.420145089287</ymax>
        </bndbox>
    </object>    <object>
        <name>head</name>
        <pose>Unspecified</pose>
        <truncated>0</truncated>
        <difficult>0</difficult>
        <bndbox>
            <xmin>827.138671875</xmin>
            <ymin>57.193359375</ymin>
            <xmax>1142.0300781250007</xmax>
            <ymax>357.39549560546766</ymax>
        </bndbox>
    </object>    <object>
        <name>head</name>
        <pose>Unspecified</pose>
        <truncated>0</truncated>
        <difficult>0</difficult>
        <bndbox>
            <xmin>143.5634765625</xmin>
            <ymin>63.5068359375</ymin>
            <xmax>405.47265625</xmax>
            <ymax>357.36582031249964</ymax>
        </bndbox>
    </object>    <object>
        <name>body</name>
        <pose>Unspecified</pose>
        <truncated>0</truncated>
        <difficult>0</difficult>
        <bndbox>
            <xmin>509.3189102564103</xmin>
            <ymin>328.1995192307692</ymin>
            <xmax>737.1189102564095</xmax>
            <ymax>491.8995314378005</ymax>
        </bndbox>
    </object>
</annotation>
