<annotation>
    <folder></folder>
    <filename>frame_000033</filename>
    <path></path>
    <source>
        <database>Unknown</database>
    </source>
    <size>
        <width>1280</width>
        <height>720</height>
        <depth>3</depth>
    </size>
    <segmented>0</segmented>
    <object>
        <name>head</name>
        <pose>Unspecified</pose>
        <truncated>0</truncated>
        <difficult>0</difficult>
        <bndbox>
            <xmin>592.0546875</xmin>
            <ymin>194.58671875</ymin>
            <xmax>697.5085937500007</xmax>
            <ymax>328.1253967285149</ymax>
        </bndbox>
    </object>    <object>
        <name>body</name>
        <pose>Unspecified</pose>
        <truncated>0</truncated>
        <difficult>0</difficult>
        <bndbox>
            <xmin>711.4186197916666</xmin>
            <ymin>323.75</ymin>
            <xmax>1280.0</xmax>
            <ymax>689.716796875</ymax>
        </bndbox>
    </object>    <object>
        <name>body</name>
        <pose>Unspecified</pose>
        <truncated>0</truncated>
        <difficult>0</difficult>
        <bndbox>
            <xmin>3.36474609375</xmin>
            <ymin>357.40771484375</ymin>
            <xmax>601.5920898437507</xmax>
            <ymax>708.7784179687515</ymax>
        </bndbox>
    </object>    <object>
        <name>head</name>
        <pose>Unspecified</pose>
        <truncated>0</truncated>
        <difficult>0</difficult>
        <bndbox>
            <xmin>874.9895833333334</xmin>
            <ymin>27.09716796875</ymin>
            <xmax>1189.880989583334</xmax>
            <ymax>327.29930419921766</ymax>
        </bndbox>
    </object>    <object>
        <name>head</name>
        <pose>Unspecified</pose>
        <truncated>0</truncated>
        <difficult>0</difficult>
        <bndbox>
            <xmin>189.5478515625</xmin>
            <ymin>19.783203125</ymin>
            <xmax>451.45703125</xmax>
            <ymax>367.458984375</ymax>
        </bndbox>
    </object>    <object>
        <name>body</name>
        <pose>Unspecified</pose>
        <truncated>0</truncated>
        <difficult>0</difficult>
        <bndbox>
            <xmin>511.84965945512823</xmin>
            <ymin>329.78109975961536</ymin>
            <xmax>739.6496594551274</xmax>
            <ymax>493.4811119666466</ymax>
        </bndbox>
    </object>
</annotation>
