<annotation>
    <folder></folder>
    <filename>frame_000080</filename>
    <path></path>
    <source>
        <database>Unknown</database>
    </source>
    <size>
        <width>1280</width>
        <height>720</height>
        <depth>3</depth>
    </size>
    <segmented>0</segmented>
    <object>
        <name>head</name>
        <pose>Unspecified</pose>
        <truncated>0</truncated>
        <difficult>0</difficult>
        <bndbox>
            <xmin>608.466796875</xmin>
            <ymin>209.4453125</ymin>
            <xmax>713.9207031250007</xmax>
            <ymax>342.9839904785149</ymax>
        </bndbox>
    </object>    <object>
        <name>body</name>
        <pose>Unspecified</pose>
        <truncated>0</truncated>
        <difficult>0</difficult>
        <bndbox>
            <xmin>688.6892936862245</xmin>
            <ymin>367.7958253613946</ymin>
            <xmax>1262.6892936862246</xmax>
            <ymax>720.0</ymax>
        </bndbox>
    </object>    <object>
        <name>body</name>
        <pose>Unspecified</pose>
        <truncated>0</truncated>
        <difficult>0</difficult>
        <bndbox>
            <xmin>1.0197088068181819</xmin>
            <ymin>348.26606889204544</ymin>
            <xmax>530.0883167613644</xmax>
            <ymax>718.5636363636368</ymax>
        </bndbox>
    </object>    <object>
        <name>head</name>
        <pose>Unspecified</pose>
        <truncated>0</truncated>
        <difficult>0</difficult>
        <bndbox>
            <xmin>829.1324646832192</xmin>
            <ymin>55.10300727739726</ymin>
            <xmax>1144.02387093322</xmax>
            <ymax>355.3051435078649</ymax>
        </bndbox>
    </object>    <object>
        <name>head</name>
        <pose>Unspecified</pose>
        <truncated>0</truncated>
        <difficult>0</difficult>
        <bndbox>
            <xmin>109.79119318181819</xmin>
            <ymin>60.44486860795455</ymin>
            <xmax>371.7003728693182</xmax>
            <ymax>354.3038529829542</ymax>
        </bndbox>
    </object>    <object>
        <name>body</name>
        <pose>Unspecified</pose>
        <truncated>0</truncated>
        <difficult>0</difficult>
        <bndbox>
            <xmin>528.322265625</xmin>
            <ymin>340.3935546875</ymin>
            <xmax>756.1222656249993</xmax>
            <ymax>524.651900726898</ymax>
        </bndbox>
    </object>
</annotation>
