<annotation>
    <folder></folder>
    <filename>frame_000046</filename>
    <path></path>
    <source>
        <database>Unknown</database>
    </source>
    <size>
        <width>1280</width>
        <height>720</height>
        <depth>3</depth>
    </size>
    <segmented>0</segmented>
    <object>
        <name>head</name>
        <pose>Unspecified</pose>
        <truncated>0</truncated>
        <difficult>0</difficult>
        <bndbox>
            <xmin>594.7697916666667</xmin>
            <ymin>190.32473958333333</ymin>
            <xmax>700.2236979166674</xmax>
            <ymax>323.8634175618482</ymax>
        </bndbox>
    </object>    <object>
        <name>body</name>
        <pose>Unspecified</pose>
        <truncated>0</truncated>
        <difficult>0</difficult>
        <bndbox>
            <xmin>696.7312260841836</xmin>
            <ymin>367.53607302295916</ymin>
            <xmax>1270.7312260841836</xmax>
            <ymax>720.0</ymax>
        </bndbox>
    </object>    <object>
        <name>body</name>
        <pose>Unspecified</pose>
        <truncated>0</truncated>
        <difficult>0</difficult>
        <bndbox>
            <xmin>5.38359375</xmin>
            <ymin>356.2697265625</ymin>
            <xmax>586.7054687500007</xmax>
            <ymax>710.1254687500011</ymax>
        </bndbox>
    </object>    <object>
        <name>head</name>
        <pose>Unspecified</pose>
        <truncated>0</truncated>
        <difficult>0</difficult>
        <bndbox>
            <xmin>827.2494381421233</xmin>
            <ymin>57.07722870291096</ymin>
            <xmax>1142.140844392124</xmax>
            <ymax>357.27936493337864</ymax>
        </bndbox>
    </object>    <object>
        <name>head</name>
        <pose>Unspecified</pose>
        <truncated>0</truncated>
        <difficult>0</difficult>
        <bndbox>
            <xmin>150.5419921875</xmin>
            <ymin>64.25444878472223</ymin>
            <xmax>412.451171875</xmax>
            <ymax>358.11343315972186</ymax>
        </bndbox>
    </object>    <object>
        <name>body</name>
        <pose>Unspecified</pose>
        <truncated>0</truncated>
        <difficult>0</difficult>
        <bndbox>
            <xmin>508.85877403846155</xmin>
            <ymin>327.91195913461536</ymin>
            <xmax>736.6587740384608</xmax>
            <ymax>491.6119713416466</ymax>
        </bndbox>
    </object>
</annotation>
