<annotation>
    <folder></folder>
    <filename>frame_000550</filename>
    <path></path>
    <source>
        <database>Unknown</database>
    </source>
    <size>
        <width>1280</width>
        <height>720</height>
        <depth>3</depth>
    </size>
    <segmented>0</segmented>
    <object>
        <name>head</name>
        <pose>Unspecified</pose>
        <truncated>0</truncated>
        <difficult>0</difficult>
        <bndbox>
            <xmin>553.6171875</xmin>
            <ymin>203.1201171875</ymin>
            <xmax>697.9125045776345</xmax>
            <ymax>315.29921874999854</ymax>
        </bndbox>
    </object>    <object>
        <name>body</name>
        <pose>Unspecified</pose>
        <truncated>0</truncated>
        <difficult>0</difficult>
        <bndbox>
            <xmin>711.599609375</xmin>
            <ymin>348.048828125</ymin>
            <xmax>1279.0660156249978</xmax>
            <ymax>707.0</ymax>
        </bndbox>
    </object>    <object>
        <name>body</name>
        <pose>Unspecified</pose>
        <truncated>0</truncated>
        <difficult>0</difficult>
        <bndbox>
            <xmin>44.70000000000073</xmin>
            <ymin>385.259765625</ymin>
            <xmax>518.8449096679688</xmax>
            <ymax>713.8597656249985</ymax>
        </bndbox>
    </object>    <object>
        <name>head</name>
        <pose>Unspecified</pose>
        <truncated>0</truncated>
        <difficult>0</difficult>
        <bndbox>
            <xmin>829.974609375</xmin>
            <ymin>45.4326171875</ymin>
            <xmax>1144.8660156250007</xmax>
            <ymax>345.63475341796766</ymax>
        </bndbox>
    </object>    <object>
        <name>head</name>
        <pose>Unspecified</pose>
        <truncated>0</truncated>
        <difficult>0</difficult>
        <bndbox>
            <xmin>228.205078125</xmin>
            <ymin>98.30000000000109</ymin>
            <xmax>491.94394531250146</xmax>
            <ymax>380.7732238769531</ymax>
        </bndbox>
    </object>    <object>
        <name>body</name>
        <pose>Unspecified</pose>
        <truncated>0</truncated>
        <difficult>0</difficult>
        <bndbox>
            <xmin>513.259765625</xmin>
            <ymin>314.2965494791667</ymin>
            <xmax>742.7156250000007</xmax>
            <ymax>520.6111979166659</ymax>
        </bndbox>
    </object>
</annotation>
