<annotation>
    <folder></folder>
    <filename>frame_000244</filename>
    <path></path>
    <source>
        <database>Unknown</database>
    </source>
    <size>
        <width>1280</width>
        <height>720</height>
        <depth>3</depth>
    </size>
    <segmented>0</segmented>
    <object>
        <name>head</name>
        <pose>Unspecified</pose>
        <truncated>0</truncated>
        <difficult>0</difficult>
        <bndbox>
            <xmin>525.291015625</xmin>
            <ymin>202.880859375</ymin>
            <xmax>633.5899218750019</xmax>
            <ymax>321.78992462158203</ymax>
        </bndbox>
    </object>    <object>
        <name>body</name>
        <pose>Unspecified</pose>
        <truncated>0</truncated>
        <difficult>0</difficult>
        <bndbox>
            <xmin>701.513671875</xmin>
            <ymin>354.4482846467391</ymin>
            <xmax>1275.513671875</xmax>
            <ymax>712.1844369904906</ymax>
        </bndbox>
    </object>    <object>
        <name>body</name>
        <pose>Unspecified</pose>
        <truncated>0</truncated>
        <difficult>0</difficult>
        <bndbox>
            <xmin>15.929724121094068</xmin>
            <ymin>341.7875000000008</ymin>
            <xmax>529.2746284484867</xmax>
            <ymax>705.5968227386475</ymax>
        </bndbox>
    </object>    <object>
        <name>head</name>
        <pose>Unspecified</pose>
        <truncated>0</truncated>
        <difficult>0</difficult>
        <bndbox>
            <xmin>838.2163373161765</xmin>
            <ymin>55.885569852941174</ymin>
            <xmax>1153.1077435661773</xmax>
            <ymax>356.0877060834088</ymax>
        </bndbox>
    </object>    <object>
        <name>head</name>
        <pose>Unspecified</pose>
        <truncated>0</truncated>
        <difficult>0</difficult>
        <bndbox>
            <xmin>168.7626953125</xmin>
            <ymin>94.02408854166667</ymin>
            <xmax>404.82968750000146</xmax>
            <ymax>346.39947306314997</ymax>
        </bndbox>
    </object>    <object>
        <name>body</name>
        <pose>Unspecified</pose>
        <truncated>0</truncated>
        <difficult>0</difficult>
        <bndbox>
            <xmin>504.92578125</xmin>
            <ymin>321.6435546875</ymin>
            <xmax>732.7257812499993</xmax>
            <ymax>520.1119262695283</ymax>
        </bndbox>
    </object>
</annotation>
