<annotation>
    <folder></folder>
    <filename>frame_000059</filename>
    <path></path>
    <source>
        <database>Unknown</database>
    </source>
    <size>
        <width>1280</width>
        <height>720</height>
        <depth>3</depth>
    </size>
    <segmented>0</segmented>
    <object>
        <name>head</name>
        <pose>Unspecified</pose>
        <truncated>0</truncated>
        <difficult>0</difficult>
        <bndbox>
            <xmin>615.337890625</xmin>
            <ymin>197.615234375</ymin>
            <xmax>720.7917968750007</xmax>
            <ymax>331.1539123535149</ymax>
        </bndbox>
    </object>    <object>
        <name>body</name>
        <pose>Unspecified</pose>
        <truncated>0</truncated>
        <difficult>0</difficult>
        <bndbox>
            <xmin>693.6563695790817</xmin>
            <ymin>367.6353900935374</ymin>
            <xmax>1267.6563695790817</xmax>
            <ymax>720.0</ymax>
        </bndbox>
    </object>    <object>
        <name>body</name>
        <pose>Unspecified</pose>
        <truncated>0</truncated>
        <difficult>0</difficult>
        <bndbox>
            <xmin>2.8840680803571432</xmin>
            <ymin>356.2392578125</ymin>
            <xmax>552.8100725446436</xmax>
            <ymax>714.7100725446435</ymax>
        </bndbox>
    </object>    <object>
        <name>head</name>
        <pose>Unspecified</pose>
        <truncated>0</truncated>
        <difficult>0</difficult>
        <bndbox>
            <xmin>827.9694188784247</xmin>
            <ymin>56.32237933433219</ymin>
            <xmax>1142.8608251284254</xmax>
            <ymax>356.52451556479986</ymax>
        </bndbox>
    </object>    <object>
        <name>head</name>
        <pose>Unspecified</pose>
        <truncated>0</truncated>
        <difficult>0</difficult>
        <bndbox>
            <xmin>236.279296875</xmin>
            <ymin>74.91015625</ymin>
            <xmax>498.1884765625</xmax>
            <ymax>368.76914062499964</ymax>
        </bndbox>
    </object>    <object>
        <name>body</name>
        <pose>Unspecified</pose>
        <truncated>0</truncated>
        <difficult>0</difficult>
        <bndbox>
            <xmin>505.86788862179486</xmin>
            <ymin>326.04281850961536</ymin>
            <xmax>733.6678886217942</xmax>
            <ymax>489.7428307166466</ymax>
        </bndbox>
    </object>
</annotation>
