<annotation>
    <folder></folder>
    <filename>frame_000263</filename>
    <path></path>
    <source>
        <database>Unknown</database>
    </source>
    <size>
        <width>1280</width>
        <height>720</height>
        <depth>3</depth>
    </size>
    <segmented>0</segmented>
    <object>
        <name>head</name>
        <pose>Unspecified</pose>
        <truncated>0</truncated>
        <difficult>0</difficult>
        <bndbox>
            <xmin>582.4475661057693</xmin>
            <ymin>213.8016075721154</ymin>
            <xmax>682.3319411057707</xmax>
            <ymax>325.9807091346139</ymax>
        </bndbox>
    </object>    <object>
        <name>body</name>
        <pose>Unspecified</pose>
        <truncated>0</truncated>
        <difficult>0</difficult>
        <bndbox>
            <xmin>701.513671875</xmin>
            <ymin>357.31529356060634</ymin>
            <xmax>1275.513671875</xmax>
            <ymax>708.525105054452</ymax>
        </bndbox>
    </object>    <object>
        <name>body</name>
        <pose>Unspecified</pose>
        <truncated>0</truncated>
        <difficult>0</difficult>
        <bndbox>
            <xmin>5.383593749999999</xmin>
            <ymin>346.21015625</ymin>
            <xmax>527.3677734375008</xmax>
            <ymax>711.9058569335932</ymax>
        </bndbox>
    </object>    <object>
        <name>head</name>
        <pose>Unspecified</pose>
        <truncated>0</truncated>
        <difficult>0</difficult>
        <bndbox>
            <xmin>835.8926866319445</xmin>
            <ymin>57.69970703125</ymin>
            <xmax>1150.784092881945</xmax>
            <ymax>357.90184326171766</ymax>
        </bndbox>
    </object>    <object>
        <name>head</name>
        <pose>Unspecified</pose>
        <truncated>0</truncated>
        <difficult>0</difficult>
        <bndbox>
            <xmin>182.59207589285714</xmin>
            <ymin>77.66266741071428</ymin>
            <xmax>476.2055245535718</xmax>
            <ymax>365.89638671874957</ymax>
        </bndbox>
    </object>    <object>
        <name>body</name>
        <pose>Unspecified</pose>
        <truncated>0</truncated>
        <difficult>0</difficult>
        <bndbox>
            <xmin>517.7128405448718</xmin>
            <ymin>322.2311197916667</ymin>
            <xmax>720.5868790064098</xmax>
            <ymax>508.4402816381193</ymax>
        </bndbox>
    </object>
</annotation>
