<annotation>
    <folder></folder>
    <filename>frame_000415</filename>
    <path></path>
    <source>
        <database>Unknown</database>
    </source>
    <size>
        <width>1280</width>
        <height>720</height>
        <depth>3</depth>
    </size>
    <segmented>0</segmented>
    <object>
        <name>head</name>
        <pose>Unspecified</pose>
        <truncated>0</truncated>
        <difficult>0</difficult>
        <bndbox>
            <xmin>552.3004687500004</xmin>
            <ymin>211.06828125000067</ymin>
            <xmax>679.6929696655279</xmax>
            <ymax>332.76874908447206</ymax>
        </bndbox>
    </object>    <object>
        <name>body</name>
        <pose>Unspecified</pose>
        <truncated>0</truncated>
        <difficult>0</difficult>
        <bndbox>
            <xmin>688.244140625</xmin>
            <ymin>343.8702799479167</ymin>
            <xmax>1262.244140625</xmax>
            <ymax>716.8513671875008</ymax>
        </bndbox>
    </object>    <object>
        <name>body</name>
        <pose>Unspecified</pose>
        <truncated>0</truncated>
        <difficult>0</difficult>
        <bndbox>
            <xmin>23.798473011363637</xmin>
            <ymin>362.74609375000097</ymin>
            <xmax>518.886320233591</xmax>
            <ymax>701.2835690816243</ymax>
        </bndbox>
    </object>    <object>
        <name>head</name>
        <pose>Unspecified</pose>
        <truncated>0</truncated>
        <difficult>0</difficult>
        <bndbox>
            <xmin>823.1433189655172</xmin>
            <ymin>61.83981007543103</ymin>
            <xmax>1138.034725215518</xmax>
            <ymax>362.0419463058987</ymax>
        </bndbox>
    </object>    <object>
        <name>head</name>
        <pose>Unspecified</pose>
        <truncated>0</truncated>
        <difficult>0</difficult>
        <bndbox>
            <xmin>180.36955915178572</xmin>
            <ymin>57.770089285714285</ymin>
            <xmax>458.06955915178304</xmax>
            <ymax>362.95231584821573</ymax>
        </bndbox>
    </object>    <object>
        <name>body</name>
        <pose>Unspecified</pose>
        <truncated>0</truncated>
        <difficult>0</difficult>
        <bndbox>
            <xmin>515.040234375</xmin>
            <ymin>321.3552734375</ymin>
            <xmax>715.0300781250014</xmax>
            <ymax>500.83627576325887</ymax>
        </bndbox>
    </object>
</annotation>
