<annotation>
    <folder></folder>
    <filename>frame_000328</filename>
    <path></path>
    <source>
        <database>Unknown</database>
    </source>
    <size>
        <width>1280</width>
        <height>720</height>
        <depth>3</depth>
    </size>
    <segmented>0</segmented>
    <object>
        <name>head</name>
        <pose>Unspecified</pose>
        <truncated>0</truncated>
        <difficult>0</difficult>
        <bndbox>
            <xmin>571.352734375</xmin>
            <ymin>208.3568359375</ymin>
            <xmax>671.2371093750014</xmax>
            <ymax>320.53593749999857</ymax>
        </bndbox>
    </object>    <object>
        <name>body</name>
        <pose>Unspecified</pose>
        <truncated>0</truncated>
        <difficult>0</difficult>
        <bndbox>
            <xmin>673.1629464285714</xmin>
            <ymin>340.576171875</ymin>
            <xmax>1247.0420918367347</xmax>
            <ymax>714.3726562500015</ymax>
        </bndbox>
    </object>    <object>
        <name>body</name>
        <pose>Unspecified</pose>
        <truncated>0</truncated>
        <difficult>0</difficult>
        <bndbox>
            <xmin>16.8232421875</xmin>
            <ymin>363.78125</ymin>
            <xmax>496.1873046875007</xmax>
            <ymax>716.259765625</ymax>
        </bndbox>
    </object>    <object>
        <name>head</name>
        <pose>Unspecified</pose>
        <truncated>0</truncated>
        <difficult>0</difficult>
        <bndbox>
            <xmin>869.7743252840909</xmin>
            <ymin>54.951171875</ymin>
            <xmax>1184.6657315340917</xmax>
            <ymax>355.15330810546766</ymax>
        </bndbox>
    </object>    <object>
        <name>head</name>
        <pose>Unspecified</pose>
        <truncated>0</truncated>
        <difficult>0</difficult>
        <bndbox>
            <xmin>163.5625</xmin>
            <ymin>70.2177734375</ymin>
            <xmax>441.2625000000007</xmax>
            <ymax>375.40000000000146</ymax>
        </bndbox>
    </object>    <object>
        <name>body</name>
        <pose>Unspecified</pose>
        <truncated>0</truncated>
        <difficult>0</difficult>
        <bndbox>
            <xmin>511.15625</xmin>
            <ymin>308.89208984375</ymin>
            <xmax>685.4585876464844</xmax>
            <ymax>468.1200439453096</ymax>
        </bndbox>
    </object>
</annotation>
