<annotation>
    <folder></folder>
    <filename>frame_000249</filename>
    <path></path>
    <source>
        <database>Unknown</database>
    </source>
    <size>
        <width>1280</width>
        <height>720</height>
        <depth>3</depth>
    </size>
    <segmented>0</segmented>
    <object>
        <name>head</name>
        <pose>Unspecified</pose>
        <truncated>0</truncated>
        <difficult>0</difficult>
        <bndbox>
            <xmin>538.41015625</xmin>
            <ymin>206.3017578125</ymin>
            <xmax>638.2945312500015</xmax>
            <ymax>318.48085937499854</ymax>
        </bndbox>
    </object>    <object>
        <name>body</name>
        <pose>Unspecified</pose>
        <truncated>0</truncated>
        <difficult>0</difficult>
        <bndbox>
            <xmin>701.513671875</xmin>
            <ymin>350.9415760869565</ymin>
            <xmax>1275.513671875</xmax>
            <ymax>710.5452088994583</ymax>
        </bndbox>
    </object>    <object>
        <name>body</name>
        <pose>Unspecified</pose>
        <truncated>0</truncated>
        <difficult>0</difficult>
        <bndbox>
            <xmin>23.302099609375546</xmin>
            <ymin>353.85000000000036</ymin>
            <xmax>526.4707916259767</xmax>
            <ymax>703.3539047241211</ymax>
        </bndbox>
    </object>    <object>
        <name>head</name>
        <pose>Unspecified</pose>
        <truncated>0</truncated>
        <difficult>0</difficult>
        <bndbox>
            <xmin>838.4934129901961</xmin>
            <ymin>55.61471737132353</ymin>
            <xmax>1153.3848192401967</xmax>
            <ymax>355.8168536017912</ymax>
        </bndbox>
    </object>    <object>
        <name>head</name>
        <pose>Unspecified</pose>
        <truncated>0</truncated>
        <difficult>0</difficult>
        <bndbox>
            <xmin>86.814453125</xmin>
            <ymin>89.69921875</ymin>
            <xmax>335.45121093750095</xmax>
            <ymax>355.989565429687</ymax>
        </bndbox>
    </object>    <object>
        <name>body</name>
        <pose>Unspecified</pose>
        <truncated>0</truncated>
        <difficult>0</difficult>
        <bndbox>
            <xmin>510.64623397435895</xmin>
            <ymin>325.5442708333333</ymin>
            <xmax>735.3304887820506</xmax>
            <ymax>522.4802411984147</ymax>
        </bndbox>
    </object>
</annotation>
