<annotation>
    <folder></folder>
    <filename>frame_000478</filename>
    <path></path>
    <source>
        <database>Unknown</database>
    </source>
    <size>
        <width>1280</width>
        <height>720</height>
        <depth>3</depth>
    </size>
    <segmented>0</segmented>
    <object>
        <name>head</name>
        <pose>Unspecified</pose>
        <truncated>0</truncated>
        <difficult>0</difficult>
        <bndbox>
            <xmin>590.954296875</xmin>
            <ymin>208.9771484375</ymin>
            <xmax>690.8386718750014</xmax>
            <ymax>321.1562499999985</ymax>
        </bndbox>
    </object>    <object>
        <name>body</name>
        <pose>Unspecified</pose>
        <truncated>0</truncated>
        <difficult>0</difficult>
        <bndbox>
            <xmin>687.1658100328947</xmin>
            <ymin>374.23081825657925</ymin>
            <xmax>1261.5554070723683</xmax>
            <ymax>718.7263157894738</ymax>
        </bndbox>
    </object>    <object>
        <name>body</name>
        <pose>Unspecified</pose>
        <truncated>0</truncated>
        <difficult>0</difficult>
        <bndbox>
            <xmin>11.904203869047619</xmin>
            <ymin>358.5112072172619</ymin>
            <xmax>519.8540606398785</xmax>
            <ymax>720.0</ymax>
        </bndbox>
    </object>    <object>
        <name>head</name>
        <pose>Unspecified</pose>
        <truncated>0</truncated>
        <difficult>0</difficult>
        <bndbox>
            <xmin>807.3731496710526</xmin>
            <ymin>84.36055715460526</ymin>
            <xmax>1107.4980114499006</xmax>
            <ymax>378.3280477645809</ymax>
        </bndbox>
    </object>    <object>
        <name>head</name>
        <pose>Unspecified</pose>
        <truncated>0</truncated>
        <difficult>0</difficult>
        <bndbox>
            <xmin>147.51904296875</xmin>
            <ymin>77.107421875</ymin>
            <xmax>410.4612304687498</xmax>
            <ymax>381.8947224934891</ymax>
        </bndbox>
    </object>    <object>
        <name>body</name>
        <pose>Unspecified</pose>
        <truncated>0</truncated>
        <difficult>0</difficult>
        <bndbox>
            <xmin>524.02880859375</xmin>
            <ymin>322.6058349609375</ymin>
            <xmax>733.1173577966842</xmax>
            <ymax>489.7285025583178</ymax>
        </bndbox>
    </object>
</annotation>
