<annotation>
    <folder></folder>
    <filename>frame_000376</filename>
    <path></path>
    <source>
        <database>Unknown</database>
    </source>
    <size>
        <width>1280</width>
        <height>720</height>
        <depth>3</depth>
    </size>
    <segmented>0</segmented>
    <object>
        <name>head</name>
        <pose>Unspecified</pose>
        <truncated>0</truncated>
        <difficult>0</difficult>
        <bndbox>
            <xmin>572.630859375</xmin>
            <ymin>200.935546875</ymin>
            <xmax>672.5152343750015</xmax>
            <ymax>313.11464843749854</ymax>
        </bndbox>
    </object>    <object>
        <name>body</name>
        <pose>Unspecified</pose>
        <truncated>0</truncated>
        <difficult>0</difficult>
        <bndbox>
            <xmin>711.921875</xmin>
            <ymin>340.576171875</ymin>
            <xmax>1280.0</xmax>
            <ymax>714.3726562500015</ymax>
        </bndbox>
    </object>    <object>
        <name>body</name>
        <pose>Unspecified</pose>
        <truncated>0</truncated>
        <difficult>0</difficult>
        <bndbox>
            <xmin>27.818359375</xmin>
            <ymin>317.3984375</ymin>
            <xmax>539.4000000000015</xmax>
            <ymax>719.4000000000015</ymax>
        </bndbox>
    </object>    <object>
        <name>head</name>
        <pose>Unspecified</pose>
        <truncated>0</truncated>
        <difficult>0</difficult>
        <bndbox>
            <xmin>901.9765625</xmin>
            <ymin>43.940755208333336</ymin>
            <xmax>1216.8679687500007</xmax>
            <ymax>344.142891438801</ymax>
        </bndbox>
    </object>    <object>
        <name>head</name>
        <pose>Unspecified</pose>
        <truncated>0</truncated>
        <difficult>0</difficult>
        <bndbox>
            <xmin>109.3251953125</xmin>
            <ymin>25.728515625</ymin>
            <xmax>379.775507812501</xmax>
            <ymax>314.70845520019793</ymax>
        </bndbox>
    </object>    <object>
        <name>body</name>
        <pose>Unspecified</pose>
        <truncated>0</truncated>
        <difficult>0</difficult>
        <bndbox>
            <xmin>508.01171875</xmin>
            <ymin>307.306640625</ymin>
            <xmax>721.5326492309578</xmax>
            <ymax>491.4814575195305</ymax>
        </bndbox>
    </object>
</annotation>
