<annotation>
    <folder></folder>
    <filename>frame_000311</filename>
    <path></path>
    <source>
        <database>Unknown</database>
    </source>
    <size>
        <width>1280</width>
        <height>720</height>
        <depth>3</depth>
    </size>
    <segmented>0</segmented>
    <object>
        <name>head</name>
        <pose>Unspecified</pose>
        <truncated>0</truncated>
        <difficult>0</difficult>
        <bndbox>
            <xmin>586.609619140625</xmin>
            <ymin>209.8211669921875</ymin>
            <xmax>686.4939941406265</xmax>
            <ymax>322.00026855468604</ymax>
        </bndbox>
    </object>    <object>
        <name>body</name>
        <pose>Unspecified</pose>
        <truncated>0</truncated>
        <difficult>0</difficult>
        <bndbox>
            <xmin>688.5061383928571</xmin>
            <ymin>355.2525111607143</ymin>
            <xmax>1262.506138392857</xmax>
            <ymax>717.5882812500006</ymax>
        </bndbox>
    </object>    <object>
        <name>body</name>
        <pose>Unspecified</pose>
        <truncated>0</truncated>
        <difficult>0</difficult>
        <bndbox>
            <xmin>34.50822368421053</xmin>
            <ymin>285.6581003289474</ymin>
            <xmax>536.6030153508781</xmax>
            <ymax>718.6000000000016</ymax>
        </bndbox>
    </object>    <object>
        <name>head</name>
        <pose>Unspecified</pose>
        <truncated>0</truncated>
        <difficult>0</difficult>
        <bndbox>
            <xmin>870.87890625</xmin>
            <ymin>65.718359375</ymin>
            <xmax>1185.7703125000007</xmax>
            <ymax>365.92049560546764</ymax>
        </bndbox>
    </object>    <object>
        <name>head</name>
        <pose>Unspecified</pose>
        <truncated>0</truncated>
        <difficult>0</difficult>
        <bndbox>
            <xmin>138.377685546875</xmin>
            <ymin>71.0880126953125</ymin>
            <xmax>407.04916992187646</xmax>
            <ymax>365.0208251953136</ymax>
        </bndbox>
    </object>    <object>
        <name>body</name>
        <pose>Unspecified</pose>
        <truncated>0</truncated>
        <difficult>0</difficult>
        <bndbox>
            <xmin>508.513671875</xmin>
            <ymin>319.1765625</ymin>
            <xmax>736.3136718749993</xmax>
            <ymax>517.6449340820284</ymax>
        </bndbox>
    </object>
</annotation>
