<annotation>
    <folder></folder>
    <filename>frame_000014</filename>
    <path></path>
    <source>
        <database>Unknown</database>
    </source>
    <size>
        <width>1280</width>
        <height>720</height>
        <depth>3</depth>
    </size>
    <segmented>0</segmented>
    <object>
        <name>head</name>
        <pose>Unspecified</pose>
        <truncated>0</truncated>
        <difficult>0</difficult>
        <bndbox>
            <xmin>542.259765625</xmin>
            <ymin>145.470703125</ymin>
            <xmax>651.0863281250022</xmax>
            <ymax>285.6832092285149</ymax>
        </bndbox>
    </object>    <object>
        <name>body</name>
        <pose>Unspecified</pose>
        <truncated>0</truncated>
        <difficult>0</difficult>
        <bndbox>
            <xmin>729.3140625</xmin>
            <ymin>352.014453125</ymin>
            <xmax>1273.7205908203118</xmax>
            <ymax>717.98125</ymax>
        </bndbox>
    </object>    <object>
        <name>body</name>
        <pose>Unspecified</pose>
        <truncated>0</truncated>
        <difficult>0</difficult>
        <bndbox>
            <xmin>30.7939453125</xmin>
            <ymin>305.857421875</ymin>
            <xmax>584.7939575195305</xmax>
            <ymax>717.7573913574233</ymax>
        </bndbox>
    </object>    <object>
        <name>head</name>
        <pose>Unspecified</pose>
        <truncated>0</truncated>
        <difficult>0</difficult>
        <bndbox>
            <xmin>819.287109375</xmin>
            <ymin>13.5</ymin>
            <xmax>1152.1000000000022</xmax>
            <ymax>349.5767517089844</ymax>
        </bndbox>
    </object>    <object>
        <name>head</name>
        <pose>Unspecified</pose>
        <truncated>0</truncated>
        <difficult>0</difficult>
        <bndbox>
            <xmin>210.85546875</xmin>
            <ymin>23.1767578125</ymin>
            <xmax>480.5</xmax>
            <ymax>313.6767578125</ymax>
        </bndbox>
    </object>    <object>
        <name>body</name>
        <pose>Unspecified</pose>
        <truncated>0</truncated>
        <difficult>0</difficult>
        <bndbox>
            <xmin>520.837890625</xmin>
            <ymin>286.7685546875</ymin>
            <xmax>695.9144287109375</xmax>
            <ymax>550.3367004394531</ymax>
        </bndbox>
    </object>
</annotation>
