<annotation>
    <folder></folder>
    <filename>frame_000477</filename>
    <path></path>
    <source>
        <database>Unknown</database>
    </source>
    <size>
        <width>1280</width>
        <height>720</height>
        <depth>3</depth>
    </size>
    <segmented>0</segmented>
    <object>
        <name>head</name>
        <pose>Unspecified</pose>
        <truncated>0</truncated>
        <difficult>0</difficult>
        <bndbox>
            <xmin>591.7953125</xmin>
            <ymin>209.8185546875</ymin>
            <xmax>691.6796875000015</xmax>
            <ymax>321.99765624999856</ymax>
        </bndbox>
    </object>    <object>
        <name>body</name>
        <pose>Unspecified</pose>
        <truncated>0</truncated>
        <difficult>0</difficult>
        <bndbox>
            <xmin>687.7049753289474</xmin>
            <ymin>375.1654091282898</ymin>
            <xmax>1261.8997738486842</xmax>
            <ymax>719.3631578947369</ymax>
        </bndbox>
    </object>    <object>
        <name>body</name>
        <pose>Unspecified</pose>
        <truncated>0</truncated>
        <difficult>0</difficult>
        <bndbox>
            <xmin>11.504324776785715</xmin>
            <ymin>358.98423549107144</ymin>
            <xmax>520.3763039434499</xmax>
            <ymax>720.0</ymax>
        </bndbox>
    </object>    <object>
        <name>head</name>
        <pose>Unspecified</pose>
        <truncated>0</truncated>
        <difficult>0</difficult>
        <bndbox>
            <xmin>807.8682154605264</xmin>
            <ymin>85.74717310855263</ymin>
            <xmax>1107.5167370951438</xmax>
            <ymax>379.5135461178673</ymax>
        </bndbox>
    </object>    <object>
        <name>head</name>
        <pose>Unspecified</pose>
        <truncated>0</truncated>
        <difficult>0</difficult>
        <bndbox>
            <xmin>178.2060546875</xmin>
            <ymin>59.7265625</ymin>
            <xmax>459.99257812499854</xmax>
            <ymax>403.3441385904953</ymax>
        </bndbox>
    </object>    <object>
        <name>body</name>
        <pose>Unspecified</pose>
        <truncated>0</truncated>
        <difficult>0</difficult>
        <bndbox>
            <xmin>524.3590087890625</xmin>
            <ymin>322.9680480957031</ymin>
            <xmax>733.1442678102325</xmax>
            <ymax>489.82755857655616</ymax>
        </bndbox>
    </object>
</annotation>
