<annotation>
    <folder></folder>
    <filename>frame_000368</filename>
    <path></path>
    <source>
        <database>Unknown</database>
    </source>
    <size>
        <width>1280</width>
        <height>720</height>
        <depth>3</depth>
    </size>
    <segmented>0</segmented>
    <object>
        <name>head</name>
        <pose>Unspecified</pose>
        <truncated>0</truncated>
        <difficult>0</difficult>
        <bndbox>
            <xmin>574.128515625</xmin>
            <ymin>206.58046875</ymin>
            <xmax>674.0128906250014</xmax>
            <ymax>318.75957031249857</ymax>
        </bndbox>
    </object>    <object>
        <name>body</name>
        <pose>Unspecified</pose>
        <truncated>0</truncated>
        <difficult>0</difficult>
        <bndbox>
            <xmin>705.4620535714286</xmin>
            <ymin>340.576171875</ymin>
            <xmax>1274.5070153061224</xmax>
            <ymax>714.3726562500015</ymax>
        </bndbox>
    </object>    <object>
        <name>body</name>
        <pose>Unspecified</pose>
        <truncated>0</truncated>
        <difficult>0</difficult>
        <bndbox>
            <xmin>6.67578125</xmin>
            <ymin>370.2000000000007</ymin>
            <xmax>493.1000000000022</xmax>
            <ymax>709.5457153320312</ymax>
        </bndbox>
    </object>    <object>
        <name>head</name>
        <pose>Unspecified</pose>
        <truncated>0</truncated>
        <difficult>0</difficult>
        <bndbox>
            <xmin>853.671875</xmin>
            <ymin>58.556640625</ymin>
            <xmax>1168.5632812500007</xmax>
            <ymax>358.75877685546766</ymax>
        </bndbox>
    </object>    <object>
        <name>head</name>
        <pose>Unspecified</pose>
        <truncated>0</truncated>
        <difficult>0</difficult>
        <bndbox>
            <xmin>112.8896484375</xmin>
            <ymin>112.1767578125</ymin>
            <xmax>380.70371093749964</xmax>
            <ymax>395.2649566650398</ymax>
        </bndbox>
    </object>    <object>
        <name>body</name>
        <pose>Unspecified</pose>
        <truncated>0</truncated>
        <difficult>0</difficult>
        <bndbox>
            <xmin>524.173046875</xmin>
            <ymin>317.030859375</ymin>
            <xmax>724.0839464689568</xmax>
            <ymax>491.2456636127696</ymax>
        </bndbox>
    </object>
</annotation>
