<annotation>
    <folder></folder>
    <filename>frame_000519</filename>
    <path></path>
    <source>
        <database>Unknown</database>
    </source>
    <size>
        <width>1280</width>
        <height>720</height>
        <depth>3</depth>
    </size>
    <segmented>0</segmented>
    <object>
        <name>head</name>
        <pose>Unspecified</pose>
        <truncated>0</truncated>
        <difficult>0</difficult>
        <bndbox>
            <xmin>595.72265625</xmin>
            <ymin>205.333984375</ymin>
            <xmax>704.9128906250007</xmax>
            <ymax>317.51308593749854</ymax>
        </bndbox>
    </object>    <object>
        <name>body</name>
        <pose>Unspecified</pose>
        <truncated>0</truncated>
        <difficult>0</difficult>
        <bndbox>
            <xmin>710.1378906250019</xmin>
            <ymin>357.5313616071435</ymin>
            <xmax>1279.06640625</xmax>
            <ymax>691.0767525809154</ymax>
        </bndbox>
    </object>    <object>
        <name>body</name>
        <pose>Unspecified</pose>
        <truncated>0</truncated>
        <difficult>0</difficult>
        <bndbox>
            <xmin>13.100000000000364</xmin>
            <ymin>335.744140625</ymin>
            <xmax>536.3757934570312</xmax>
            <ymax>720.0</ymax>
        </bndbox>
    </object>    <object>
        <name>head</name>
        <pose>Unspecified</pose>
        <truncated>0</truncated>
        <difficult>0</difficult>
        <bndbox>
            <xmin>811.06640625</xmin>
            <ymin>62.427734375</ymin>
            <xmax>1125.9578125000007</xmax>
            <ymax>362.62987060546766</ymax>
        </bndbox>
    </object>    <object>
        <name>head</name>
        <pose>Unspecified</pose>
        <truncated>0</truncated>
        <difficult>0</difficult>
        <bndbox>
            <xmin>157.021484375</xmin>
            <ymin>72.0576171875</ymin>
            <xmax>401.1193359375011</xmax>
            <ymax>338.0146423339829</ymax>
        </bndbox>
    </object>    <object>
        <name>body</name>
        <pose>Unspecified</pose>
        <truncated>0</truncated>
        <difficult>0</difficult>
        <bndbox>
            <xmin>513.1171875</xmin>
            <ymin>334.0419921875</ymin>
            <xmax>734.640634155272</xmax>
            <ymax>511.9541015625</ymax>
        </bndbox>
    </object>
</annotation>
