<annotation>
    <folder></folder>
    <filename>frame_000165</filename>
    <path></path>
    <source>
        <database>Unknown</database>
    </source>
    <size>
        <width>1280</width>
        <height>720</height>
        <depth>3</depth>
    </size>
    <segmented>0</segmented>
    <object>
        <name>head</name>
        <pose>Unspecified</pose>
        <truncated>0</truncated>
        <difficult>0</difficult>
        <bndbox>
            <xmin>576.1069878472222</xmin>
            <ymin>188.03624131944446</ymin>
            <xmax>704.0398003472214</xmax>
            <ymax>322.4338279893652</ymax>
        </bndbox>
    </object>    <object>
        <name>body</name>
        <pose>Unspecified</pose>
        <truncated>0</truncated>
        <difficult>0</difficult>
        <bndbox>
            <xmin>668.5844626913265</xmin>
            <ymin>368.445206207483</ymin>
            <xmax>1242.5844626913265</xmax>
            <ymax>720.0</ymax>
        </bndbox>
    </object>    <object>
        <name>body</name>
        <pose>Unspecified</pose>
        <truncated>0</truncated>
        <difficult>0</difficult>
        <bndbox>
            <xmin>12.435221354166666</xmin>
            <ymin>350.9059244791667</ymin>
            <xmax>499.55503472222495</xmax>
            <ymax>717.1756117078985</ymax>
        </bndbox>
    </object>    <object>
        <name>head</name>
        <pose>Unspecified</pose>
        <truncated>0</truncated>
        <difficult>0</difficult>
        <bndbox>
            <xmin>833.8400310359589</xmin>
            <ymin>50.167453713613014</ymin>
            <xmax>1148.7314372859596</xmax>
            <ymax>350.36958994408064</ymax>
        </bndbox>
    </object>    <object>
        <name>head</name>
        <pose>Unspecified</pose>
        <truncated>0</truncated>
        <difficult>0</difficult>
        <bndbox>
            <xmin>161.509375</xmin>
            <ymin>73.1515625</ymin>
            <xmax>423.4185546875</xmax>
            <ymax>367.01054687499965</ymax>
        </bndbox>
    </object>    <object>
        <name>body</name>
        <pose>Unspecified</pose>
        <truncated>0</truncated>
        <difficult>0</difficult>
        <bndbox>
            <xmin>510.09126420454544</xmin>
            <ymin>336.2061434659091</ymin>
            <xmax>737.8912642045448</xmax>
            <ymax>510.61676691228655</ymax>
        </bndbox>
    </object>
</annotation>
