<annotation>
    <folder></folder>
    <filename>frame_000425</filename>
    <path></path>
    <source>
        <database>Unknown</database>
    </source>
    <size>
        <width>1280</width>
        <height>720</height>
        <depth>3</depth>
    </size>
    <segmented>0</segmented>
    <object>
        <name>head</name>
        <pose>Unspecified</pose>
        <truncated>0</truncated>
        <difficult>0</difficult>
        <bndbox>
            <xmin>592.168359375</xmin>
            <ymin>207.48115234375</ymin>
            <xmax>692.0527343750015</xmax>
            <ymax>319.66025390624856</ymax>
        </bndbox>
    </object>    <object>
        <name>body</name>
        <pose>Unspecified</pose>
        <truncated>0</truncated>
        <difficult>0</difficult>
        <bndbox>
            <xmin>688.244140625</xmin>
            <ymin>344.7605794270833</ymin>
            <xmax>1262.244140625</xmax>
            <ymax>717.5212890625006</ymax>
        </bndbox>
    </object>    <object>
        <name>body</name>
        <pose>Unspecified</pose>
        <truncated>0</truncated>
        <difficult>0</difficult>
        <bndbox>
            <xmin>24.719549005681817</xmin>
            <ymin>362.4765625000005</ymin>
            <xmax>518.1346531723532</xmax>
            <ymax>706.0714706420894</ymax>
        </bndbox>
    </object>    <object>
        <name>head</name>
        <pose>Unspecified</pose>
        <truncated>0</truncated>
        <difficult>0</difficult>
        <bndbox>
            <xmin>821.7074353448276</xmin>
            <ymin>59.66342268318966</ymin>
            <xmax>1136.5988415948284</xmax>
            <ymax>359.8655589136573</ymax>
        </bndbox>
    </object>    <object>
        <name>head</name>
        <pose>Unspecified</pose>
        <truncated>0</truncated>
        <difficult>0</difficult>
        <bndbox>
            <xmin>162.14899553571428</xmin>
            <ymin>61.527762276785715</ymin>
            <xmax>439.84899553571296</xmax>
            <ymax>366.7099888392872</ymax>
        </bndbox>
    </object>    <object>
        <name>body</name>
        <pose>Unspecified</pose>
        <truncated>0</truncated>
        <difficult>0</difficult>
        <bndbox>
            <xmin>522.319921875</xmin>
            <ymin>312.9193359375</ymin>
            <xmax>722.3097656250014</xmax>
            <ymax>486.2630509225921</ymax>
        </bndbox>
    </object>
</annotation>
