<annotation>
    <folder></folder>
    <filename>frame_000363</filename>
    <path></path>
    <source>
        <database>Unknown</database>
    </source>
    <size>
        <width>1280</width>
        <height>720</height>
        <depth>3</depth>
    </size>
    <segmented>0</segmented>
    <object>
        <name>head</name>
        <pose>Unspecified</pose>
        <truncated>0</truncated>
        <difficult>0</difficult>
        <bndbox>
            <xmin>541.744140625</xmin>
            <ymin>204.0771484375</ymin>
            <xmax>641.6285156250015</xmax>
            <ymax>316.25624999999854</ymax>
        </bndbox>
    </object>    <object>
        <name>body</name>
        <pose>Unspecified</pose>
        <truncated>0</truncated>
        <difficult>0</difficult>
        <bndbox>
            <xmin>701.4246651785714</xmin>
            <ymin>340.576171875</ymin>
            <xmax>1271.073899872449</xmax>
            <ymax>714.3726562500015</ymax>
        </bndbox>
    </object>    <object>
        <name>body</name>
        <pose>Unspecified</pose>
        <truncated>0</truncated>
        <difficult>0</difficult>
        <bndbox>
            <xmin>1.843424479166666</xmin>
            <ymin>342.3373372395836</ymin>
            <xmax>462.4269694010424</xmax>
            <ymax>711.5317937215156</ymax>
        </bndbox>
    </object>    <object>
        <name>head</name>
        <pose>Unspecified</pose>
        <truncated>0</truncated>
        <difficult>0</difficult>
        <bndbox>
            <xmin>808.994140625</xmin>
            <ymin>57.9560546875</ymin>
            <xmax>1123.8855468750007</xmax>
            <ymax>358.15819091796766</ymax>
        </bndbox>
    </object>    <object>
        <name>head</name>
        <pose>Unspecified</pose>
        <truncated>0</truncated>
        <difficult>0</difficult>
        <bndbox>
            <xmin>115.516015625</xmin>
            <ymin>71.074609375</ymin>
            <xmax>381.682421875</xmax>
            <ymax>350.48047027587853</ymax>
        </bndbox>
    </object>    <object>
        <name>body</name>
        <pose>Unspecified</pose>
        <truncated>0</truncated>
        <difficult>0</difficult>
        <bndbox>
            <xmin>507.1953125</xmin>
            <ymin>312.1923828125</ymin>
            <xmax>707.0667400159327</xmax>
            <ymax>493.9006121183702</ymax>
        </bndbox>
    </object>
</annotation>
