<annotation>
    <folder></folder>
    <filename>frame_000374</filename>
    <path></path>
    <source>
        <database>Unknown</database>
    </source>
    <size>
        <width>1280</width>
        <height>720</height>
        <depth>3</depth>
    </size>
    <segmented>0</segmented>
    <object>
        <name>head</name>
        <pose>Unspecified</pose>
        <truncated>0</truncated>
        <difficult>0</difficult>
        <bndbox>
            <xmin>643.314453125</xmin>
            <ymin>225.5126953125</ymin>
            <xmax>743.1988281250015</xmax>
            <ymax>337.69179687499854</ymax>
        </bndbox>
    </object>    <object>
        <name>body</name>
        <pose>Unspecified</pose>
        <truncated>0</truncated>
        <difficult>0</difficult>
        <bndbox>
            <xmin>710.3069196428571</xmin>
            <ymin>340.576171875</ymin>
            <xmax>1278.6267538265306</xmax>
            <ymax>714.3726562500015</ymax>
        </bndbox>
    </object>    <object>
        <name>body</name>
        <pose>Unspecified</pose>
        <truncated>0</truncated>
        <difficult>0</difficult>
        <bndbox>
            <xmin>30.309151785714285</xmin>
            <ymin>341.11422991071436</ymin>
            <xmax>512.4972767857143</xmax>
            <ymax>708.4989222935255</ymax>
        </bndbox>
    </object>    <object>
        <name>head</name>
        <pose>Unspecified</pose>
        <truncated>0</truncated>
        <difficult>0</difficult>
        <bndbox>
            <xmin>889.900390625</xmin>
            <ymin>47.5947265625</ymin>
            <xmax>1204.7917968750007</xmax>
            <ymax>347.79686279296766</ymax>
        </bndbox>
    </object>    <object>
        <name>head</name>
        <pose>Unspecified</pose>
        <truncated>0</truncated>
        <difficult>0</difficult>
        <bndbox>
            <xmin>87.4794921875</xmin>
            <ymin>46.752278645833336</ymin>
            <xmax>357.2707421874996</xmax>
            <ymax>334.2592830403658</ymax>
        </bndbox>
    </object>    <object>
        <name>body</name>
        <pose>Unspecified</pose>
        <truncated>0</truncated>
        <difficult>0</difficult>
        <bndbox>
            <xmin>522.5</xmin>
            <ymin>334.7783203125</ymin>
            <xmax>749.5520172119141</xmax>
            <ymax>543.9000000000015</ymax>
        </bndbox>
    </object>
</annotation>
