<annotation>
    <folder></folder>
    <filename>frame_000152</filename>
    <path></path>
    <source>
        <database>Unknown</database>
    </source>
    <size>
        <width>1280</width>
        <height>720</height>
        <depth>3</depth>
    </size>
    <segmented>0</segmented>
    <object>
        <name>head</name>
        <pose>Unspecified</pose>
        <truncated>0</truncated>
        <difficult>0</difficult>
        <bndbox>
            <xmin>601.033203125</xmin>
            <ymin>184.130859375</ymin>
            <xmax>727.0927734375014</xmax>
            <ymax>317.6695373535149</ymax>
        </bndbox>
    </object>    <object>
        <name>body</name>
        <pose>Unspecified</pose>
        <truncated>0</truncated>
        <difficult>0</difficult>
        <bndbox>
            <xmin>671.6593191964286</xmin>
            <ymin>368.34588913690476</ymin>
            <xmax>1245.6593191964287</xmax>
            <ymax>720.0</ymax>
        </bndbox>
    </object>    <object>
        <name>body</name>
        <pose>Unspecified</pose>
        <truncated>0</truncated>
        <difficult>0</difficult>
        <bndbox>
            <xmin>14.548285590277779</xmin>
            <ymin>367.1594509548611</ymin>
            <xmax>510.74317853009603</xmax>
            <ymax>718.3995133011425</ymax>
        </bndbox>
    </object>    <object>
        <name>head</name>
        <pose>Unspecified</pose>
        <truncated>0</truncated>
        <difficult>0</difficult>
        <bndbox>
            <xmin>833.1200502996576</xmin>
            <ymin>50.92230308219178</ymin>
            <xmax>1148.0114565496583</xmax>
            <ymax>351.12443931265943</ymax>
        </bndbox>
    </object>    <object>
        <name>head</name>
        <pose>Unspecified</pose>
        <truncated>0</truncated>
        <difficult>0</difficult>
        <bndbox>
            <xmin>131.26047585227272</xmin>
            <ymin>73.46888316761364</ymin>
            <xmax>393.16965553977275</xmax>
            <ymax>367.3278675426137</ymax>
        </bndbox>
    </object>    <object>
        <name>body</name>
        <pose>Unspecified</pose>
        <truncated>0</truncated>
        <difficult>0</difficult>
        <bndbox>
            <xmin>514.6483347039474</xmin>
            <ymin>318.66714638157896</ymin>
            <xmax>742.4483347039467</xmax>
            <ymax>501.4569929742286</ymax>
        </bndbox>
    </object>
</annotation>
