<annotation>
    <folder></folder>
    <filename>frame_000110</filename>
    <path></path>
    <source>
        <database>Unknown</database>
    </source>
    <size>
        <width>1280</width>
        <height>720</height>
        <depth>3</depth>
    </size>
    <segmented>0</segmented>
    <object>
        <name>head</name>
        <pose>Unspecified</pose>
        <truncated>0</truncated>
        <difficult>0</difficult>
        <bndbox>
            <xmin>598.1006944444445</xmin>
            <ymin>193.9755859375</ymin>
            <xmax>708.425030381945</xmax>
            <ymax>327.5142639160149</ymax>
        </bndbox>
    </object>    <object>
        <name>body</name>
        <pose>Unspecified</pose>
        <truncated>0</truncated>
        <difficult>0</difficult>
        <bndbox>
            <xmin>681.5934709821429</xmin>
            <ymin>368.0250186011905</ymin>
            <xmax>1255.593470982143</xmax>
            <ymax>720.0</ymax>
        </bndbox>
    </object>    <object>
        <name>body</name>
        <pose>Unspecified</pose>
        <truncated>0</truncated>
        <difficult>0</difficult>
        <bndbox>
            <xmin>5.6083984375</xmin>
            <ymin>376.11181640625</ymin>
            <xmax>521.8339355468752</xmax>
            <ymax>712.1344192504866</ymax>
        </bndbox>
    </object>    <object>
        <name>head</name>
        <pose>Unspecified</pose>
        <truncated>0</truncated>
        <difficult>0</difficult>
        <bndbox>
            <xmin>830.7939586900685</xmin>
            <ymin>53.36104719606164</ymin>
            <xmax>1145.6853649400691</xmax>
            <ymax>353.5631834265293</ymax>
        </bndbox>
    </object>    <object>
        <name>head</name>
        <pose>Unspecified</pose>
        <truncated>0</truncated>
        <difficult>0</difficult>
        <bndbox>
            <xmin>86.33544921875</xmin>
            <ymin>82.3212890625</ymin>
            <xmax>348.24462890625</xmax>
            <ymax>376.18027343749964</ymax>
        </bndbox>
    </object>    <object>
        <name>body</name>
        <pose>Unspecified</pose>
        <truncated>0</truncated>
        <difficult>0</difficult>
        <bndbox>
            <xmin>509.4228515625</xmin>
            <ymin>312.121826171875</ymin>
            <xmax>737.2228515624993</xmax>
            <ymax>490.02192463425126</ymax>
        </bndbox>
    </object>
</annotation>
