<annotation>
    <folder></folder>
    <filename>frame_000054</filename>
    <path></path>
    <source>
        <database>Unknown</database>
    </source>
    <size>
        <width>1280</width>
        <height>720</height>
        <depth>3</depth>
    </size>
    <segmented>0</segmented>
    <object>
        <name>head</name>
        <pose>Unspecified</pose>
        <truncated>0</truncated>
        <difficult>0</difficult>
        <bndbox>
            <xmin>607.4270833333334</xmin>
            <ymin>194.81119791666666</ymin>
            <xmax>712.8809895833341</xmax>
            <ymax>328.3498758951816</ymax>
        </bndbox>
    </object>    <object>
        <name>body</name>
        <pose>Unspecified</pose>
        <truncated>0</truncated>
        <difficult>0</difficult>
        <bndbox>
            <xmin>694.8390066964286</xmin>
            <ymin>367.5971912202381</ymin>
            <xmax>1268.8390066964287</xmax>
            <ymax>720.0</ymax>
        </bndbox>
    </object>    <object>
        <name>body</name>
        <pose>Unspecified</pose>
        <truncated>0</truncated>
        <difficult>0</difficult>
        <bndbox>
            <xmin>3.845424107142857</xmin>
            <ymin>356.2509765625</ymin>
            <xmax>565.8467633928578</xmax>
            <ymax>712.946763392858</ymax>
        </bndbox>
    </object>    <object>
        <name>head</name>
        <pose>Unspecified</pose>
        <truncated>0</truncated>
        <difficult>0</difficult>
        <bndbox>
            <xmin>827.6925032106165</xmin>
            <ymin>56.612706014554796</ymin>
            <xmax>1142.5839094606172</xmax>
            <ymax>356.8148422450225</ymax>
        </bndbox>
    </object>    <object>
        <name>head</name>
        <pose>Unspecified</pose>
        <truncated>0</truncated>
        <difficult>0</difficult>
        <bndbox>
            <xmin>120.01025390625</xmin>
            <ymin>62.7587890625</ymin>
            <xmax>381.91943359375</xmax>
            <ymax>356.61777343749964</ymax>
        </bndbox>
    </object>    <object>
        <name>body</name>
        <pose>Unspecified</pose>
        <truncated>0</truncated>
        <difficult>0</difficult>
        <bndbox>
            <xmin>507.0182291666667</xmin>
            <ymin>326.76171875</ymin>
            <xmax>734.8182291666659</xmax>
            <ymax>490.46173095703125</ymax>
        </bndbox>
    </object>
</annotation>
