<annotation>
    <folder></folder>
    <filename>frame_000471</filename>
    <path></path>
    <source>
        <database>Unknown</database>
    </source>
    <size>
        <width>1280</width>
        <height>720</height>
        <depth>3</depth>
    </size>
    <segmented>0</segmented>
    <object>
        <name>head</name>
        <pose>Unspecified</pose>
        <truncated>0</truncated>
        <difficult>0</difficult>
        <bndbox>
            <xmin>580.019140625</xmin>
            <ymin>210.379296875</ymin>
            <xmax>679.9035156250014</xmax>
            <ymax>322.55839843749857</ymax>
        </bndbox>
    </object>    <object>
        <name>body</name>
        <pose>Unspecified</pose>
        <truncated>0</truncated>
        <difficult>0</difficult>
        <bndbox>
            <xmin>688.244140625</xmin>
            <ymin>366.083816964286</ymin>
            <xmax>1262.244140625</xmax>
            <ymax>720.0</ymax>
        </bndbox>
    </object>    <object>
        <name>body</name>
        <pose>Unspecified</pose>
        <truncated>0</truncated>
        <difficult>0</difficult>
        <bndbox>
            <xmin>9.105113636363637</xmin>
            <ymin>360.33247514204544</ymin>
            <xmax>523.5098271780284</xmax>
            <ymax>720.0</ymax>
        </bndbox>
    </object>    <object>
        <name>head</name>
        <pose>Unspecified</pose>
        <truncated>0</truncated>
        <difficult>0</difficult>
        <bndbox>
            <xmin>814.8625</xmin>
            <ymin>62.7857421875</ymin>
            <xmax>1111.652980769235</xmax>
            <ymax>355.34540959285005</ymax>
        </bndbox>
    </object>    <object>
        <name>head</name>
        <pose>Unspecified</pose>
        <truncated>0</truncated>
        <difficult>0</difficult>
        <bndbox>
            <xmin>127.30078125</xmin>
            <ymin>63.1083984375</ymin>
            <xmax>398.2803515625004</xmax>
            <ymax>360.4455847167977</ymax>
        </bndbox>
    </object>    <object>
        <name>body</name>
        <pose>Unspecified</pose>
        <truncated>0</truncated>
        <difficult>0</difficult>
        <bndbox>
            <xmin>522.8359375</xmin>
            <ymin>324.56375558035717</ymin>
            <xmax>729.801455430584</xmax>
            <ymax>489.84432336204605</ymax>
        </bndbox>
    </object>
</annotation>
