<annotation>
    <folder></folder>
    <filename>frame_000523</filename>
    <path></path>
    <source>
        <database>Unknown</database>
    </source>
    <size>
        <width>1280</width>
        <height>720</height>
        <depth>3</depth>
    </size>
    <segmented>0</segmented>
    <object>
        <name>head</name>
        <pose>Unspecified</pose>
        <truncated>0</truncated>
        <difficult>0</difficult>
        <bndbox>
            <xmin>575.03515625</xmin>
            <ymin>202.96647135416666</ymin>
            <xmax>684.2253906250007</xmax>
            <ymax>315.14557291666523</ymax>
        </bndbox>
    </object>    <object>
        <name>body</name>
        <pose>Unspecified</pose>
        <truncated>0</truncated>
        <difficult>0</difficult>
        <bndbox>
            <xmin>711.5999441964304</xmin>
            <ymin>358.46411830357204</ymin>
            <xmax>1279.0663504464283</xmax>
            <ymax>693.3515014648438</ymax>
        </bndbox>
    </object>    <object>
        <name>body</name>
        <pose>Unspecified</pose>
        <truncated>0</truncated>
        <difficult>0</difficult>
        <bndbox>
            <xmin>17.83281250000012</xmin>
            <ymin>329.3893229166667</ymin>
            <xmax>532.3262597656236</xmax>
            <ymax>712.5233072916672</ymax>
        </bndbox>
    </object>    <object>
        <name>head</name>
        <pose>Unspecified</pose>
        <truncated>0</truncated>
        <difficult>0</difficult>
        <bndbox>
            <xmin>820.17919921875</xmin>
            <ymin>57.52099609375</ymin>
            <xmax>1135.0706054687507</xmax>
            <ymax>357.72313232421766</ymax>
        </bndbox>
    </object>    <object>
        <name>head</name>
        <pose>Unspecified</pose>
        <truncated>0</truncated>
        <difficult>0</difficult>
        <bndbox>
            <xmin>181.9599609375</xmin>
            <ymin>65.998046875</ymin>
            <xmax>426.0578125000011</xmax>
            <ymax>331.9550720214829</ymax>
        </bndbox>
    </object>    <object>
        <name>body</name>
        <pose>Unspecified</pose>
        <truncated>0</truncated>
        <difficult>0</difficult>
        <bndbox>
            <xmin>514.36376953125</xmin>
            <ymin>314.765869140625</ymin>
            <xmax>735.887216186522</xmax>
            <ymax>502.1125488281259</ymax>
        </bndbox>
    </object>
</annotation>
