<annotation>
    <folder></folder>
    <filename>frame_000068</filename>
    <path></path>
    <source>
        <database>Unknown</database>
    </source>
    <size>
        <width>1280</width>
        <height>720</height>
        <depth>3</depth>
    </size>
    <segmented>0</segmented>
    <object>
        <name>head</name>
        <pose>Unspecified</pose>
        <truncated>0</truncated>
        <difficult>0</difficult>
        <bndbox>
            <xmin>571.287109375</xmin>
            <ymin>188.969482421875</ymin>
            <xmax>676.7410156250007</xmax>
            <ymax>322.5081604003899</ymax>
        </bndbox>
    </object>    <object>
        <name>body</name>
        <pose>Unspecified</pose>
        <truncated>0</truncated>
        <difficult>0</difficult>
        <bndbox>
            <xmin>691.5276227678571</xmin>
            <ymin>367.7041480654762</ymin>
            <xmax>1265.527622767857</xmax>
            <ymax>720.0</ymax>
        </bndbox>
    </object>    <object>
        <name>body</name>
        <pose>Unspecified</pose>
        <truncated>0</truncated>
        <difficult>0</difficult>
        <bndbox>
            <xmin>1.1536272321428571</xmin>
            <ymin>356.2181640625</ymin>
            <xmax>529.3440290178579</xmax>
            <ymax>717.8840290178574</ymax>
        </bndbox>
    </object>    <object>
        <name>head</name>
        <pose>Unspecified</pose>
        <truncated>0</truncated>
        <difficult>0</difficult>
        <bndbox>
            <xmin>828.4678670804794</xmin>
            <ymin>55.79979130993151</ymin>
            <xmax>1143.3592733304802</xmax>
            <ymax>356.00192754039915</ymax>
        </bndbox>
    </object>    <object>
        <name>head</name>
        <pose>Unspecified</pose>
        <truncated>0</truncated>
        <difficult>0</difficult>
        <bndbox>
            <xmin>136.7879971590909</xmin>
            <ymin>73.71262428977272</ymin>
            <xmax>398.69717684659093</xmax>
            <ymax>367.5716086647724</ymax>
        </bndbox>
    </object>    <object>
        <name>body</name>
        <pose>Unspecified</pose>
        <truncated>0</truncated>
        <difficult>0</difficult>
        <bndbox>
            <xmin>507.298828125</xmin>
            <ymin>325.177978515625</ymin>
            <xmax>735.0988281249993</xmax>
            <ymax>494.4944427490236</ymax>
        </bndbox>
    </object>
</annotation>
