<annotation>
    <folder></folder>
    <filename>frame_000422</filename>
    <path></path>
    <source>
        <database>Unknown</database>
    </source>
    <size>
        <width>1280</width>
        <height>720</height>
        <depth>3</depth>
    </size>
    <segmented>0</segmented>
    <object>
        <name>head</name>
        <pose>Unspecified</pose>
        <truncated>0</truncated>
        <difficult>0</difficult>
        <bndbox>
            <xmin>587.682421875</xmin>
            <ymin>213.36953125</ymin>
            <xmax>687.5667968750015</xmax>
            <ymax>325.54863281249857</ymax>
        </bndbox>
    </object>    <object>
        <name>body</name>
        <pose>Unspecified</pose>
        <truncated>0</truncated>
        <difficult>0</difficult>
        <bndbox>
            <xmin>688.244140625</xmin>
            <ymin>344.4934895833333</ymin>
            <xmax>1262.244140625</xmax>
            <ymax>717.3203125000007</ymax>
        </bndbox>
    </object>    <object>
        <name>body</name>
        <pose>Unspecified</pose>
        <truncated>0</truncated>
        <difficult>0</difficult>
        <bndbox>
            <xmin>24.443226207386363</xmin>
            <ymin>362.55742187500067</ymin>
            <xmax>518.3601532907246</xmax>
            <ymax>704.6351001739498</ymax>
        </bndbox>
    </object>    <object>
        <name>head</name>
        <pose>Unspecified</pose>
        <truncated>0</truncated>
        <difficult>0</difficult>
        <bndbox>
            <xmin>822.1382004310345</xmin>
            <ymin>60.31633890086207</ymin>
            <xmax>1137.0296066810351</xmax>
            <ymax>360.51847513132975</ymax>
        </bndbox>
    </object>    <object>
        <name>head</name>
        <pose>Unspecified</pose>
        <truncated>0</truncated>
        <difficult>0</difficult>
        <bndbox>
            <xmin>167.61516462053572</xmin>
            <ymin>60.400460379464285</ymin>
            <xmax>445.31516462053395</xmax>
            <ymax>365.58268694196573</ymax>
        </bndbox>
    </object>    <object>
        <name>body</name>
        <pose>Unspecified</pose>
        <truncated>0</truncated>
        <difficult>0</difficult>
        <bndbox>
            <xmin>520.136015625</xmin>
            <ymin>315.4501171875</ymin>
            <xmax>720.1258593750015</xmax>
            <ymax>490.63501837479214</ymax>
        </bndbox>
    </object>
</annotation>
