<annotation>
    <folder></folder>
    <filename>frame_000228</filename>
    <path></path>
    <source>
        <database>Unknown</database>
    </source>
    <size>
        <width>1280</width>
        <height>720</height>
        <depth>3</depth>
    </size>
    <segmented>0</segmented>
    <object>
        <name>head</name>
        <pose>Unspecified</pose>
        <truncated>0</truncated>
        <difficult>0</difficult>
        <bndbox>
            <xmin>584.43125</xmin>
            <ymin>197.10107421875</ymin>
            <xmax>712.3640624999992</xmax>
            <ymax>331.713388061522</ymax>
        </bndbox>
    </object>    <object>
        <name>body</name>
        <pose>Unspecified</pose>
        <truncated>0</truncated>
        <difficult>0</difficult>
        <bndbox>
            <xmin>701.513671875</xmin>
            <ymin>365.6697520380435</ymin>
            <xmax>1275.513671875</xmax>
            <ymax>717.4299668817936</ymax>
        </bndbox>
    </object>    <object>
        <name>body</name>
        <pose>Unspecified</pose>
        <truncated>0</truncated>
        <difficult>0</difficult>
        <bndbox>
            <xmin>5.6083984375</xmin>
            <ymin>344.08248046875013</ymin>
            <xmax>533.2000000000007</xmax>
            <ymax>708.7368914794915</ymax>
        </bndbox>
    </object>    <object>
        <name>head</name>
        <pose>Unspecified</pose>
        <truncated>0</truncated>
        <difficult>0</difficult>
        <bndbox>
            <xmin>837.3296951593137</xmin>
            <ymin>56.752297794117645</ymin>
            <xmax>1152.2211014093145</xmax>
            <ymax>356.9544340245853</ymax>
        </bndbox>
    </object>    <object>
        <name>head</name>
        <pose>Unspecified</pose>
        <truncated>0</truncated>
        <difficult>0</difficult>
        <bndbox>
            <xmin>198.84537760416666</xmin>
            <ymin>100.35536024305556</ymin>
            <xmax>439.07048543294394</xmax>
            <ymax>356.0492557101768</ymax>
        </bndbox>
    </object>    <object>
        <name>body</name>
        <pose>Unspecified</pose>
        <truncated>0</truncated>
        <difficult>0</difficult>
        <bndbox>
            <xmin>505.0376953125</xmin>
            <ymin>332.6349609375</ymin>
            <xmax>732.8376953124992</xmax>
            <ymax>531.1033325195283</ymax>
        </bndbox>
    </object>
</annotation>
