<annotation>
    <folder></folder>
    <filename>frame_000071</filename>
    <path></path>
    <source>
        <database>Unknown</database>
    </source>
    <size>
        <width>1280</width>
        <height>720</height>
        <depth>3</depth>
    </size>
    <segmented>0</segmented>
    <object>
        <name>head</name>
        <pose>Unspecified</pose>
        <truncated>0</truncated>
        <difficult>0</difficult>
        <bndbox>
            <xmin>624.73046875</xmin>
            <ymin>188.2685546875</ymin>
            <xmax>730.1843750000007</xmax>
            <ymax>321.8072326660149</ymax>
        </bndbox>
    </object>    <object>
        <name>body</name>
        <pose>Unspecified</pose>
        <truncated>0</truncated>
        <difficult>0</difficult>
        <bndbox>
            <xmin>690.818040497449</xmin>
            <ymin>367.7270673894558</ymin>
            <xmax>1264.818040497449</xmax>
            <ymax>720.0</ymax>
        </bndbox>
    </object>    <object>
        <name>body</name>
        <pose>Unspecified</pose>
        <truncated>0</truncated>
        <difficult>0</difficult>
        <bndbox>
            <xmin>0.576813616071429</xmin>
            <ymin>356.2111328125</ymin>
            <xmax>521.5220145089293</xmax>
            <ymax>718.9420145089287</ymax>
        </bndbox>
    </object>    <object>
        <name>head</name>
        <pose>Unspecified</pose>
        <truncated>0</truncated>
        <difficult>0</difficult>
        <bndbox>
            <xmin>828.6340164811644</xmin>
            <ymin>55.625595301797944</ymin>
            <xmax>1143.525422731165</xmax>
            <ymax>355.8277315322656</ymax>
        </bndbox>
    </object>    <object>
        <name>head</name>
        <pose>Unspecified</pose>
        <truncated>0</truncated>
        <difficult>0</difficult>
        <bndbox>
            <xmin>130.03879616477272</xmin>
            <ymin>70.39568536931819</ymin>
            <xmax>391.94797585227275</xmax>
            <ymax>364.2546697443178</ymax>
        </bndbox>
    </object>    <object>
        <name>body</name>
        <pose>Unspecified</pose>
        <truncated>0</truncated>
        <difficult>0</difficult>
        <bndbox>
            <xmin>517.11328125</xmin>
            <ymin>326.0341796875</ymin>
            <xmax>744.9132812499993</xmax>
            <ymax>512.2000000000007</ymax>
        </bndbox>
    </object>
</annotation>
