<annotation>
    <folder></folder>
    <filename>frame_000335</filename>
    <path></path>
    <source>
        <database>Unknown</database>
    </source>
    <size>
        <width>1280</width>
        <height>720</height>
        <depth>3</depth>
    </size>
    <segmented>0</segmented>
    <object>
        <name>head</name>
        <pose>Unspecified</pose>
        <truncated>0</truncated>
        <difficult>0</difficult>
        <bndbox>
            <xmin>599.291015625</xmin>
            <ymin>203.7822265625</ymin>
            <xmax>699.1753906250015</xmax>
            <ymax>315.96132812499854</ymax>
        </bndbox>
    </object>    <object>
        <name>body</name>
        <pose>Unspecified</pose>
        <truncated>0</truncated>
        <difficult>0</difficult>
        <bndbox>
            <xmin>678.8152901785714</xmin>
            <ymin>340.576171875</ymin>
            <xmax>1251.8484534438776</xmax>
            <ymax>714.3726562500015</ymax>
        </bndbox>
    </object>    <object>
        <name>body</name>
        <pose>Unspecified</pose>
        <truncated>0</truncated>
        <difficult>0</difficult>
        <bndbox>
            <xmin>2.1029052734375</xmin>
            <ymin>366.233642578125</ymin>
            <xmax>524.9743026733399</xmax>
            <ymax>718.712158203125</ymax>
        </bndbox>
    </object>    <object>
        <name>head</name>
        <pose>Unspecified</pose>
        <truncated>0</truncated>
        <difficult>0</difficult>
        <bndbox>
            <xmin>862.0422585227273</xmin>
            <ymin>54.951171875</ymin>
            <xmax>1176.933664772728</xmax>
            <ymax>355.15330810546766</ymax>
        </bndbox>
    </object>    <object>
        <name>head</name>
        <pose>Unspecified</pose>
        <truncated>0</truncated>
        <difficult>0</difficult>
        <bndbox>
            <xmin>233.403564453125</xmin>
            <ymin>105.219482421875</ymin>
            <xmax>511.1035644531257</xmax>
            <ymax>410.40170898437646</ymax>
        </bndbox>
    </object>    <object>
        <name>body</name>
        <pose>Unspecified</pose>
        <truncated>0</truncated>
        <difficult>0</difficult>
        <bndbox>
            <xmin>529.890625</xmin>
            <ymin>303.87890625</ymin>
            <xmax>701.8482991536439</xmax>
            <ymax>463.1068603515596</ymax>
        </bndbox>
    </object>
</annotation>
