<annotation>
    <folder></folder>
    <filename>frame_000135</filename>
    <path></path>
    <source>
        <database>Unknown</database>
    </source>
    <size>
        <width>1280</width>
        <height>720</height>
        <depth>3</depth>
    </size>
    <segmented>0</segmented>
    <object>
        <name>head</name>
        <pose>Unspecified</pose>
        <truncated>0</truncated>
        <difficult>0</difficult>
        <bndbox>
            <xmin>592.7213541666666</xmin>
            <ymin>189.76432291666666</ymin>
            <xmax>712.4119010416658</xmax>
            <ymax>323.3030008951816</ymax>
        </bndbox>
    </object>    <object>
        <name>body</name>
        <pose>Unspecified</pose>
        <truncated>0</truncated>
        <difficult>0</difficult>
        <bndbox>
            <xmin>675.6802853954082</xmin>
            <ymin>368.21601296768705</ymin>
            <xmax>1249.6802853954082</xmax>
            <ymax>720.0</ymax>
        </bndbox>
    </object>    <object>
        <name>body</name>
        <pose>Unspecified</pose>
        <truncated>0</truncated>
        <difficult>0</difficult>
        <bndbox>
            <xmin>17.3115234375</xmin>
            <ymin>388.4140625</ymin>
            <xmax>525.3738281250044</xmax>
            <ymax>720.0</ymax>
        </bndbox>
    </object>    <object>
        <name>head</name>
        <pose>Unspecified</pose>
        <truncated>0</truncated>
        <difficult>0</difficult>
        <bndbox>
            <xmin>832.1785370291096</xmin>
            <ymin>51.909413794948634</ymin>
            <xmax>1147.0699432791102</xmax>
            <ymax>352.1115500254163</ymax>
        </bndbox>
    </object>    <object>
        <name>head</name>
        <pose>Unspecified</pose>
        <truncated>0</truncated>
        <difficult>0</difficult>
        <bndbox>
            <xmin>135.1875</xmin>
            <ymin>95.9013671875</ymin>
            <xmax>397.0966796875</xmax>
            <ymax>389.76035156250146</ymax>
        </bndbox>
    </object>    <object>
        <name>body</name>
        <pose>Unspecified</pose>
        <truncated>0</truncated>
        <difficult>0</difficult>
        <bndbox>
            <xmin>511.8365542763158</xmin>
            <ymin>314.1523951480263</ymin>
            <xmax>739.6365542763151</xmax>
            <ymax>493.846619828195</ymax>
        </bndbox>
    </object>
</annotation>
