<annotation>
    <folder></folder>
    <filename>frame_000093</filename>
    <path></path>
    <source>
        <database>Unknown</database>
    </source>
    <size>
        <width>1280</width>
        <height>720</height>
        <depth>3</depth>
    </size>
    <segmented>0</segmented>
    <object>
        <name>head</name>
        <pose>Unspecified</pose>
        <truncated>0</truncated>
        <difficult>0</difficult>
        <bndbox>
            <xmin>584.908203125</xmin>
            <ymin>187.61767578125</ymin>
            <xmax>690.3621093750007</xmax>
            <ymax>321.1563537597649</ymax>
        </bndbox>
    </object>    <object>
        <name>body</name>
        <pose>Unspecified</pose>
        <truncated>0</truncated>
        <difficult>0</difficult>
        <bndbox>
            <xmin>685.6144371811224</xmin>
            <ymin>367.8951424319728</ymin>
            <xmax>1259.6144371811224</xmax>
            <ymax>720.0</ymax>
        </bndbox>
    </object>    <object>
        <name>body</name>
        <pose>Unspecified</pose>
        <truncated>0</truncated>
        <difficult>0</difficult>
        <bndbox>
            <xmin>3.2290778882575757</xmin>
            <ymin>331.0669981060606</ymin>
            <xmax>565.5963364109856</xmax>
            <ymax>715.4515151515164</ymax>
        </bndbox>
    </object>    <object>
        <name>head</name>
        <pose>Unspecified</pose>
        <truncated>0</truncated>
        <difficult>0</difficult>
        <bndbox>
            <xmin>829.8524454195206</xmin>
            <ymin>54.34815790881849</ymin>
            <xmax>1144.7438516695213</xmax>
            <ymax>354.55029413928617</ymax>
        </bndbox>
    </object>    <object>
        <name>head</name>
        <pose>Unspecified</pose>
        <truncated>0</truncated>
        <difficult>0</difficult>
        <bndbox>
            <xmin>173.10501802884616</xmin>
            <ymin>62.85359074519231</ymin>
            <xmax>435.01419771634613</xmax>
            <ymax>356.71257512019196</ymax>
        </bndbox>
    </object>    <object>
        <name>body</name>
        <pose>Unspecified</pose>
        <truncated>0</truncated>
        <difficult>0</difficult>
        <bndbox>
            <xmin>510.79129464285717</xmin>
            <ymin>318.7998046875</ymin>
            <xmax>738.5912946428564</xmax>
            <ymax>500.30291011018875</ymax>
        </bndbox>
    </object>
</annotation>
