<annotation>
    <folder></folder>
    <filename>frame_000502</filename>
    <path></path>
    <source>
        <database>Unknown</database>
    </source>
    <size>
        <width>1280</width>
        <height>720</height>
        <depth>3</depth>
    </size>
    <segmented>0</segmented>
    <object>
        <name>head</name>
        <pose>Unspecified</pose>
        <truncated>0</truncated>
        <difficult>0</difficult>
        <bndbox>
            <xmin>559.60546875</xmin>
            <ymin>202.39397321428572</ymin>
            <xmax>668.7957031250007</xmax>
            <ymax>314.57307477678427</ymax>
        </bndbox>
    </object>    <object>
        <name>body</name>
        <pose>Unspecified</pose>
        <truncated>0</truncated>
        <difficult>0</difficult>
        <bndbox>
            <xmin>691.6297200520834</xmin>
            <ymin>348.5292154947917</ymin>
            <xmax>1269.3308919270833</xmax>
            <ymax>698.0864420572931</ymax>
        </bndbox>
    </object>    <object>
        <name>body</name>
        <pose>Unspecified</pose>
        <truncated>0</truncated>
        <difficult>0</difficult>
        <bndbox>
            <xmin>22.046061197916668</xmin>
            <ymin>333.2158203125</ymin>
            <xmax>507.8649804687478</xmax>
            <ymax>711.0196289062487</ymax>
        </bndbox>
    </object>    <object>
        <name>head</name>
        <pose>Unspecified</pose>
        <truncated>0</truncated>
        <difficult>0</difficult>
        <bndbox>
            <xmin>849.873046875</xmin>
            <ymin>49.4580078125</ymin>
            <xmax>1161.430072115385</xmax>
            <ymax>348.25232083834</ymax>
        </bndbox>
    </object>    <object>
        <name>head</name>
        <pose>Unspecified</pose>
        <truncated>0</truncated>
        <difficult>0</difficult>
        <bndbox>
            <xmin>132.00530598958346</xmin>
            <ymin>58.837076822916664</ymin>
            <xmax>411.86110755072764</xmax>
            <ymax>341.81776055229943</ymax>
        </bndbox>
    </object>    <object>
        <name>body</name>
        <pose>Unspecified</pose>
        <truncated>0</truncated>
        <difficult>0</difficult>
        <bndbox>
            <xmin>516.10400390625</xmin>
            <ymin>313.9127197265625</ymin>
            <xmax>732.471517471527</xmax>
            <ymax>487.3511581205976</ymax>
        </bndbox>
    </object>
</annotation>
