<annotation>
    <folder></folder>
    <filename>frame_000076</filename>
    <path></path>
    <source>
        <database>Unknown</database>
    </source>
    <size>
        <width>1280</width>
        <height>720</height>
        <depth>3</depth>
    </size>
    <segmented>0</segmented>
    <object>
        <name>head</name>
        <pose>Unspecified</pose>
        <truncated>0</truncated>
        <difficult>0</difficult>
        <bndbox>
            <xmin>566.861328125</xmin>
            <ymin>191.22786458333334</ymin>
            <xmax>672.3152343750007</xmax>
            <ymax>324.7665425618482</ymax>
        </bndbox>
    </object>    <object>
        <name>body</name>
        <pose>Unspecified</pose>
        <truncated>0</truncated>
        <difficult>0</difficult>
        <bndbox>
            <xmin>689.635403380102</xmin>
            <ymin>367.7652662627551</ymin>
            <xmax>1263.635403380102</xmax>
            <ymax>720.0</ymax>
        </bndbox>
    </object>    <object>
        <name>body</name>
        <pose>Unspecified</pose>
        <truncated>0</truncated>
        <difficult>0</difficult>
        <bndbox>
            <xmin>0.3399029356060606</xmin>
            <ymin>353.5580906723485</ymin>
            <xmax>519.1627722537886</xmax>
            <ymax>719.5212121212122</ymax>
        </bndbox>
    </object>    <object>
        <name>head</name>
        <pose>Unspecified</pose>
        <truncated>0</truncated>
        <difficult>0</difficult>
        <bndbox>
            <xmin>828.9109321489726</xmin>
            <ymin>55.335268621575345</ymin>
            <xmax>1143.8023383989732</xmax>
            <ymax>355.537404852043</ymax>
        </bndbox>
    </object>    <object>
        <name>head</name>
        <pose>Unspecified</pose>
        <truncated>0</truncated>
        <difficult>0</difficult>
        <bndbox>
            <xmin>118.7901278409091</xmin>
            <ymin>64.86745383522728</ymin>
            <xmax>380.6993075284091</xmax>
            <ymax>358.7264382102269</ymax>
        </bndbox>
    </object>    <object>
        <name>body</name>
        <pose>Unspecified</pose>
        <truncated>0</truncated>
        <difficult>0</difficult>
        <bndbox>
            <xmin>512.2890625</xmin>
            <ymin>318.8173828125</ymin>
            <xmax>740.0890624999993</xmax>
            <ymax>503.9234951954986</ymax>
        </bndbox>
    </object>
</annotation>
