<annotation>
    <folder></folder>
    <filename>frame_000056</filename>
    <path></path>
    <source>
        <database>Unknown</database>
    </source>
    <size>
        <width>1280</width>
        <height>720</height>
        <depth>3</depth>
    </size>
    <segmented>0</segmented>
    <object>
        <name>head</name>
        <pose>Unspecified</pose>
        <truncated>0</truncated>
        <difficult>0</difficult>
        <bndbox>
            <xmin>610.59140625</xmin>
            <ymin>195.9328125</ymin>
            <xmax>716.0453125000007</xmax>
            <ymax>329.4714904785149</ymax>
        </bndbox>
    </object>    <object>
        <name>body</name>
        <pose>Unspecified</pose>
        <truncated>0</truncated>
        <difficult>0</difficult>
        <bndbox>
            <xmin>694.3659518494898</xmin>
            <ymin>367.61247076955783</ymin>
            <xmax>1268.3659518494899</xmax>
            <ymax>720.0</ymax>
        </bndbox>
    </object>    <object>
        <name>body</name>
        <pose>Unspecified</pose>
        <truncated>0</truncated>
        <difficult>0</difficult>
        <bndbox>
            <xmin>3.460881696428572</xmin>
            <ymin>356.2462890625</ymin>
            <xmax>560.6320870535721</xmax>
            <ymax>713.6520870535721</ymax>
        </bndbox>
    </object>    <object>
        <name>head</name>
        <pose>Unspecified</pose>
        <truncated>0</truncated>
        <difficult>0</difficult>
        <bndbox>
            <xmin>827.8032694777397</xmin>
            <ymin>56.49657534246575</ymin>
            <xmax>1142.6946757277406</xmax>
            <ymax>356.6987115729334</ymax>
        </bndbox>
    </object>    <object>
        <name>head</name>
        <pose>Unspecified</pose>
        <truncated>0</truncated>
        <difficult>0</difficult>
        <bndbox>
            <xmin>90.849609375</xmin>
            <ymin>81.4521484375</ymin>
            <xmax>352.7587890625</xmax>
            <ymax>375.31113281249964</ymax>
        </bndbox>
    </object>    <object>
        <name>body</name>
        <pose>Unspecified</pose>
        <truncated>0</truncated>
        <difficult>0</difficult>
        <bndbox>
            <xmin>506.55809294871796</xmin>
            <ymin>326.47415865384613</ymin>
            <xmax>734.3580929487172</xmax>
            <ymax>490.1741708608774</ymax>
        </bndbox>
    </object>
</annotation>
