<annotation>
    <folder></folder>
    <filename>frame_000154</filename>
    <path></path>
    <source>
        <database>Unknown</database>
    </source>
    <size>
        <width>1280</width>
        <height>720</height>
        <depth>3</depth>
    </size>
    <segmented>0</segmented>
    <object>
        <name>head</name>
        <pose>Unspecified</pose>
        <truncated>0</truncated>
        <difficult>0</difficult>
        <bndbox>
            <xmin>602.0110677083334</xmin>
            <ymin>183.46809895833334</ymin>
            <xmax>728.819934895835</xmax>
            <ymax>317.0067769368482</ymax>
        </bndbox>
    </object>    <object>
        <name>body</name>
        <pose>Unspecified</pose>
        <truncated>0</truncated>
        <difficult>0</difficult>
        <bndbox>
            <xmin>671.1862643494898</xmin>
            <ymin>368.3611686862245</ymin>
            <xmax>1245.1862643494899</xmax>
            <ymax>720.0</ymax>
        </bndbox>
    </object>    <object>
        <name>body</name>
        <pose>Unspecified</pose>
        <truncated>0</truncated>
        <difficult>0</difficult>
        <bndbox>
            <xmin>14.223198784722221</xmin>
            <ymin>364.6589084201389</ymin>
            <xmax>509.0219256365774</xmax>
            <ymax>718.2112207483357</ymax>
        </bndbox>
    </object>    <object>
        <name>head</name>
        <pose>Unspecified</pose>
        <truncated>0</truncated>
        <difficult>0</difficult>
        <bndbox>
            <xmin>833.2308165667808</xmin>
            <ymin>50.80617241010274</ymin>
            <xmax>1148.1222228167815</xmax>
            <ymax>351.0083086405704</ymax>
        </bndbox>
    </object>    <object>
        <name>head</name>
        <pose>Unspecified</pose>
        <truncated>0</truncated>
        <difficult>0</difficult>
        <bndbox>
            <xmin>130.79847301136363</xmin>
            <ymin>70.82976740056819</ymin>
            <xmax>392.7076526988636</xmax>
            <ymax>364.68875177556805</ymax>
        </bndbox>
    </object>    <object>
        <name>body</name>
        <pose>Unspecified</pose>
        <truncated>0</truncated>
        <difficult>0</difficult>
        <bndbox>
            <xmin>514.9791324013158</xmin>
            <ymin>319.1982935855263</ymin>
            <xmax>742.7791324013151</xmax>
            <ymax>502.3523309914091</ymax>
        </bndbox>
    </object>
</annotation>
