<annotation>
    <folder></folder>
    <filename>frame_000284</filename>
    <path></path>
    <source>
        <database>Unknown</database>
    </source>
    <size>
        <width>1280</width>
        <height>720</height>
        <depth>3</depth>
    </size>
    <segmented>0</segmented>
    <object>
        <name>head</name>
        <pose>Unspecified</pose>
        <truncated>0</truncated>
        <difficult>0</difficult>
        <bndbox>
            <xmin>597.4876802884615</xmin>
            <ymin>217.28057391826923</ymin>
            <xmax>697.372055288463</xmax>
            <ymax>329.45967548076777</ymax>
        </bndbox>
    </object>    <object>
        <name>body</name>
        <pose>Unspecified</pose>
        <truncated>0</truncated>
        <difficult>0</difficult>
        <bndbox>
            <xmin>701.513671875</xmin>
            <ymin>359.05087890625055</ymin>
            <xmax>1275.513671875</xmax>
            <ymax>705.7912231445316</ymax>
        </bndbox>
    </object>    <object>
        <name>body</name>
        <pose>Unspecified</pose>
        <truncated>0</truncated>
        <difficult>0</difficult>
        <bndbox>
            <xmin>2.5579427083333335</xmin>
            <ymin>323.4954427083333</ymin>
            <xmax>523.9209655761728</xmax>
            <ymax>713.5536163330089</ymax>
        </bndbox>
    </object>    <object>
        <name>head</name>
        <pose>Unspecified</pose>
        <truncated>0</truncated>
        <difficult>0</difficult>
        <bndbox>
            <xmin>837.59033203125</xmin>
            <ymin>58.724609375</ymin>
            <xmax>1152.4817382812507</xmax>
            <ymax>358.92674560546766</ymax>
        </bndbox>
    </object>    <object>
        <name>head</name>
        <pose>Unspecified</pose>
        <truncated>0</truncated>
        <difficult>0</difficult>
        <bndbox>
            <xmin>208.9150390625</xmin>
            <ymin>96.0146484375</ymin>
            <xmax>476.2440234375026</xmax>
            <ymax>384.5588281250002</ymax>
        </bndbox>
    </object>    <object>
        <name>body</name>
        <pose>Unspecified</pose>
        <truncated>0</truncated>
        <difficult>0</difficult>
        <bndbox>
            <xmin>528.312750400641</xmin>
            <ymin>317.2613932291667</ymin>
            <xmax>698.4714643429487</xmax>
            <ymax>487.3803422976761</ymax>
        </bndbox>
    </object>
</annotation>
