<annotation>
    <folder></folder>
    <filename>frame_000359</filename>
    <path></path>
    <source>
        <database>Unknown</database>
    </source>
    <size>
        <width>1280</width>
        <height>720</height>
        <depth>3</depth>
    </size>
    <segmented>0</segmented>
    <object>
        <name>head</name>
        <pose>Unspecified</pose>
        <truncated>0</truncated>
        <difficult>0</difficult>
        <bndbox>
            <xmin>607.923828125</xmin>
            <ymin>203.8671875</ymin>
            <xmax>707.8082031250015</xmax>
            <ymax>316.04628906249854</ymax>
        </bndbox>
    </object>    <object>
        <name>body</name>
        <pose>Unspecified</pose>
        <truncated>0</truncated>
        <difficult>0</difficult>
        <bndbox>
            <xmin>698.1947544642857</xmin>
            <ymin>340.576171875</ymin>
            <xmax>1268.3274075255101</xmax>
            <ymax>714.3726562500015</ymax>
        </bndbox>
    </object>    <object>
        <name>body</name>
        <pose>Unspecified</pose>
        <truncated>0</truncated>
        <difficult>0</difficult>
        <bndbox>
            <xmin>9.217122395833334</xmin>
            <ymin>351.9874674479179</ymin>
            <xmax>500.69617513020904</xmax>
            <ymax>716.6798206583657</ymax>
        </bndbox>
    </object>    <object>
        <name>head</name>
        <pose>Unspecified</pose>
        <truncated>0</truncated>
        <difficult>0</difficult>
        <bndbox>
            <xmin>816.951640625</xmin>
            <ymin>57.4752734375</ymin>
            <xmax>1131.8430468750007</xmax>
            <ymax>357.67740966796765</ymax>
        </bndbox>
    </object>    <object>
        <name>head</name>
        <pose>Unspecified</pose>
        <truncated>0</truncated>
        <difficult>0</difficult>
        <bndbox>
            <xmin>156.041015625</xmin>
            <ymin>99.927734375</ymin>
            <xmax>420.8892968750006</xmax>
            <ymax>376.38772491454984</ymax>
        </bndbox>
    </object>    <object>
        <name>body</name>
        <pose>Unspecified</pose>
        <truncated>0</truncated>
        <difficult>0</difficult>
        <bndbox>
            <xmin>528.1000000000022</xmin>
            <ymin>319.7000000000007</ymin>
            <xmax>727.9398498535156</xmax>
            <ymax>507.40296936035156</ymax>
        </bndbox>
    </object>
</annotation>
