<annotation>
    <folder></folder>
    <filename>frame_000401</filename>
    <path></path>
    <source>
        <database>Unknown</database>
    </source>
    <size>
        <width>1280</width>
        <height>720</height>
        <depth>3</depth>
    </size>
    <segmented>0</segmented>
    <object>
        <name>head</name>
        <pose>Unspecified</pose>
        <truncated>0</truncated>
        <difficult>0</difficult>
        <bndbox>
            <xmin>567.86796875</xmin>
            <ymin>227.1087890625</ymin>
            <xmax>667.7523437500015</xmax>
            <ymax>339.28789062499857</ymax>
        </bndbox>
    </object>    <object>
        <name>body</name>
        <pose>Unspecified</pose>
        <truncated>0</truncated>
        <difficult>0</difficult>
        <bndbox>
            <xmin>688.244140625</xmin>
            <ymin>342.6238606770833</ymin>
            <xmax>1262.244140625</xmax>
            <ymax>715.913476562501</ymax>
        </bndbox>
    </object>    <object>
        <name>body</name>
        <pose>Unspecified</pose>
        <truncated>0</truncated>
        <difficult>0</difficult>
        <bndbox>
            <xmin>23.52895220588235</xmin>
            <ymin>371.39411764705994</ymin>
            <xmax>520.9586397058849</xmax>
            <ymax>703.2474508846508</ymax>
        </bndbox>
    </object>    <object>
        <name>head</name>
        <pose>Unspecified</pose>
        <truncated>0</truncated>
        <difficult>0</difficult>
        <bndbox>
            <xmin>849.6435546875</xmin>
            <ymin>56.6806640625</ymin>
            <xmax>1164.5349609375007</xmax>
            <ymax>356.88280029296766</ymax>
        </bndbox>
    </object>    <object>
        <name>head</name>
        <pose>Unspecified</pose>
        <truncated>0</truncated>
        <difficult>0</difficult>
        <bndbox>
            <xmin>174.42805989583334</xmin>
            <ymin>63.667643229166664</ymin>
            <xmax>452.12805989583404</xmax>
            <ymax>368.84986979166814</ymax>
        </bndbox>
    </object>    <object>
        <name>body</name>
        <pose>Unspecified</pose>
        <truncated>0</truncated>
        <difficult>0</difficult>
        <bndbox>
            <xmin>514.3659446022727</xmin>
            <ymin>339.7175958806818</ymin>
            <xmax>714.3557883522742</xmax>
            <ymax>498.9455499822414</ymax>
        </bndbox>
    </object>
</annotation>
