<annotation>
    <folder></folder>
    <filename>frame_000272</filename>
    <path></path>
    <source>
        <database>Unknown</database>
    </source>
    <size>
        <width>1280</width>
        <height>720</height>
        <depth>3</depth>
    </size>
    <segmented>0</segmented>
    <object>
        <name>head</name>
        <pose>Unspecified</pose>
        <truncated>0</truncated>
        <difficult>0</difficult>
        <bndbox>
            <xmin>588.8933293269231</xmin>
            <ymin>215.29259314903845</ymin>
            <xmax>688.7777043269245</xmax>
            <ymax>327.471694711537</ymax>
        </bndbox>
    </object>    <object>
        <name>body</name>
        <pose>Unspecified</pose>
        <truncated>0</truncated>
        <difficult>0</difficult>
        <bndbox>
            <xmin>701.513671875</xmin>
            <ymin>362.21341145833384</ymin>
            <xmax>1275.513671875</xmax>
            <ymax>707.3535416666673</ymax>
        </bndbox>
    </object>    <object>
        <name>body</name>
        <pose>Unspecified</pose>
        <truncated>0</truncated>
        <difficult>0</difficult>
        <bndbox>
            <xmin>6.332275390625</xmin>
            <ymin>348.28961181640625</ymin>
            <xmax>528.3164550781257</xmax>
            <ymax>718.2500000000005</ymax>
        </bndbox>
    </object>    <object>
        <name>head</name>
        <pose>Unspecified</pose>
        <truncated>0</truncated>
        <difficult>0</difficult>
        <bndbox>
            <xmin>835.32890625</xmin>
            <ymin>61.902669270833336</ymin>
            <xmax>1150.2203125000008</xmax>
            <ymax>362.104805501301</ymax>
        </bndbox>
    </object>    <object>
        <name>head</name>
        <pose>Unspecified</pose>
        <truncated>0</truncated>
        <difficult>0</difficult>
        <bndbox>
            <xmin>210.85774739583334</xmin>
            <ymin>88.79123263888889</ymin>
            <xmax>464.1415798611124</xmax>
            <ymax>380.31260850694446</ymax>
        </bndbox>
    </object>    <object>
        <name>body</name>
        <pose>Unspecified</pose>
        <truncated>0</truncated>
        <difficult>0</difficult>
        <bndbox>
            <xmin>522.2556590544872</xmin>
            <ymin>320.1012369791667</ymin>
            <xmax>711.1088441506407</xmax>
            <ymax>499.4145933493579</ymax>
        </bndbox>
    </object>
</annotation>
