<annotation>
    <folder></folder>
    <filename>frame_000047</filename>
    <path></path>
    <source>
        <database>Unknown</database>
    </source>
    <size>
        <width>1280</width>
        <height>720</height>
        <depth>3</depth>
    </size>
    <segmented>0</segmented>
    <object>
        <name>head</name>
        <pose>Unspecified</pose>
        <truncated>0</truncated>
        <difficult>0</difficult>
        <bndbox>
            <xmin>596.351953125</xmin>
            <ymin>190.885546875</ymin>
            <xmax>701.8058593750008</xmax>
            <ymax>324.4242248535149</ymax>
        </bndbox>
    </object>    <object>
        <name>body</name>
        <pose>Unspecified</pose>
        <truncated>0</truncated>
        <difficult>0</difficult>
        <bndbox>
            <xmin>696.4946986607143</xmin>
            <ymin>367.54371279761904</ymin>
            <xmax>1270.4946986607142</xmax>
            <ymax>720.0</ymax>
        </bndbox>
    </object>    <object>
        <name>body</name>
        <pose>Unspecified</pose>
        <truncated>0</truncated>
        <difficult>0</difficult>
        <bndbox>
            <xmin>5.1913225446428575</xmin>
            <ymin>356.2673828125</ymin>
            <xmax>584.0981305803579</xmax>
            <ymax>710.4781305803583</ymax>
        </bndbox>
    </object>    <object>
        <name>head</name>
        <pose>Unspecified</pose>
        <truncated>0</truncated>
        <difficult>0</difficult>
        <bndbox>
            <xmin>827.304821275685</xmin>
            <ymin>57.01916336686644</ymin>
            <xmax>1142.1962275256856</xmax>
            <ymax>357.2212995973341</ymax>
        </bndbox>
    </object>    <object>
        <name>head</name>
        <pose>Unspecified</pose>
        <truncated>0</truncated>
        <difficult>0</difficult>
        <bndbox>
            <xmin>154.03125</xmin>
            <ymin>64.62825520833333</ymin>
            <xmax>415.9404296875</xmax>
            <ymax>358.48723958333295</ymax>
        </bndbox>
    </object>    <object>
        <name>body</name>
        <pose>Unspecified</pose>
        <truncated>0</truncated>
        <difficult>0</difficult>
        <bndbox>
            <xmin>508.6287059294872</xmin>
            <ymin>327.76817908653845</ymin>
            <xmax>736.4287059294865</xmax>
            <ymax>491.4681912935697</ymax>
        </bndbox>
    </object>
</annotation>
