<annotation>
    <folder></folder>
    <filename>frame_000167</filename>
    <path></path>
    <source>
        <database>Unknown</database>
    </source>
    <size>
        <width>1280</width>
        <height>720</height>
        <depth>3</depth>
    </size>
    <segmented>0</segmented>
    <object>
        <name>head</name>
        <pose>Unspecified</pose>
        <truncated>0</truncated>
        <difficult>0</difficult>
        <bndbox>
            <xmin>568.056640625</xmin>
            <ymin>188.12890625</ymin>
            <xmax>695.9894531249993</xmax>
            <ymax>322.741220092772</ymax>
        </bndbox>
    </object>    <object>
        <name>body</name>
        <pose>Unspecified</pose>
        <truncated>0</truncated>
        <difficult>0</difficult>
        <bndbox>
            <xmin>668.1114078443877</xmin>
            <ymin>368.4604857568027</ymin>
            <xmax>1242.1114078443877</xmax>
            <ymax>720.0</ymax>
        </bndbox>
    </object>    <object>
        <name>body</name>
        <pose>Unspecified</pose>
        <truncated>0</truncated>
        <difficult>0</difficult>
        <bndbox>
            <xmin>12.11013454861111</xmin>
            <ymin>348.40538194444446</ymin>
            <xmax>497.8337818287063</xmax>
            <ymax>716.9873191550918</ymax>
        </bndbox>
    </object>    <object>
        <name>head</name>
        <pose>Unspecified</pose>
        <truncated>0</truncated>
        <difficult>0</difficult>
        <bndbox>
            <xmin>833.9507973030821</xmin>
            <ymin>50.05132304152397</ymin>
            <xmax>1148.842203553083</xmax>
            <ymax>350.25345927199163</ymax>
        </bndbox>
    </object>    <object>
        <name>head</name>
        <pose>Unspecified</pose>
        <truncated>0</truncated>
        <difficult>0</difficult>
        <bndbox>
            <xmin>169.3603515625</xmin>
            <ymin>74.7216796875</ymin>
            <xmax>431.26953125</xmax>
            <ymax>368.58066406249964</ymax>
        </bndbox>
    </object>    <object>
        <name>body</name>
        <pose>Unspecified</pose>
        <truncated>0</truncated>
        <difficult>0</difficult>
        <bndbox>
            <xmin>509.08061079545456</xmin>
            <ymin>339.55459872159093</ymin>
            <xmax>736.8806107954538</xmax>
            <ymax>512.180120294744</ymax>
        </bndbox>
    </object>
</annotation>
