<annotation>
    <folder></folder>
    <filename>frame_000208</filename>
    <path></path>
    <source>
        <database>Unknown</database>
    </source>
    <size>
        <width>1280</width>
        <height>720</height>
        <depth>3</depth>
    </size>
    <segmented>0</segmented>
    <object>
        <name>head</name>
        <pose>Unspecified</pose>
        <truncated>0</truncated>
        <difficult>0</difficult>
        <bndbox>
            <xmin>580.58056640625</xmin>
            <ymin>180.4736328125</ymin>
            <xmax>708.5133789062493</xmax>
            <ymax>315.085946655272</ymax>
        </bndbox>
    </object>    <object>
        <name>body</name>
        <pose>Unspecified</pose>
        <truncated>0</truncated>
        <difficult>0</difficult>
        <bndbox>
            <xmin>683.4000150240385</xmin>
            <ymin>362.65516075721155</ymin>
            <xmax>1257.4000150240386</xmax>
            <ymax>714.0418795072115</ymax>
        </bndbox>
    </object>    <object>
        <name>body</name>
        <pose>Unspecified</pose>
        <truncated>0</truncated>
        <difficult>0</difficult>
        <bndbox>
            <xmin>5.392728365384615</xmin>
            <ymin>348.7501953125007</ymin>
            <xmax>532.9843299278854</xmax>
            <ymax>711.2732177734378</ymax>
        </bndbox>
    </object>    <object>
        <name>head</name>
        <pose>Unspecified</pose>
        <truncated>0</truncated>
        <difficult>0</difficult>
        <bndbox>
            <xmin>836.2213924632352</xmin>
            <ymin>57.83570772058823</ymin>
            <xmax>1151.112798713236</xmax>
            <ymax>358.0378439510559</ymax>
        </bndbox>
    </object>    <object>
        <name>head</name>
        <pose>Unspecified</pose>
        <truncated>0</truncated>
        <difficult>0</difficult>
        <bndbox>
            <xmin>159.45387178308823</xmin>
            <ymin>71.48621323529412</ymin>
            <xmax>421.36305147058823</xmax>
            <ymax>365.3451976102938</ymax>
        </bndbox>
    </object>    <object>
        <name>body</name>
        <pose>Unspecified</pose>
        <truncated>0</truncated>
        <difficult>0</difficult>
        <bndbox>
            <xmin>506.3434495192308</xmin>
            <ymin>308.2669020432692</ymin>
            <xmax>734.14344951923</xmax>
            <ymax>506.73527362529757</ymax>
        </bndbox>
    </object>
</annotation>
