<annotation>
    <folder></folder>
    <filename>frame_000442</filename>
    <path></path>
    <source>
        <database>Unknown</database>
    </source>
    <size>
        <width>1280</width>
        <height>720</height>
        <depth>3</depth>
    </size>
    <segmented>0</segmented>
    <object>
        <name>head</name>
        <pose>Unspecified</pose>
        <truncated>0</truncated>
        <difficult>0</difficult>
        <bndbox>
            <xmin>577.771484375</xmin>
            <ymin>200.3994140625</ymin>
            <xmax>704.4295583089188</xmax>
            <ymax>312.59010314941224</ymax>
        </bndbox>
    </object>    <object>
        <name>body</name>
        <pose>Unspecified</pose>
        <truncated>0</truncated>
        <difficult>0</difficult>
        <bndbox>
            <xmin>688.244140625</xmin>
            <ymin>346.2740885416667</ymin>
            <xmax>1262.244140625</xmax>
            <ymax>718.6601562500003</ymax>
        </bndbox>
    </object>    <object>
        <name>body</name>
        <pose>Unspecified</pose>
        <truncated>0</truncated>
        <difficult>0</difficult>
        <bndbox>
            <xmin>0.357421875</xmin>
            <ymin>357.90000000000146</ymin>
            <xmax>480.99866877018576</xmax>
            <ymax>719.3673706054688</ymax>
        </bndbox>
    </object>    <object>
        <name>head</name>
        <pose>Unspecified</pose>
        <truncated>0</truncated>
        <difficult>0</difficult>
        <bndbox>
            <xmin>824.0317708333338</xmin>
            <ymin>48.517578125</ymin>
            <xmax>1203.3442813596848</xmax>
            <ymax>348.71971435546766</ymax>
        </bndbox>
    </object>    <object>
        <name>head</name>
        <pose>Unspecified</pose>
        <truncated>0</truncated>
        <difficult>0</difficult>
        <bndbox>
            <xmin>2.0419921875</xmin>
            <ymin>44.0927734375</ymin>
            <xmax>289.0629557291668</xmax>
            <ymax>363.0011718749993</ymax>
        </bndbox>
    </object>    <object>
        <name>body</name>
        <pose>Unspecified</pose>
        <truncated>0</truncated>
        <difficult>0</difficult>
        <bndbox>
            <xmin>516.8671875</xmin>
            <ymin>321.0927734375</ymin>
            <xmax>716.8570312500015</xmax>
            <ymax>506.45103149414354</ymax>
        </bndbox>
    </object>
</annotation>
