<annotation>
    <folder></folder>
    <filename>frame_000535</filename>
    <path></path>
    <source>
        <database>Unknown</database>
    </source>
    <size>
        <width>1280</width>
        <height>720</height>
        <depth>3</depth>
    </size>
    <segmented>0</segmented>
    <object>
        <name>head</name>
        <pose>Unspecified</pose>
        <truncated>0</truncated>
        <difficult>0</difficult>
        <bndbox>
            <xmin>581.705078125</xmin>
            <ymin>197.857421875</ymin>
            <xmax>690.8953125000007</xmax>
            <ymax>310.03652343749854</ymax>
        </bndbox>
    </object>    <object>
        <name>body</name>
        <pose>Unspecified</pose>
        <truncated>0</truncated>
        <difficult>0</difficult>
        <bndbox>
            <xmin>711.599609375</xmin>
            <ymin>348.048828125</ymin>
            <xmax>1279.0660156249978</xmax>
            <ymax>707.0</ymax>
        </bndbox>
    </object>    <object>
        <name>body</name>
        <pose>Unspecified</pose>
        <truncated>0</truncated>
        <difficult>0</difficult>
        <bndbox>
            <xmin>33.603515625</xmin>
            <ymin>323.051171875001</ymin>
            <xmax>521.7499243164069</xmax>
            <ymax>715.9330647786459</ymax>
        </bndbox>
    </object>    <object>
        <name>head</name>
        <pose>Unspecified</pose>
        <truncated>0</truncated>
        <difficult>0</difficult>
        <bndbox>
            <xmin>847.517578125</xmin>
            <ymin>42.80078125</ymin>
            <xmax>1162.4089843750007</xmax>
            <ymax>343.00291748046766</ymax>
        </bndbox>
    </object>    <object>
        <name>head</name>
        <pose>Unspecified</pose>
        <truncated>0</truncated>
        <difficult>0</difficult>
        <bndbox>
            <xmin>224.0</xmin>
            <ymin>53.177734375</ymin>
            <xmax>468.07606336805475</xmax>
            <ymax>326.1980434841589</ymax>
        </bndbox>
    </object>    <object>
        <name>body</name>
        <pose>Unspecified</pose>
        <truncated>0</truncated>
        <difficult>0</difficult>
        <bndbox>
            <xmin>511.248046875</xmin>
            <ymin>311.630859375</ymin>
            <xmax>732.771493530272</xmax>
            <ymax>510.0849609375</ymax>
        </bndbox>
    </object>
</annotation>
