<annotation>
    <folder></folder>
    <filename>frame_000254</filename>
    <path></path>
    <source>
        <database>Unknown</database>
    </source>
    <size>
        <width>1280</width>
        <height>720</height>
        <depth>3</depth>
    </size>
    <segmented>0</segmented>
    <object>
        <name>head</name>
        <pose>Unspecified</pose>
        <truncated>0</truncated>
        <difficult>0</difficult>
        <bndbox>
            <xmin>591.89501953125</xmin>
            <ymin>227.17919921875</ymin>
            <xmax>708.021113281251</xmax>
            <ymax>339.35830078124854</ymax>
        </bndbox>
    </object>    <object>
        <name>body</name>
        <pose>Unspecified</pose>
        <truncated>0</truncated>
        <difficult>0</difficult>
        <bndbox>
            <xmin>701.513671875</xmin>
            <ymin>352.4171756628789</ymin>
            <xmax>1275.513671875</xmax>
            <ymax>709.6966684422365</ymax>
        </bndbox>
    </object>    <object>
        <name>body</name>
        <pose>Unspecified</pose>
        <truncated>0</truncated>
        <difficult>0</difficult>
        <bndbox>
            <xmin>21.900000000000546</xmin>
            <ymin>351.60693359375</ymin>
            <xmax>523.6668365478517</xmax>
            <ymax>701.1108383178707</ymax>
        </bndbox>
    </object>    <object>
        <name>head</name>
        <pose>Unspecified</pose>
        <truncated>0</truncated>
        <difficult>0</difficult>
        <bndbox>
            <xmin>837.7315538194445</xmin>
            <ymin>56.21875</ymin>
            <xmax>1152.622960069445</xmax>
            <ymax>356.42088623046766</ymax>
        </bndbox>
    </object>    <object>
        <name>head</name>
        <pose>Unspecified</pose>
        <truncated>0</truncated>
        <difficult>0</difficult>
        <bndbox>
            <xmin>243.32861328125</xmin>
            <ymin>95.97119140625</ymin>
            <xmax>474.9947723388668</xmax>
            <ymax>362.7155578613274</ymax>
        </bndbox>
    </object>    <object>
        <name>body</name>
        <pose>Unspecified</pose>
        <truncated>0</truncated>
        <difficult>0</difficult>
        <bndbox>
            <xmin>513.1700220352565</xmin>
            <ymin>324.3610026041667</ymin>
            <xmax>730.0649138621789</xmax>
            <ymax>517.4659699268806</ymax>
        </bndbox>
    </object>
</annotation>
