<annotation>
    <folder></folder>
    <filename>frame_000271</filename>
    <path></path>
    <source>
        <database>Unknown</database>
    </source>
    <size>
        <width>1280</width>
        <height>720</height>
        <depth>3</depth>
    </size>
    <segmented>0</segmented>
    <object>
        <name>head</name>
        <pose>Unspecified</pose>
        <truncated>0</truncated>
        <difficult>0</difficult>
        <bndbox>
            <xmin>588.1771334134615</xmin>
            <ymin>215.12692808493588</ymin>
            <xmax>688.061508413463</xmax>
            <ymax>327.30602964743446</ymax>
        </bndbox>
    </object>    <object>
        <name>body</name>
        <pose>Unspecified</pose>
        <truncated>0</truncated>
        <difficult>0</difficult>
        <bndbox>
            <xmin>701.513671875</xmin>
            <ymin>361.6691761363641</ymin>
            <xmax>1275.513671875</xmax>
            <ymax>707.4837153764212</ymax>
        </bndbox>
    </object>    <object>
        <name>body</name>
        <pose>Unspecified</pose>
        <truncated>0</truncated>
        <difficult>0</difficult>
        <bndbox>
            <xmin>6.8603515625</xmin>
            <ymin>351.911376953125</ymin>
            <xmax>528.8445312500007</xmax>
            <ymax>718.6000000000004</ymax>
        </bndbox>
    </object>    <object>
        <name>head</name>
        <pose>Unspecified</pose>
        <truncated>0</truncated>
        <difficult>0</difficult>
        <bndbox>
            <xmin>835.214453125</xmin>
            <ymin>61.0576171875</ymin>
            <xmax>1150.1058593750008</xmax>
            <ymax>361.25975341796766</ymax>
        </bndbox>
    </object>    <object>
        <name>head</name>
        <pose>Unspecified</pose>
        <truncated>0</truncated>
        <difficult>0</difficult>
        <bndbox>
            <xmin>211.7548828125</xmin>
            <ymin>88.46842447916667</ymin>
            <xmax>462.8561848958343</xmax>
            <ymax>383.0999348958333</ymax>
        </bndbox>
    </object>    <object>
        <name>body</name>
        <pose>Unspecified</pose>
        <truncated>0</truncated>
        <difficult>0</difficult>
        <bndbox>
            <xmin>521.7509014423077</xmin>
            <ymin>320.337890625</ymin>
            <xmax>712.1619591346151</xmax>
            <ymax>500.41744760366475</ymax>
        </bndbox>
    </object>
</annotation>
