<annotation>
    <folder></folder>
    <filename>frame_000079</filename>
    <path></path>
    <source>
        <database>Unknown</database>
    </source>
    <size>
        <width>1280</width>
        <height>720</height>
        <depth>3</depth>
    </size>
    <segmented>0</segmented>
    <object>
        <name>head</name>
        <pose>Unspecified</pose>
        <truncated>0</truncated>
        <difficult>0</difficult>
        <bndbox>
            <xmin>572.51171875</xmin>
            <ymin>197.7705078125</ymin>
            <xmax>677.9656250000007</xmax>
            <ymax>331.3091857910149</ymax>
        </bndbox>
    </object>    <object>
        <name>body</name>
        <pose>Unspecified</pose>
        <truncated>0</truncated>
        <difficult>0</difficult>
        <bndbox>
            <xmin>688.9258211096939</xmin>
            <ymin>367.7881855867347</ymin>
            <xmax>1262.925821109694</xmax>
            <ymax>720.0</ymax>
        </bndbox>
    </object>    <object>
        <name>body</name>
        <pose>Unspecified</pose>
        <truncated>0</truncated>
        <difficult>0</difficult>
        <bndbox>
            <xmin>0.8497573390151515</xmin>
            <ymin>349.5890743371212</ymin>
            <xmax>527.3569306344705</xmax>
            <ymax>718.8030303030306</ymax>
        </bndbox>
    </object>    <object>
        <name>head</name>
        <pose>Unspecified</pose>
        <truncated>0</truncated>
        <difficult>0</difficult>
        <bndbox>
            <xmin>829.0770815496576</xmin>
            <ymin>55.16107261344178</ymin>
            <xmax>1143.9684877996583</xmax>
            <ymax>355.36320884390943</ymax>
        </bndbox>
    </object>    <object>
        <name>head</name>
        <pose>Unspecified</pose>
        <truncated>0</truncated>
        <difficult>0</difficult>
        <bndbox>
            <xmin>112.0409268465909</xmin>
            <ymin>61.55051491477273</ymin>
            <xmax>373.95010653409093</xmax>
            <ymax>355.4094992897724</ymax>
        </bndbox>
    </object>    <object>
        <name>body</name>
        <pose>Unspecified</pose>
        <truncated>0</truncated>
        <difficult>0</difficult>
        <bndbox>
            <xmin>518.0791015625</xmin>
            <ymin>331.64453125</ymin>
            <xmax>745.8791015624993</xmax>
            <ymax>516.1148188752977</ymax>
        </bndbox>
    </object>
</annotation>
