<annotation>
    <folder></folder>
    <filename>frame_000297</filename>
    <path></path>
    <source>
        <database>Unknown</database>
    </source>
    <size>
        <width>1280</width>
        <height>720</height>
        <depth>3</depth>
    </size>
    <segmented>0</segmented>
    <object>
        <name>head</name>
        <pose>Unspecified</pose>
        <truncated>0</truncated>
        <difficult>0</difficult>
        <bndbox>
            <xmin>578.150390625</xmin>
            <ymin>200.4716796875</ymin>
            <xmax>678.0347656250015</xmax>
            <ymax>312.65078124999854</ymax>
        </bndbox>
    </object>    <object>
        <name>body</name>
        <pose>Unspecified</pose>
        <truncated>0</truncated>
        <difficult>0</difficult>
        <bndbox>
            <xmin>702.63671875</xmin>
            <ymin>345.0625</ymin>
            <xmax>1276.63671875</xmax>
            <ymax>718.8589843750015</ymax>
        </bndbox>
    </object>    <object>
        <name>body</name>
        <pose>Unspecified</pose>
        <truncated>0</truncated>
        <difficult>0</difficult>
        <bndbox>
            <xmin>24.673828125</xmin>
            <ymin>366.3984375</ymin>
            <xmax>546.6580078125007</xmax>
            <ymax>720.0</ymax>
        </bndbox>
    </object>    <object>
        <name>head</name>
        <pose>Unspecified</pose>
        <truncated>0</truncated>
        <difficult>0</difficult>
        <bndbox>
            <xmin>870.87890625</xmin>
            <ymin>75.1396484375</ymin>
            <xmax>1185.7703125000007</xmax>
            <ymax>375.34178466796766</ymax>
        </bndbox>
    </object>    <object>
        <name>head</name>
        <pose>Unspecified</pose>
        <truncated>0</truncated>
        <difficult>0</difficult>
        <bndbox>
            <xmin>170.4833984375</xmin>
            <ymin>73.5830078125</ymin>
            <xmax>439.15488281250146</xmax>
            <ymax>367.5158203125011</ymax>
        </bndbox>
    </object>    <object>
        <name>body</name>
        <pose>Unspecified</pose>
        <truncated>0</truncated>
        <difficult>0</difficult>
        <bndbox>
            <xmin>508.513671875</xmin>
            <ymin>305.830078125</ymin>
            <xmax>736.3136718749993</xmax>
            <ymax>504.29844970702834</ymax>
        </bndbox>
    </object>
</annotation>
