<annotation>
    <folder></folder>
    <filename>frame_000147</filename>
    <path></path>
    <source>
        <database>Unknown</database>
    </source>
    <size>
        <width>1280</width>
        <height>720</height>
        <depth>3</depth>
    </size>
    <segmented>0</segmented>
    <object>
        <name>head</name>
        <pose>Unspecified</pose>
        <truncated>0</truncated>
        <difficult>0</difficult>
        <bndbox>
            <xmin>598.5885416666666</xmin>
            <ymin>185.78776041666666</ymin>
            <xmax>722.7748697916674</xmax>
            <ymax>319.3264383951816</ymax>
        </bndbox>
    </object>    <object>
        <name>body</name>
        <pose>Unspecified</pose>
        <truncated>0</truncated>
        <difficult>0</difficult>
        <bndbox>
            <xmin>672.8419563137755</xmin>
            <ymin>368.3076902636054</ymin>
            <xmax>1246.8419563137754</xmax>
            <ymax>720.0</ymax>
        </bndbox>
    </object>    <object>
        <name>body</name>
        <pose>Unspecified</pose>
        <truncated>0</truncated>
        <difficult>0</difficult>
        <bndbox>
            <xmin>15.361002604166666</xmin>
            <ymin>373.4108072916667</ymin>
            <xmax>515.0463107638926</xmax>
            <ymax>718.8702446831594</ymax>
        </bndbox>
    </object>    <object>
        <name>head</name>
        <pose>Unspecified</pose>
        <truncated>0</truncated>
        <difficult>0</difficult>
        <bndbox>
            <xmin>832.8431346318494</xmin>
            <ymin>51.21262976241438</ymin>
            <xmax>1147.73454088185</xmax>
            <ymax>351.41476599288205</ymax>
        </bndbox>
    </object>    <object>
        <name>head</name>
        <pose>Unspecified</pose>
        <truncated>0</truncated>
        <difficult>0</difficult>
        <bndbox>
            <xmin>132.41548295454547</xmin>
            <ymin>80.06667258522728</ymin>
            <xmax>394.32466264204544</xmax>
            <ymax>373.92565696022774</ymax>
        </bndbox>
    </object>    <object>
        <name>body</name>
        <pose>Unspecified</pose>
        <truncated>0</truncated>
        <difficult>0</difficult>
        <bndbox>
            <xmin>513.8213404605264</xmin>
            <ymin>317.3392783717105</ymin>
            <xmax>741.6213404605256</xmax>
            <ymax>499.21864793127753</ymax>
        </bndbox>
    </object>
</annotation>
