<annotation>
    <folder></folder>
    <filename>frame_000455</filename>
    <path></path>
    <source>
        <database>Unknown</database>
    </source>
    <size>
        <width>1280</width>
        <height>720</height>
        <depth>3</depth>
    </size>
    <segmented>0</segmented>
    <object>
        <name>head</name>
        <pose>Unspecified</pose>
        <truncated>0</truncated>
        <difficult>0</difficult>
        <bndbox>
            <xmin>568.96875</xmin>
            <ymin>216.828125</ymin>
            <xmax>668.8531250000015</xmax>
            <ymax>329.00722656249854</ymax>
        </bndbox>
    </object>    <object>
        <name>body</name>
        <pose>Unspecified</pose>
        <truncated>0</truncated>
        <difficult>0</difficult>
        <bndbox>
            <xmin>688.244140625</xmin>
            <ymin>347.4314778645833</ymin>
            <xmax>1262.244140625</xmax>
            <ymax>719.5310546875002</ymax>
        </bndbox>
    </object>    <object>
        <name>body</name>
        <pose>Unspecified</pose>
        <truncated>0</truncated>
        <difficult>0</difficult>
        <bndbox>
            <xmin>2.7075892857142856</xmin>
            <ymin>345.0224609375</ymin>
            <xmax>531.8662611607142</xmax>
            <ymax>715.4285714285714</ymax>
        </bndbox>
    </object>    <object>
        <name>head</name>
        <pose>Unspecified</pose>
        <truncated>0</truncated>
        <difficult>0</difficult>
        <bndbox>
            <xmin>866.861328125</xmin>
            <ymin>51.34136284722222</ymin>
            <xmax>1156.0303665865426</xmax>
            <ymax>340.68314864199317</ymax>
        </bndbox>
    </object>    <object>
        <name>head</name>
        <pose>Unspecified</pose>
        <truncated>0</truncated>
        <difficult>0</difficult>
        <bndbox>
            <xmin>120.2236328125</xmin>
            <ymin>13.700000000000728</ymin>
            <xmax>382.3000000000011</xmax>
            <ymax>344.18414306640625</ymax>
        </bndbox>
    </object>    <object>
        <name>body</name>
        <pose>Unspecified</pose>
        <truncated>0</truncated>
        <difficult>0</difficult>
        <bndbox>
            <xmin>509.4296875</xmin>
            <ymin>327.2787853422619</ymin>
            <xmax>711.5425625223546</xmax>
            <ymax>488.3488392595121</ymax>
        </bndbox>
    </object>
</annotation>
