<annotation>
    <folder></folder>
    <filename>frame_000074</filename>
    <path></path>
    <source>
        <database>Unknown</database>
    </source>
    <size>
        <width>1280</width>
        <height>720</height>
        <depth>3</depth>
    </size>
    <segmented>0</segmented>
    <object>
        <name>head</name>
        <pose>Unspecified</pose>
        <truncated>0</truncated>
        <difficult>0</difficult>
        <bndbox>
            <xmin>575.0</xmin>
            <ymin>181.8984375</ymin>
            <xmax>680.4539062500007</xmax>
            <ymax>315.4371154785149</ymax>
        </bndbox>
    </object>    <object>
        <name>body</name>
        <pose>Unspecified</pose>
        <truncated>0</truncated>
        <difficult>0</difficult>
        <bndbox>
            <xmin>690.1084582270408</xmin>
            <ymin>367.74998671343536</ymin>
            <xmax>1264.1084582270407</xmax>
            <ymax>720.0</ymax>
        </bndbox>
    </object>    <object>
        <name>body</name>
        <pose>Unspecified</pose>
        <truncated>0</truncated>
        <difficult>0</difficult>
        <bndbox>
            <xmin>0.0</xmin>
            <ymin>356.2041015625</ymin>
            <xmax>513.7000000000007</xmax>
            <ymax>720.0</ymax>
        </bndbox>
    </object>    <object>
        <name>head</name>
        <pose>Unspecified</pose>
        <truncated>0</truncated>
        <difficult>0</difficult>
        <bndbox>
            <xmin>828.8001658818494</xmin>
            <ymin>55.45139929366438</ymin>
            <xmax>1143.69157213185</xmax>
            <ymax>355.65353552413205</ymax>
        </bndbox>
    </object>    <object>
        <name>head</name>
        <pose>Unspecified</pose>
        <truncated>0</truncated>
        <difficult>0</difficult>
        <bndbox>
            <xmin>123.28959517045455</xmin>
            <ymin>67.07874644886364</ymin>
            <xmax>385.19877485795456</xmax>
            <ymax>360.93773082386326</ymax>
        </bndbox>
    </object>    <object>
        <name>body</name>
        <pose>Unspecified</pose>
        <truncated>0</truncated>
        <difficult>0</difficult>
        <bndbox>
            <xmin>516.7421875</xmin>
            <ymin>314.7392578125</ymin>
            <xmax>744.5421874999993</xmax>
            <ymax>500.2692533672998</ymax>
        </bndbox>
    </object>
</annotation>
