<annotation>
    <folder></folder>
    <filename>frame_000057</filename>
    <path></path>
    <source>
        <database>Unknown</database>
    </source>
    <size>
        <width>1280</width>
        <height>720</height>
        <depth>3</depth>
    </size>
    <segmented>0</segmented>
    <object>
        <name>head</name>
        <pose>Unspecified</pose>
        <truncated>0</truncated>
        <difficult>0</difficult>
        <bndbox>
            <xmin>612.1735677083333</xmin>
            <ymin>196.49361979166667</ymin>
            <xmax>717.627473958334</xmax>
            <ymax>330.0322977701816</ymax>
        </bndbox>
    </object>    <object>
        <name>body</name>
        <pose>Unspecified</pose>
        <truncated>0</truncated>
        <difficult>0</difficult>
        <bndbox>
            <xmin>694.1294244260204</xmin>
            <ymin>367.6201105442177</ymin>
            <xmax>1268.1294244260205</xmax>
            <ymax>720.0</ymax>
        </bndbox>
    </object>    <object>
        <name>body</name>
        <pose>Unspecified</pose>
        <truncated>0</truncated>
        <difficult>0</difficult>
        <bndbox>
            <xmin>3.2686104910714286</xmin>
            <ymin>356.2439453125</ymin>
            <xmax>558.0247488839293</xmax>
            <ymax>714.0047488839293</ymax>
        </bndbox>
    </object>    <object>
        <name>head</name>
        <pose>Unspecified</pose>
        <truncated>0</truncated>
        <difficult>0</difficult>
        <bndbox>
            <xmin>827.8586526113014</xmin>
            <ymin>56.43851000642123</ymin>
            <xmax>1142.750058861302</xmax>
            <ymax>356.64064623688887</ymax>
        </bndbox>
    </object>    <object>
        <name>head</name>
        <pose>Unspecified</pose>
        <truncated>0</truncated>
        <difficult>0</difficult>
        <bndbox>
            <xmin>139.326171875</xmin>
            <ymin>79.271484375</ymin>
            <xmax>401.2353515625</xmax>
            <ymax>373.13046874999964</ymax>
        </bndbox>
    </object>    <object>
        <name>body</name>
        <pose>Unspecified</pose>
        <truncated>0</truncated>
        <difficult>0</difficult>
        <bndbox>
            <xmin>506.3280248397436</xmin>
            <ymin>326.3303786057692</ymin>
            <xmax>734.1280248397428</xmax>
            <ymax>490.0303908128005</ymax>
        </bndbox>
    </object>
</annotation>
