<annotation>
    <folder></folder>
    <filename>frame_000189</filename>
    <path></path>
    <source>
        <database>Unknown</database>
    </source>
    <size>
        <width>1280</width>
        <height>720</height>
        <depth>3</depth>
    </size>
    <segmented>0</segmented>
    <object>
        <name>head</name>
        <pose>Unspecified</pose>
        <truncated>0</truncated>
        <difficult>0</difficult>
        <bndbox>
            <xmin>537.47265625</xmin>
            <ymin>191.08203125</ymin>
            <xmax>665.4054687499993</xmax>
            <ymax>325.694345092772</ymax>
        </bndbox>
    </object>    <object>
        <name>body</name>
        <pose>Unspecified</pose>
        <truncated>0</truncated>
        <difficult>0</difficult>
        <bndbox>
            <xmin>665.2873883928571</xmin>
            <ymin>367.56654575892856</ymin>
            <xmax>1239.287388392857</xmax>
            <ymax>718.9532645089286</ymax>
        </bndbox>
    </object>    <object>
        <name>body</name>
        <pose>Unspecified</pose>
        <truncated>0</truncated>
        <difficult>0</difficult>
        <bndbox>
            <xmin>8.5341796875</xmin>
            <ymin>320.8994140625</ymin>
            <xmax>478.90000000000146</xmax>
            <ymax>714.9161010742173</ymax>
        </bndbox>
    </object>    <object>
        <name>head</name>
        <pose>Unspecified</pose>
        <truncated>0</truncated>
        <difficult>0</difficult>
        <bndbox>
            <xmin>835.1692262414383</xmin>
            <ymin>48.77388564854452</ymin>
            <xmax>1150.060632491439</xmax>
            <ymax>348.9760218790122</ymax>
        </bndbox>
    </object>    <object>
        <name>head</name>
        <pose>Unspecified</pose>
        <truncated>0</truncated>
        <difficult>0</difficult>
        <bndbox>
            <xmin>194.640625</xmin>
            <ymin>35.1298828125</ymin>
            <xmax>456.5498046875</xmax>
            <ymax>328.98886718749964</ymax>
        </bndbox>
    </object>    <object>
        <name>body</name>
        <pose>Unspecified</pose>
        <truncated>0</truncated>
        <difficult>0</difficult>
        <bndbox>
            <xmin>491.69140625</xmin>
            <ymin>334.60000000000036</ymin>
            <xmax>719.4914062499993</xmax>
            <ymax>468.40509033203125</ymax>
        </bndbox>
    </object>
</annotation>
