<annotation>
    <folder></folder>
    <filename>frame_000158</filename>
    <path></path>
    <source>
        <database>Unknown</database>
    </source>
    <size>
        <width>1280</width>
        <height>720</height>
        <depth>3</depth>
    </size>
    <segmented>0</segmented>
    <object>
        <name>head</name>
        <pose>Unspecified</pose>
        <truncated>0</truncated>
        <difficult>0</difficult>
        <bndbox>
            <xmin>604.283203125</xmin>
            <ymin>187.7119140625</ymin>
            <xmax>732.2160156249993</xmax>
            <ymax>321.3579556274417</ymax>
        </bndbox>
    </object>    <object>
        <name>body</name>
        <pose>Unspecified</pose>
        <truncated>0</truncated>
        <difficult>0</difficult>
        <bndbox>
            <xmin>670.2401546556123</xmin>
            <ymin>368.3917277848639</ymin>
            <xmax>1244.2401546556123</xmax>
            <ymax>720.0</ymax>
        </bndbox>
    </object>    <object>
        <name>body</name>
        <pose>Unspecified</pose>
        <truncated>0</truncated>
        <difficult>0</difficult>
        <bndbox>
            <xmin>13.57302517361111</xmin>
            <ymin>359.65782335069446</ymin>
            <xmax>505.57941984954016</xmax>
            <ymax>717.8346356427222</ymax>
        </bndbox>
    </object>    <object>
        <name>head</name>
        <pose>Unspecified</pose>
        <truncated>0</truncated>
        <difficult>0</difficult>
        <bndbox>
            <xmin>833.4523491010274</xmin>
            <ymin>50.573911065924655</ymin>
            <xmax>1148.3437553510282</xmax>
            <ymax>350.77604729639233</ymax>
        </bndbox>
    </object>    <object>
        <name>head</name>
        <pose>Unspecified</pose>
        <truncated>0</truncated>
        <difficult>0</difficult>
        <bndbox>
            <xmin>134.03095703125</xmin>
            <ymin>67.65615234375</ymin>
            <xmax>395.94013671875</xmax>
            <ymax>361.51513671874966</ymax>
        </bndbox>
    </object>    <object>
        <name>body</name>
        <pose>Unspecified</pose>
        <truncated>0</truncated>
        <difficult>0</difficult>
        <bndbox>
            <xmin>513.6285511363636</xmin>
            <ymin>324.48655007102275</ymin>
            <xmax>741.4285511363629</xmax>
            <ymax>505.14503007368546</ymax>
        </bndbox>
    </object>
</annotation>
