<annotation>
    <folder></folder>
    <filename>frame_000299</filename>
    <path></path>
    <source>
        <database>Unknown</database>
    </source>
    <size>
        <width>1280</width>
        <height>720</height>
        <depth>3</depth>
    </size>
    <segmented>0</segmented>
    <object>
        <name>head</name>
        <pose>Unspecified</pose>
        <truncated>0</truncated>
        <difficult>0</difficult>
        <bndbox>
            <xmin>611.23828125</xmin>
            <ymin>205.66796875</ymin>
            <xmax>711.1226562500015</xmax>
            <ymax>317.84707031249854</ymax>
        </bndbox>
    </object>    <object>
        <name>body</name>
        <pose>Unspecified</pose>
        <truncated>0</truncated>
        <difficult>0</difficult>
        <bndbox>
            <xmin>700.619140625</xmin>
            <ymin>366.259765625</ymin>
            <xmax>1274.619140625</xmax>
            <ymax>720.0</ymax>
        </bndbox>
    </object>    <object>
        <name>body</name>
        <pose>Unspecified</pose>
        <truncated>0</truncated>
        <difficult>0</difficult>
        <bndbox>
            <xmin>26.078741776315788</xmin>
            <ymin>354.86410361842104</ymin>
            <xmax>545.2215803179832</xmax>
            <ymax>719.8000000000002</ymax>
        </bndbox>
    </object>    <object>
        <name>head</name>
        <pose>Unspecified</pose>
        <truncated>0</truncated>
        <difficult>0</difficult>
        <bndbox>
            <xmin>870.87890625</xmin>
            <ymin>73.79375</ymin>
            <xmax>1185.7703125000007</xmax>
            <ymax>373.99588623046765</ymax>
        </bndbox>
    </object>    <object>
        <name>head</name>
        <pose>Unspecified</pose>
        <truncated>0</truncated>
        <difficult>0</difficult>
        <bndbox>
            <xmin>171.77983940972223</xmin>
            <ymin>76.69845920138889</ymin>
            <xmax>440.4513237847237</xmax>
            <ymax>370.63127170139</ymax>
        </bndbox>
    </object>    <object>
        <name>body</name>
        <pose>Unspecified</pose>
        <truncated>0</truncated>
        <difficult>0</difficult>
        <bndbox>
            <xmin>508.513671875</xmin>
            <ymin>307.73671875</ymin>
            <xmax>736.3136718749993</xmax>
            <ymax>506.20509033202836</ymax>
        </bndbox>
    </object>
</annotation>
