<annotation>
    <folder></folder>
    <filename>frame_000287</filename>
    <path></path>
    <source>
        <database>Unknown</database>
    </source>
    <size>
        <width>1280</width>
        <height>720</height>
        <depth>3</depth>
    </size>
    <segmented>0</segmented>
    <object>
        <name>head</name>
        <pose>Unspecified</pose>
        <truncated>0</truncated>
        <difficult>0</difficult>
        <bndbox>
            <xmin>599.6362680288462</xmin>
            <ymin>217.77756911057693</ymin>
            <xmax>699.5206430288476</xmax>
            <ymax>329.95667067307545</ymax>
        </bndbox>
    </object>    <object>
        <name>body</name>
        <pose>Unspecified</pose>
        <truncated>0</truncated>
        <difficult>0</difficult>
        <bndbox>
            <xmin>701.513671875</xmin>
            <ymin>331.603515625</ymin>
            <xmax>1275.513671875</xmax>
            <ymax>705.4000000000015</ymax>
        </bndbox>
    </object>    <object>
        <name>body</name>
        <pose>Unspecified</pose>
        <truncated>0</truncated>
        <difficult>0</difficult>
        <bndbox>
            <xmin>8.661458333333334</xmin>
            <ymin>368.6311848958333</ymin>
            <xmax>528.1610107421888</xmax>
            <ymax>711.0144653320312</ymax>
        </bndbox>
    </object>    <object>
        <name>head</name>
        <pose>Unspecified</pose>
        <truncated>0</truncated>
        <difficult>0</difficult>
        <bndbox>
            <xmin>840.59765625</xmin>
            <ymin>21.3037109375</ymin>
            <xmax>1155.4890625000007</xmax>
            <ymax>321.50584716796766</ymax>
        </bndbox>
    </object>    <object>
        <name>head</name>
        <pose>Unspecified</pose>
        <truncated>0</truncated>
        <difficult>0</difficult>
        <bndbox>
            <xmin>131.228515625</xmin>
            <ymin>62.3671875</ymin>
            <xmax>399.90000000000146</xmax>
            <ymax>356.3000000000011</ymax>
        </bndbox>
    </object>    <object>
        <name>body</name>
        <pose>Unspecified</pose>
        <truncated>0</truncated>
        <difficult>0</difficult>
        <bndbox>
            <xmin>533.3502604166666</xmin>
            <ymin>317.9729817708333</ymin>
            <xmax>705.9165956439392</xmax>
            <ymax>489.2760590524388</ymax>
        </bndbox>
    </object>
</annotation>
