<annotation>
    <folder></folder>
    <filename>frame_000235</filename>
    <path></path>
    <source>
        <database>Unknown</database>
    </source>
    <size>
        <width>1280</width>
        <height>720</height>
        <depth>3</depth>
    </size>
    <segmented>0</segmented>
    <object>
        <name>head</name>
        <pose>Unspecified</pose>
        <truncated>0</truncated>
        <difficult>0</difficult>
        <bndbox>
            <xmin>565.588671875</xmin>
            <ymin>189.25</ymin>
            <xmax>693.5214843749993</xmax>
            <ymax>323.862313842772</ymax>
        </bndbox>
    </object>    <object>
        <name>body</name>
        <pose>Unspecified</pose>
        <truncated>0</truncated>
        <difficult>0</difficult>
        <bndbox>
            <xmin>701.513671875</xmin>
            <ymin>360.7603600543478</ymin>
            <xmax>1275.513671875</xmax>
            <ymax>715.1350475543485</ymax>
        </bndbox>
    </object>    <object>
        <name>body</name>
        <pose>Unspecified</pose>
        <truncated>0</truncated>
        <difficult>0</difficult>
        <bndbox>
            <xmin>5.6083984375</xmin>
            <ymin>329.1627734375012</ymin>
            <xmax>533.2000000000007</xmax>
            <ymax>708.7369042968749</ymax>
        </bndbox>
    </object>    <object>
        <name>head</name>
        <pose>Unspecified</pose>
        <truncated>0</truncated>
        <difficult>0</difficult>
        <bndbox>
            <xmin>837.7176011029412</xmin>
            <ymin>56.37310431985294</ymin>
            <xmax>1152.609007352942</xmax>
            <ymax>356.5752405503206</ymax>
        </bndbox>
    </object>    <object>
        <name>head</name>
        <pose>Unspecified</pose>
        <truncated>0</truncated>
        <difficult>0</difficult>
        <bndbox>
            <xmin>169.70833333333334</xmin>
            <ymin>107.16319444444444</ymin>
            <xmax>439.04025065104116</xmax>
            <ymax>386.0866665310316</ymax>
        </bndbox>
    </object>    <object>
        <name>body</name>
        <pose>Unspecified</pose>
        <truncated>0</truncated>
        <difficult>0</difficult>
        <bndbox>
            <xmin>496.401171875</xmin>
            <ymin>316.148046875</ymin>
            <xmax>724.2011718749993</xmax>
            <ymax>514.6164184570283</ymax>
        </bndbox>
    </object>
</annotation>
