<annotation>
    <folder></folder>
    <filename>frame_000441</filename>
    <path></path>
    <source>
        <database>Unknown</database>
    </source>
    <size>
        <width>1280</width>
        <height>720</height>
        <depth>3</depth>
    </size>
    <segmented>0</segmented>
    <object>
        <name>head</name>
        <pose>Unspecified</pose>
        <truncated>0</truncated>
        <difficult>0</difficult>
        <bndbox>
            <xmin>524.46484375</xmin>
            <ymin>209.8583984375</ymin>
            <xmax>655.5852008395741</xmax>
            <ymax>322.0510187784821</ymax>
        </bndbox>
    </object>    <object>
        <name>body</name>
        <pose>Unspecified</pose>
        <truncated>0</truncated>
        <difficult>0</difficult>
        <bndbox>
            <xmin>688.244140625</xmin>
            <ymin>346.18505859375</ymin>
            <xmax>1262.244140625</xmax>
            <ymax>718.5931640625004</ymax>
        </bndbox>
    </object>    <object>
        <name>body</name>
        <pose>Unspecified</pose>
        <truncated>0</truncated>
        <difficult>0</difficult>
        <bndbox>
            <xmin>0.0</xmin>
            <ymin>324.7060546875</ymin>
            <xmax>480.66030934884475</xmax>
            <ymax>720.0</ymax>
        </bndbox>
    </object>    <object>
        <name>head</name>
        <pose>Unspecified</pose>
        <truncated>0</truncated>
        <difficult>0</difficult>
        <bndbox>
            <xmin>837.9658854166677</xmin>
            <ymin>42.255859375</ymin>
            <xmax>1218.239904962069</xmax>
            <ymax>342.45799560546766</ymax>
        </bndbox>
    </object>    <object>
        <name>head</name>
        <pose>Unspecified</pose>
        <truncated>0</truncated>
        <difficult>0</difficult>
        <bndbox>
            <xmin>56.123046875</xmin>
            <ymin>17.15234375</ymin>
            <xmax>344.6975043402781</xmax>
            <ymax>338.3484375000007</ymax>
        </bndbox>
    </object>    <object>
        <name>body</name>
        <pose>Unspecified</pose>
        <truncated>0</truncated>
        <difficult>0</difficult>
        <bndbox>
            <xmin>515.771484375</xmin>
            <ymin>318.15625</ymin>
            <xmax>715.7613281250015</xmax>
            <ymax>507.86955871582177</ymax>
        </bndbox>
    </object>
</annotation>
