<annotation>
    <folder></folder>
    <filename>frame_000469</filename>
    <path></path>
    <source>
        <database>Unknown</database>
    </source>
    <size>
        <width>1280</width>
        <height>720</height>
        <depth>3</depth>
    </size>
    <segmented>0</segmented>
    <object>
        <name>head</name>
        <pose>Unspecified</pose>
        <truncated>0</truncated>
        <difficult>0</difficult>
        <bndbox>
            <xmin>570.486328125</xmin>
            <ymin>209.0703125</ymin>
            <xmax>670.3707031250015</xmax>
            <ymax>321.24941406249854</ymax>
        </bndbox>
    </object>    <object>
        <name>body</name>
        <pose>Unspecified</pose>
        <truncated>0</truncated>
        <difficult>0</difficult>
        <bndbox>
            <xmin>688.244140625</xmin>
            <ymin>362.0773437500002</ymin>
            <xmax>1262.244140625</xmax>
            <ymax>720.0</ymax>
        </bndbox>
    </object>    <object>
        <name>body</name>
        <pose>Unspecified</pose>
        <truncated>0</truncated>
        <difficult>0</difficult>
        <bndbox>
            <xmin>8.305397727272727</xmin>
            <ymin>360.28524502840907</ymin>
            <xmax>524.5543560606046</xmax>
            <ymax>720.0</ymax>
        </bndbox>
    </object>    <object>
        <name>head</name>
        <pose>Unspecified</pose>
        <truncated>0</truncated>
        <difficult>0</difficult>
        <bndbox>
            <xmin>846.64296875</xmin>
            <ymin>60.4533203125</ymin>
            <xmax>1142.4807692307731</xmax>
            <ymax>352.610752516528</ymax>
        </bndbox>
    </object>    <object>
        <name>head</name>
        <pose>Unspecified</pose>
        <truncated>0</truncated>
        <difficult>0</difficult>
        <bndbox>
            <xmin>129.91796875</xmin>
            <ymin>53.3935546875</ymin>
            <xmax>407.6179687500007</xmax>
            <ymax>358.57578125000146</ymax>
        </bndbox>
    </object>    <object>
        <name>body</name>
        <pose>Unspecified</pose>
        <truncated>0</truncated>
        <difficult>0</difficult>
        <bndbox>
            <xmin>521.16015625</xmin>
            <ymin>324.90313430059524</ymin>
            <xmax>727.5190938170554</xmax>
            <ymax>489.65738784922934</ymax>
        </bndbox>
    </object>
</annotation>
