<annotation>
    <folder></folder>
    <filename>frame_000022</filename>
    <path></path>
    <source>
        <database>Unknown</database>
    </source>
    <size>
        <width>1280</width>
        <height>720</height>
        <depth>3</depth>
    </size>
    <segmented>0</segmented>
    <object>
        <name>head</name>
        <pose>Unspecified</pose>
        <truncated>0</truncated>
        <difficult>0</difficult>
        <bndbox>
            <xmin>520.38671875</xmin>
            <ymin>208.83442382812518</ymin>
            <xmax>625.8365234374996</xmax>
            <ymax>346.57413177490207</ymax>
        </bndbox>
    </object>    <object>
        <name>body</name>
        <pose>Unspecified</pose>
        <truncated>0</truncated>
        <difficult>0</difficult>
        <bndbox>
            <xmin>714.4782366071429</xmin>
            <ymin>342.9771205357143</ymin>
            <xmax>1261.7428571428577</xmax>
            <ymax>708.9439174107143</ymax>
        </bndbox>
    </object>    <object>
        <name>body</name>
        <pose>Unspecified</pose>
        <truncated>0</truncated>
        <difficult>0</difficult>
        <bndbox>
            <xmin>8.333984375</xmin>
            <ymin>389.2000000000001</ymin>
            <xmax>593.3759765625</xmax>
            <ymax>719.9999389648438</ymax>
        </bndbox>
    </object>    <object>
        <name>head</name>
        <pose>Unspecified</pose>
        <truncated>0</truncated>
        <difficult>0</difficult>
        <bndbox>
            <xmin>904.525390625</xmin>
            <ymin>73.45458984375</ymin>
            <xmax>1219.4167968750007</xmax>
            <ymax>373.65672607421766</ymax>
        </bndbox>
    </object>    <object>
        <name>head</name>
        <pose>Unspecified</pose>
        <truncated>0</truncated>
        <difficult>0</difficult>
        <bndbox>
            <xmin>248.42919921875</xmin>
            <ymin>107.8251953125</ymin>
            <xmax>495.67490234375146</xmax>
            <ymax>398.3286987304673</ymax>
        </bndbox>
    </object>    <object>
        <name>body</name>
        <pose>Unspecified</pose>
        <truncated>0</truncated>
        <difficult>0</difficult>
        <bndbox>
            <xmin>545.513671875</xmin>
            <ymin>330.502197265625</ymin>
            <xmax>706.0250000000005</xmax>
            <ymax>503.1942337036144</ymax>
        </bndbox>
    </object>
</annotation>
