<annotation>
    <folder></folder>
    <filename>frame_000180</filename>
    <path></path>
    <source>
        <database>Unknown</database>
    </source>
    <size>
        <width>1280</width>
        <height>720</height>
        <depth>3</depth>
    </size>
    <segmented>0</segmented>
    <object>
        <name>head</name>
        <pose>Unspecified</pose>
        <truncated>0</truncated>
        <difficult>0</difficult>
        <bndbox>
            <xmin>573.5517578125</xmin>
            <ymin>212.80322265625</ymin>
            <xmax>701.4845703124993</xmax>
            <ymax>347.415536499022</ymax>
        </bndbox>
    </object>    <object>
        <name>body</name>
        <pose>Unspecified</pose>
        <truncated>0</truncated>
        <difficult>0</difficult>
        <bndbox>
            <xmin>665.0365513392857</xmin>
            <ymin>368.55980282738096</ymin>
            <xmax>1239.0365513392858</xmax>
            <ymax>720.0</ymax>
        </bndbox>
    </object>    <object>
        <name>body</name>
        <pose>Unspecified</pose>
        <truncated>0</truncated>
        <difficult>0</difficult>
        <bndbox>
            <xmin>9.9970703125</xmin>
            <ymin>332.15185546875</ymin>
            <xmax>486.6456380208353</xmax>
            <ymax>715.7634175618477</ymax>
        </bndbox>
    </object>    <object>
        <name>head</name>
        <pose>Unspecified</pose>
        <truncated>0</truncated>
        <difficult>0</difficult>
        <bndbox>
            <xmin>834.6707780393835</xmin>
            <ymin>49.296473672945204</ymin>
            <xmax>1149.5621842893843</xmax>
            <ymax>349.49860990341284</ymax>
        </bndbox>
    </object>    <object>
        <name>head</name>
        <pose>Unspecified</pose>
        <truncated>0</truncated>
        <difficult>0</difficult>
        <bndbox>
            <xmin>184.29869495738637</xmin>
            <ymin>51.32652698863636</ymin>
            <xmax>446.2078746448864</xmax>
            <ymax>345.185511363636</ymax>
        </bndbox>
    </object>    <object>
        <name>body</name>
        <pose>Unspecified</pose>
        <truncated>0</truncated>
        <difficult>0</difficult>
        <bndbox>
            <xmin>499.9896484375</xmin>
            <ymin>337.45458984375</ymin>
            <xmax>727.7896484374993</xmax>
            <ymax>501.15460205078125</ymax>
        </bndbox>
    </object>
</annotation>
