<annotation>
    <folder></folder>
    <filename>frame_000337</filename>
    <path></path>
    <source>
        <database>Unknown</database>
    </source>
    <size>
        <width>1280</width>
        <height>720</height>
        <depth>3</depth>
    </size>
    <segmented>0</segmented>
    <object>
        <name>head</name>
        <pose>Unspecified</pose>
        <truncated>0</truncated>
        <difficult>0</difficult>
        <bndbox>
            <xmin>566.37890625</xmin>
            <ymin>209.021484375</ymin>
            <xmax>666.2632812500015</xmax>
            <ymax>321.20058593749854</ymax>
        </bndbox>
    </object>    <object>
        <name>body</name>
        <pose>Unspecified</pose>
        <truncated>0</truncated>
        <difficult>0</difficult>
        <bndbox>
            <xmin>680.4302455357143</xmin>
            <ymin>340.576171875</ymin>
            <xmax>1253.221699617347</xmax>
            <ymax>714.3726562500015</ymax>
        </bndbox>
    </object>    <object>
        <name>body</name>
        <pose>Unspecified</pose>
        <truncated>0</truncated>
        <difficult>0</difficult>
        <bndbox>
            <xmin>14.95361328125</xmin>
            <ymin>365.1826171875</ymin>
            <xmax>519.179010009766</xmax>
            <ymax>717.6611328125</ymax>
        </bndbox>
    </object>    <object>
        <name>head</name>
        <pose>Unspecified</pose>
        <truncated>0</truncated>
        <difficult>0</difficult>
        <bndbox>
            <xmin>859.8330965909091</xmin>
            <ymin>54.951171875</ymin>
            <xmax>1174.7245028409097</xmax>
            <ymax>355.15330810546766</ymax>
        </bndbox>
    </object>    <object>
        <name>head</name>
        <pose>Unspecified</pose>
        <truncated>0</truncated>
        <difficult>0</difficult>
        <bndbox>
            <xmin>188.517578125</xmin>
            <ymin>93.0224609375</ymin>
            <xmax>466.2175781250007</xmax>
            <ymax>398.20468750000146</ymax>
        </bndbox>
    </object>    <object>
        <name>body</name>
        <pose>Unspecified</pose>
        <truncated>0</truncated>
        <difficult>0</difficult>
        <bndbox>
            <xmin>530.5703125</xmin>
            <ymin>320.2493489583333</ymin>
            <xmax>699.4017686631923</xmax>
            <ymax>479.4773030598929</ymax>
        </bndbox>
    </object>
</annotation>
