<annotation>
    <folder></folder>
    <filename>frame_000499</filename>
    <path></path>
    <source>
        <database>Unknown</database>
    </source>
    <size>
        <width>1280</width>
        <height>720</height>
        <depth>3</depth>
    </size>
    <segmented>0</segmented>
    <object>
        <name>head</name>
        <pose>Unspecified</pose>
        <truncated>0</truncated>
        <difficult>0</difficult>
        <bndbox>
            <xmin>563.009765625</xmin>
            <ymin>207.201171875</ymin>
            <xmax>672.2000000000007</xmax>
            <ymax>319.38027343749854</ymax>
        </bndbox>
    </object>    <object>
        <name>body</name>
        <pose>Unspecified</pose>
        <truncated>0</truncated>
        <difficult>0</difficult>
        <bndbox>
            <xmin>685.7884114583334</xmin>
            <ymin>352.7350260416667</ymin>
            <xmax>1263.4895833333333</xmax>
            <ymax>702.2922526041681</ymax>
        </bndbox>
    </object>    <object>
        <name>body</name>
        <pose>Unspecified</pose>
        <truncated>0</truncated>
        <difficult>0</difficult>
        <bndbox>
            <xmin>20.612955729166668</xmin>
            <ymin>340.6103515625</ymin>
            <xmax>509.19824218749756</xmax>
            <ymax>714.8683593749993</ymax>
        </bndbox>
    </object>    <object>
        <name>head</name>
        <pose>Unspecified</pose>
        <truncated>0</truncated>
        <difficult>0</difficult>
        <bndbox>
            <xmin>828.0518973214286</xmin>
            <ymin>54.313755580357146</ymin>
            <xmax>1138.179902129121</xmax>
            <ymax>352.50471580421384</ymax>
        </bndbox>
    </object>    <object>
        <name>head</name>
        <pose>Unspecified</pose>
        <truncated>0</truncated>
        <difficult>0</difficult>
        <bndbox>
            <xmin>122.48567708333354</xmin>
            <ymin>60.381510416666664</ymin>
            <xmax>417.6663143581819</xmax>
            <ymax>350.65804782443513</ymax>
        </bndbox>
    </object>    <object>
        <name>body</name>
        <pose>Unspecified</pose>
        <truncated>0</truncated>
        <difficult>0</difficult>
        <bndbox>
            <xmin>517.0946044921875</xmin>
            <ymin>314.9993591308594</ymin>
            <xmax>732.5522475121717</xmax>
            <ymax>487.6483261753126</ymax>
        </bndbox>
    </object>
</annotation>
