<annotation>
    <folder></folder>
    <filename>frame_000344</filename>
    <path></path>
    <source>
        <database>Unknown</database>
    </source>
    <size>
        <width>1280</width>
        <height>720</height>
        <depth>3</depth>
    </size>
    <segmented>0</segmented>
    <object>
        <name>head</name>
        <pose>Unspecified</pose>
        <truncated>0</truncated>
        <difficult>0</difficult>
        <bndbox>
            <xmin>602.35693359375</xmin>
            <ymin>210.23876953125</ymin>
            <xmax>702.2413085937515</xmax>
            <ymax>322.41787109374854</ymax>
        </bndbox>
    </object>    <object>
        <name>body</name>
        <pose>Unspecified</pose>
        <truncated>0</truncated>
        <difficult>0</difficult>
        <bndbox>
            <xmin>686.0825892857143</xmin>
            <ymin>340.576171875</ymin>
            <xmax>1258.0280612244899</xmax>
            <ymax>714.3726562500015</ymax>
        </bndbox>
    </object>    <object>
        <name>body</name>
        <pose>Unspecified</pose>
        <truncated>0</truncated>
        <difficult>0</difficult>
        <bndbox>
            <xmin>28.92578125</xmin>
            <ymin>385.90357142857204</ymin>
            <xmax>505.4693080357153</xmax>
            <ymax>714.990727015904</ymax>
        </bndbox>
    </object>    <object>
        <name>head</name>
        <pose>Unspecified</pose>
        <truncated>0</truncated>
        <difficult>0</difficult>
        <bndbox>
            <xmin>846.792265625</xmin>
            <ymin>55.67234375</ymin>
            <xmax>1161.6836718750008</xmax>
            <ymax>355.87447998046764</ymax>
        </bndbox>
    </object>    <object>
        <name>head</name>
        <pose>Unspecified</pose>
        <truncated>0</truncated>
        <difficult>0</difficult>
        <bndbox>
            <xmin>147.51953125</xmin>
            <ymin>105.10000000000036</ymin>
            <xmax>320.10000000000036</xmax>
            <ymax>355.42369079589844</ymax>
        </bndbox>
    </object>    <object>
        <name>body</name>
        <pose>Unspecified</pose>
        <truncated>0</truncated>
        <difficult>0</difficult>
        <bndbox>
            <xmin>530.9050781250007</xmin>
            <ymin>314.32958984375</ymin>
            <xmax>732.2222198486324</xmax>
            <ymax>497.93126831054724</ymax>
        </bndbox>
    </object>
</annotation>
