<annotation>
    <folder></folder>
    <filename>frame_000035</filename>
    <path></path>
    <source>
        <database>Unknown</database>
    </source>
    <size>
        <width>1280</width>
        <height>720</height>
        <depth>3</depth>
    </size>
    <segmented>0</segmented>
    <object>
        <name>head</name>
        <pose>Unspecified</pose>
        <truncated>0</truncated>
        <difficult>0</difficult>
        <bndbox>
            <xmin>597.88671875</xmin>
            <ymin>192.7921875</ymin>
            <xmax>703.3406250000007</xmax>
            <ymax>326.3308654785149</ymax>
        </bndbox>
    </object>    <object>
        <name>body</name>
        <pose>Unspecified</pose>
        <truncated>0</truncated>
        <difficult>0</difficult>
        <bndbox>
            <xmin>704.6917317708334</xmin>
            <ymin>331.0400390625</ymin>
            <xmax>1278.6917317708333</xmax>
            <ymax>694.7639973958334</ymax>
        </bndbox>
    </object>    <object>
        <name>body</name>
        <pose>Unspecified</pose>
        <truncated>0</truncated>
        <difficult>0</difficult>
        <bndbox>
            <xmin>4.486328125</xmin>
            <ymin>357.0338541666667</ymin>
            <xmax>602.7136718750007</xmax>
            <ymax>708.4045572916681</ymax>
        </bndbox>
    </object>    <object>
        <name>head</name>
        <pose>Unspecified</pose>
        <truncated>0</truncated>
        <difficult>0</difficult>
        <bndbox>
            <xmin>874.2421875</xmin>
            <ymin>40.93017578125</ymin>
            <xmax>1189.1335937500007</xmax>
            <ymax>341.13231201171766</ymax>
        </bndbox>
    </object>    <object>
        <name>head</name>
        <pose>Unspecified</pose>
        <truncated>0</truncated>
        <difficult>0</difficult>
        <bndbox>
            <xmin>194.78157552083334</xmin>
            <ymin>37.72233072916667</ymin>
            <xmax>456.6907552083333</xmax>
            <ymax>367.4591796874999</ymax>
        </bndbox>
    </object>    <object>
        <name>body</name>
        <pose>Unspecified</pose>
        <truncated>0</truncated>
        <difficult>0</difficult>
        <bndbox>
            <xmin>511.3895232371795</xmin>
            <ymin>329.49353966346155</ymin>
            <xmax>739.1895232371787</xmax>
            <ymax>493.1935518704928</ymax>
        </bndbox>
    </object>
</annotation>
