<annotation>
    <folder></folder>
    <filename>frame_000050</filename>
    <path></path>
    <source>
        <database>Unknown</database>
    </source>
    <size>
        <width>1280</width>
        <height>720</height>
        <depth>3</depth>
    </size>
    <segmented>0</segmented>
    <object>
        <name>head</name>
        <pose>Unspecified</pose>
        <truncated>0</truncated>
        <difficult>0</difficult>
        <bndbox>
            <xmin>601.0984375</xmin>
            <ymin>192.56796875</ymin>
            <xmax>706.5523437500008</xmax>
            <ymax>326.1066467285149</ymax>
        </bndbox>
    </object>    <object>
        <name>body</name>
        <pose>Unspecified</pose>
        <truncated>0</truncated>
        <difficult>0</difficult>
        <bndbox>
            <xmin>695.7851163903061</xmin>
            <ymin>367.5666321215986</ymin>
            <xmax>1269.785116390306</xmax>
            <ymax>720.0</ymax>
        </bndbox>
    </object>    <object>
        <name>body</name>
        <pose>Unspecified</pose>
        <truncated>0</truncated>
        <difficult>0</difficult>
        <bndbox>
            <xmin>4.6145089285714285</xmin>
            <ymin>356.2603515625</ymin>
            <xmax>576.2761160714293</xmax>
            <ymax>711.5361160714295</ymax>
        </bndbox>
    </object>    <object>
        <name>head</name>
        <pose>Unspecified</pose>
        <truncated>0</truncated>
        <difficult>0</difficult>
        <bndbox>
            <xmin>827.4709706763699</xmin>
            <ymin>56.84496735873287</ymin>
            <xmax>1142.3623769263706</xmax>
            <ymax>357.04710358920056</ymax>
        </bndbox>
    </object>    <object>
        <name>head</name>
        <pose>Unspecified</pose>
        <truncated>0</truncated>
        <difficult>0</difficult>
        <bndbox>
            <xmin>164.4990234375</xmin>
            <ymin>65.74967447916667</ymin>
            <xmax>426.408203125</xmax>
            <ymax>359.6086588541663</ymax>
        </bndbox>
    </object>    <object>
        <name>body</name>
        <pose>Unspecified</pose>
        <truncated>0</truncated>
        <difficult>0</difficult>
        <bndbox>
            <xmin>507.9385016025641</xmin>
            <ymin>327.3368389423077</ymin>
            <xmax>735.7385016025634</xmax>
            <ymax>491.03685114933893</ymax>
        </bndbox>
    </object>
</annotation>
