<annotation>
    <folder></folder>
    <filename>frame_000036</filename>
    <path></path>
    <source>
        <database>Unknown</database>
    </source>
    <size>
        <width>1280</width>
        <height>720</height>
        <depth>3</depth>
    </size>
    <segmented>0</segmented>
    <object>
        <name>head</name>
        <pose>Unspecified</pose>
        <truncated>0</truncated>
        <difficult>0</difficult>
        <bndbox>
            <xmin>600.802734375</xmin>
            <ymin>191.894921875</ymin>
            <xmax>706.2566406250007</xmax>
            <ymax>325.4335998535149</ymax>
        </bndbox>
    </object>    <object>
        <name>body</name>
        <pose>Unspecified</pose>
        <truncated>0</truncated>
        <difficult>0</difficult>
        <bndbox>
            <xmin>703.3834635416666</xmin>
            <ymin>338.330078125</ymin>
            <xmax>1277.3834635416667</xmax>
            <ymax>699.8111979166666</ymax>
        </bndbox>
    </object>    <object>
        <name>body</name>
        <pose>Unspecified</pose>
        <truncated>0</truncated>
        <difficult>0</difficult>
        <bndbox>
            <xmin>5.047119140625</xmin>
            <ymin>356.846923828125</ymin>
            <xmax>603.2744628906257</xmax>
            <ymax>708.2176269531265</ymax>
        </bndbox>
    </object>    <object>
        <name>head</name>
        <pose>Unspecified</pose>
        <truncated>0</truncated>
        <difficult>0</difficult>
        <bndbox>
            <xmin>873.8684895833334</xmin>
            <ymin>47.8466796875</ymin>
            <xmax>1188.759895833334</xmax>
            <ymax>348.04881591796766</ymax>
        </bndbox>
    </object>    <object>
        <name>head</name>
        <pose>Unspecified</pose>
        <truncated>0</truncated>
        <difficult>0</difficult>
        <bndbox>
            <xmin>197.3984375</xmin>
            <ymin>46.69189453125</ymin>
            <xmax>459.3076171875</xmax>
            <ymax>367.4592773437498</ymax>
        </bndbox>
    </object>    <object>
        <name>body</name>
        <pose>Unspecified</pose>
        <truncated>0</truncated>
        <difficult>0</difficult>
        <bndbox>
            <xmin>511.15945512820514</xmin>
            <ymin>329.34975961538464</ymin>
            <xmax>738.9594551282044</xmax>
            <ymax>493.0497718224159</ymax>
        </bndbox>
    </object>
</annotation>
