<annotation>
    <folder></folder>
    <filename>frame_000413</filename>
    <path></path>
    <source>
        <database>Unknown</database>
    </source>
    <size>
        <width>1280</width>
        <height>720</height>
        <depth>3</depth>
    </size>
    <segmented>0</segmented>
    <object>
        <name>head</name>
        <pose>Unspecified</pose>
        <truncated>0</truncated>
        <difficult>0</difficult>
        <bndbox>
            <xmin>532.7000000000007</xmin>
            <ymin>204.3000000000011</ymin>
            <xmax>678.4312515258789</xmax>
            <ymax>332.3480453491211</ymax>
        </bndbox>
    </object>    <object>
        <name>body</name>
        <pose>Unspecified</pose>
        <truncated>0</truncated>
        <difficult>0</difficult>
        <bndbox>
            <xmin>688.244140625</xmin>
            <ymin>343.6922200520833</ymin>
            <xmax>1262.244140625</xmax>
            <ymax>716.7173828125009</ymax>
        </bndbox>
    </object>    <object>
        <name>body</name>
        <pose>Unspecified</pose>
        <truncated>0</truncated>
        <difficult>0</difficult>
        <bndbox>
            <xmin>23.6142578125</xmin>
            <ymin>362.8000000000011</ymin>
            <xmax>519.0366536458387</xmax>
            <ymax>700.3259887695312</ymax>
        </bndbox>
    </object>    <object>
        <name>head</name>
        <pose>Unspecified</pose>
        <truncated>0</truncated>
        <difficult>0</difficult>
        <bndbox>
            <xmin>823.4304956896551</xmin>
            <ymin>62.27508755387931</ymin>
            <xmax>1138.3219019396558</xmax>
            <ymax>362.47722378434696</ymax>
        </bndbox>
    </object>    <object>
        <name>head</name>
        <pose>Unspecified</pose>
        <truncated>0</truncated>
        <difficult>0</difficult>
        <bndbox>
            <xmin>184.013671875</xmin>
            <ymin>57.0185546875</ymin>
            <xmax>461.7136718749971</xmax>
            <ymax>362.20078125000146</ymax>
        </bndbox>
    </object>    <object>
        <name>body</name>
        <pose>Unspecified</pose>
        <truncated>0</truncated>
        <difficult>0</difficult>
        <bndbox>
            <xmin>513.584296875</xmin>
            <ymin>323.0424609375</ymin>
            <xmax>713.5741406250014</xmax>
            <ymax>503.7509207313922</ymax>
        </bndbox>
    </object>
</annotation>
