<annotation>
    <folder></folder>
    <filename>frame_000334</filename>
    <path></path>
    <source>
        <database>Unknown</database>
    </source>
    <size>
        <width>1280</width>
        <height>720</height>
        <depth>3</depth>
    </size>
    <segmented>0</segmented>
    <object>
        <name>head</name>
        <pose>Unspecified</pose>
        <truncated>0</truncated>
        <difficult>0</difficult>
        <bndbox>
            <xmin>550.9453125</xmin>
            <ymin>210.4296875</ymin>
            <xmax>650.8296875000015</xmax>
            <ymax>322.60878906249854</ymax>
        </bndbox>
    </object>    <object>
        <name>body</name>
        <pose>Unspecified</pose>
        <truncated>0</truncated>
        <difficult>0</difficult>
        <bndbox>
            <xmin>678.0078125</xmin>
            <ymin>340.576171875</ymin>
            <xmax>1251.161830357143</xmax>
            <ymax>714.3726562500015</ymax>
        </bndbox>
    </object>    <object>
        <name>body</name>
        <pose>Unspecified</pose>
        <truncated>0</truncated>
        <difficult>0</difficult>
        <bndbox>
            <xmin>4.205810546875</xmin>
            <ymin>365.88330078125</ymin>
            <xmax>520.8618743896486</xmax>
            <ymax>718.36181640625</ymax>
        </bndbox>
    </object>    <object>
        <name>head</name>
        <pose>Unspecified</pose>
        <truncated>0</truncated>
        <difficult>0</difficult>
        <bndbox>
            <xmin>863.1468394886364</xmin>
            <ymin>54.951171875</ymin>
            <xmax>1178.038245738637</xmax>
            <ymax>355.15330810546766</ymax>
        </bndbox>
    </object>    <object>
        <name>head</name>
        <pose>Unspecified</pose>
        <truncated>0</truncated>
        <difficult>0</difficult>
        <bndbox>
            <xmin>223.42626953125</xmin>
            <ymin>100.21923828125</ymin>
            <xmax>501.1262695312507</xmax>
            <ymax>405.40146484375146</ymax>
        </bndbox>
    </object>    <object>
        <name>body</name>
        <pose>Unspecified</pose>
        <truncated>0</truncated>
        <difficult>0</difficult>
        <bndbox>
            <xmin>529.55078125</xmin>
            <ymin>308.1555989583333</ymin>
            <xmax>703.0715643988697</xmax>
            <ymax>467.3835530598929</ymax>
        </bndbox>
    </object>
</annotation>
