<annotation>
    <folder></folder>
    <filename>frame_000417</filename>
    <path></path>
    <source>
        <database>Unknown</database>
    </source>
    <size>
        <width>1280</width>
        <height>720</height>
        <depth>3</depth>
    </size>
    <segmented>0</segmented>
    <object>
        <name>head</name>
        <pose>Unspecified</pose>
        <truncated>0</truncated>
        <difficult>0</difficult>
        <bndbox>
            <xmin>571.9009375000002</xmin>
            <ymin>217.8365625000002</ymin>
            <xmax>680.954687805177</xmax>
            <ymax>333.18945281982303</ymax>
        </bndbox>
    </object>    <object>
        <name>body</name>
        <pose>Unspecified</pose>
        <truncated>0</truncated>
        <difficult>0</difficult>
        <bndbox>
            <xmin>688.244140625</xmin>
            <ymin>344.04833984375</ymin>
            <xmax>1262.244140625</xmax>
            <ymax>716.9853515625008</ymax>
        </bndbox>
    </object>    <object>
        <name>body</name>
        <pose>Unspecified</pose>
        <truncated>0</truncated>
        <difficult>0</difficult>
        <bndbox>
            <xmin>23.982688210227273</xmin>
            <ymin>362.6921875000009</ymin>
            <xmax>518.7359868213435</xmax>
            <ymax>702.2411493937173</ymax>
        </bndbox>
    </object>    <object>
        <name>head</name>
        <pose>Unspecified</pose>
        <truncated>0</truncated>
        <difficult>0</difficult>
        <bndbox>
            <xmin>822.8561422413793</xmin>
            <ymin>61.40453259698276</ymin>
            <xmax>1137.74754849138</xmax>
            <ymax>361.6066688274504</ymax>
        </bndbox>
    </object>    <object>
        <name>head</name>
        <pose>Unspecified</pose>
        <truncated>0</truncated>
        <difficult>0</difficult>
        <bndbox>
            <xmin>176.72544642857142</xmin>
            <ymin>58.52162388392857</ymin>
            <xmax>454.42544642856905</xmax>
            <ymax>363.70385044643</ymax>
        </bndbox>
    </object>    <object>
        <name>body</name>
        <pose>Unspecified</pose>
        <truncated>0</truncated>
        <difficult>0</difficult>
        <bndbox>
            <xmin>516.496171875</xmin>
            <ymin>319.6680859375</ymin>
            <xmax>716.4860156250014</xmax>
            <ymax>497.9216307951255</ymax>
        </bndbox>
    </object>
</annotation>
