<annotation>
    <folder></folder>
    <filename>frame_000484</filename>
    <path></path>
    <source>
        <database>Unknown</database>
    </source>
    <size>
        <width>1280</width>
        <height>720</height>
        <depth>3</depth>
    </size>
    <segmented>0</segmented>
    <object>
        <name>head</name>
        <pose>Unspecified</pose>
        <truncated>0</truncated>
        <difficult>0</difficult>
        <bndbox>
            <xmin>577.0152803308823</xmin>
            <ymin>214.5078125</ymin>
            <xmax>684.7188189338248</xmax>
            <ymax>325.3044457828284</ymax>
        </bndbox>
    </object>    <object>
        <name>body</name>
        <pose>Unspecified</pose>
        <truncated>0</truncated>
        <difficult>0</difficult>
        <bndbox>
            <xmin>683.930818256579</xmin>
            <ymin>368.623273026316</ymin>
            <xmax>1259.4892064144738</xmax>
            <ymax>714.9052631578953</ymax>
        </bndbox>
    </object>    <object>
        <name>body</name>
        <pose>Unspecified</pose>
        <truncated>0</truncated>
        <difficult>0</difficult>
        <bndbox>
            <xmin>14.303478422619047</xmin>
            <ymin>355.67303757440476</ymin>
            <xmax>516.7206008184498</xmax>
            <ymax>720.0</ymax>
        </bndbox>
    </object>    <object>
        <name>head</name>
        <pose>Unspecified</pose>
        <truncated>0</truncated>
        <difficult>0</difficult>
        <bndbox>
            <xmin>804.4027549342105</xmin>
            <ymin>76.04086143092105</ymin>
            <xmax>1107.3856575784425</xmax>
            <ymax>371.21505764486255</ymax>
        </bndbox>
    </object>    <object>
        <name>head</name>
        <pose>Unspecified</pose>
        <truncated>0</truncated>
        <difficult>0</difficult>
        <bndbox>
            <xmin>113.32861328125</xmin>
            <ymin>89.37939453125</ymin>
            <xmax>391.9907226562509</xmax>
            <ymax>380.57685241699164</ymax>
        </bndbox>
    </object>    <object>
        <name>body</name>
        <pose>Unspecified</pose>
        <truncated>0</truncated>
        <difficult>0</difficult>
        <bndbox>
            <xmin>522.047607421875</xmin>
            <ymin>320.43255615234375</ymin>
            <xmax>732.9558977153949</xmax>
            <ymax>489.13416644888775</ymax>
        </bndbox>
    </object>
</annotation>
