<annotation>
    <folder></folder>
    <filename>frame_000346</filename>
    <path></path>
    <source>
        <database>Unknown</database>
    </source>
    <size>
        <width>1280</width>
        <height>720</height>
        <depth>3</depth>
    </size>
    <segmented>0</segmented>
    <object>
        <name>head</name>
        <pose>Unspecified</pose>
        <truncated>0</truncated>
        <difficult>0</difficult>
        <bndbox>
            <xmin>608.619140625</xmin>
            <ymin>209.0703125</ymin>
            <xmax>708.5035156250015</xmax>
            <ymax>321.24941406249854</ymax>
        </bndbox>
    </object>    <object>
        <name>body</name>
        <pose>Unspecified</pose>
        <truncated>0</truncated>
        <difficult>0</difficult>
        <bndbox>
            <xmin>687.6975446428571</xmin>
            <ymin>340.576171875</ymin>
            <xmax>1259.4013073979593</xmax>
            <ymax>714.3726562500015</ymax>
        </bndbox>
    </object>    <object>
        <name>body</name>
        <pose>Unspecified</pose>
        <truncated>0</truncated>
        <difficult>0</difficult>
        <bndbox>
            <xmin>28.5986328125</xmin>
            <ymin>393.2776785714294</ymin>
            <xmax>504.2019810267869</xmax>
            <ymax>714.5677141462054</ymax>
        </bndbox>
    </object>    <object>
        <name>head</name>
        <pose>Unspecified</pose>
        <truncated>0</truncated>
        <difficult>0</difficult>
        <bndbox>
            <xmin>842.813515625</xmin>
            <ymin>55.912734375</ymin>
            <xmax>1157.7049218750008</xmax>
            <ymax>356.1148706054677</ymax>
        </bndbox>
    </object>    <object>
        <name>head</name>
        <pose>Unspecified</pose>
        <truncated>0</truncated>
        <difficult>0</difficult>
        <bndbox>
            <xmin>152.0234375</xmin>
            <ymin>48.53515625</ymin>
            <xmax>403.72362912735844</xmax>
            <ymax>352.2870283018874</ymax>
        </bndbox>
    </object>    <object>
        <name>body</name>
        <pose>Unspecified</pose>
        <truncated>0</truncated>
        <difficult>0</difficult>
        <bndbox>
            <xmin>530.9000000000015</xmin>
            <ymin>315.1591796875</ymin>
            <xmax>732.1444396972656</xmax>
            <ymax>508.2000000000007</ymax>
        </bndbox>
    </object>
</annotation>
