<annotation>
    <folder></folder>
    <filename>frame_000032</filename>
    <path></path>
    <source>
        <database>Unknown</database>
    </source>
    <size>
        <width>1280</width>
        <height>720</height>
        <depth>3</depth>
    </size>
    <segmented>0</segmented>
    <object>
        <name>head</name>
        <pose>Unspecified</pose>
        <truncated>0</truncated>
        <difficult>0</difficult>
        <bndbox>
            <xmin>589.138671875</xmin>
            <ymin>195.483984375</ymin>
            <xmax>694.5925781250007</xmax>
            <ymax>329.0226623535149</ymax>
        </bndbox>
    </object>    <object>
        <name>body</name>
        <pose>Unspecified</pose>
        <truncated>0</truncated>
        <difficult>0</difficult>
        <bndbox>
            <xmin>716.8372395833334</xmin>
            <ymin>323.75</ymin>
            <xmax>1280.0</xmax>
            <ymax>689.716796875</ymax>
        </bndbox>
    </object>    <object>
        <name>body</name>
        <pose>Unspecified</pose>
        <truncated>0</truncated>
        <difficult>0</difficult>
        <bndbox>
            <xmin>2.803955078125</xmin>
            <ymin>357.5946451822917</ymin>
            <xmax>601.0312988281257</xmax>
            <ymax>708.9653483072931</ymax>
        </bndbox>
    </object>    <object>
        <name>head</name>
        <pose>Unspecified</pose>
        <truncated>0</truncated>
        <difficult>0</difficult>
        <bndbox>
            <xmin>875.36328125</xmin>
            <ymin>20.1806640625</ymin>
            <xmax>1190.2546875000007</xmax>
            <ymax>320.38280029296766</ymax>
        </bndbox>
    </object>    <object>
        <name>head</name>
        <pose>Unspecified</pose>
        <truncated>0</truncated>
        <difficult>0</difficult>
        <bndbox>
            <xmin>171.22884114583334</xmin>
            <ymin>15.296875</ymin>
            <xmax>433.1380208333333</xmax>
            <ymax>362.97265625</ymax>
        </bndbox>
    </object>    <object>
        <name>body</name>
        <pose>Unspecified</pose>
        <truncated>0</truncated>
        <difficult>0</difficult>
        <bndbox>
            <xmin>512.0797275641025</xmin>
            <ymin>329.9248798076923</ymin>
            <xmax>739.8797275641018</xmax>
            <ymax>493.62489201472357</ymax>
        </bndbox>
    </object>
</annotation>
