<annotation>
    <folder></folder>
    <filename>frame_000391</filename>
    <path></path>
    <source>
        <database>Unknown</database>
    </source>
    <size>
        <width>1280</width>
        <height>720</height>
        <depth>3</depth>
    </size>
    <segmented>0</segmented>
    <object>
        <name>head</name>
        <pose>Unspecified</pose>
        <truncated>0</truncated>
        <difficult>0</difficult>
        <bndbox>
            <xmin>567.6123046875</xmin>
            <ymin>244.1181640625</ymin>
            <xmax>667.4966796875015</xmax>
            <ymax>356.29726562499854</ymax>
        </bndbox>
    </object>    <object>
        <name>body</name>
        <pose>Unspecified</pose>
        <truncated>0</truncated>
        <difficult>0</difficult>
        <bndbox>
            <xmin>688.244140625</xmin>
            <ymin>341.7335611979167</ymin>
            <xmax>1262.244140625</xmax>
            <ymax>715.2435546875013</ymax>
        </bndbox>
    </object>    <object>
        <name>body</name>
        <pose>Unspecified</pose>
        <truncated>0</truncated>
        <difficult>0</difficult>
        <bndbox>
            <xmin>23.45770733173077</xmin>
            <ymin>341.06825420673147</ymin>
            <xmax>522.4000000000015</xmax>
            <ymax>705.602225435697</ymax>
        </bndbox>
    </object>    <object>
        <name>head</name>
        <pose>Unspecified</pose>
        <truncated>0</truncated>
        <difficult>0</difficult>
        <bndbox>
            <xmin>886.0651506696429</xmin>
            <ymin>47.13406808035714</ymin>
            <xmax>1200.9565569196436</xmax>
            <ymax>347.3362043108248</ymax>
        </bndbox>
    </object>    <object>
        <name>head</name>
        <pose>Unspecified</pose>
        <truncated>0</truncated>
        <difficult>0</difficult>
        <bndbox>
            <xmin>149.64963107638889</xmin>
            <ymin>51.61197916666667</ymin>
            <xmax>416.3015407986139</xmax>
            <ymax>340.75095587836404</ymax>
        </bndbox>
    </object>    <object>
        <name>body</name>
        <pose>Unspecified</pose>
        <truncated>0</truncated>
        <difficult>0</difficult>
        <bndbox>
            <xmin>510.76904296875</xmin>
            <ymin>362.455810546875</ymin>
            <xmax>710.7588867187515</xmax>
            <ymax>521.6837646484346</ymax>
        </bndbox>
    </object>
</annotation>
