<annotation>
    <folder></folder>
    <filename>frame_000424</filename>
    <path></path>
    <source>
        <database>Unknown</database>
    </source>
    <size>
        <width>1280</width>
        <height>720</height>
        <depth>3</depth>
    </size>
    <segmented>0</segmented>
    <object>
        <name>head</name>
        <pose>Unspecified</pose>
        <truncated>0</truncated>
        <difficult>0</difficult>
        <bndbox>
            <xmin>590.673046875</xmin>
            <ymin>209.4439453125</ymin>
            <xmax>690.5574218750014</xmax>
            <ymax>321.6230468749985</ymax>
        </bndbox>
    </object>    <object>
        <name>body</name>
        <pose>Unspecified</pose>
        <truncated>0</truncated>
        <difficult>0</difficult>
        <bndbox>
            <xmin>688.244140625</xmin>
            <ymin>344.6715494791667</ymin>
            <xmax>1262.244140625</xmax>
            <ymax>717.4542968750006</ymax>
        </bndbox>
    </object>    <object>
        <name>body</name>
        <pose>Unspecified</pose>
        <truncated>0</truncated>
        <difficult>0</difficult>
        <bndbox>
            <xmin>24.62744140625</xmin>
            <ymin>362.50351562500055</ymin>
            <xmax>518.209819878477</xmax>
            <ymax>705.5926804860428</ymax>
        </bndbox>
    </object>    <object>
        <name>head</name>
        <pose>Unspecified</pose>
        <truncated>0</truncated>
        <difficult>0</difficult>
        <bndbox>
            <xmin>821.8510237068965</xmin>
            <ymin>59.881061422413794</ymin>
            <xmax>1136.7424299568972</xmax>
            <ymax>360.08319765288144</ymax>
        </bndbox>
    </object>    <object>
        <name>head</name>
        <pose>Unspecified</pose>
        <truncated>0</truncated>
        <difficult>0</difficult>
        <bndbox>
            <xmin>163.97105189732144</xmin>
            <ymin>61.15199497767857</ymin>
            <xmax>441.67105189731996</xmax>
            <ymax>366.33422154018</ymax>
        </bndbox>
    </object>    <object>
        <name>body</name>
        <pose>Unspecified</pose>
        <truncated>0</truncated>
        <difficult>0</difficult>
        <bndbox>
            <xmin>521.591953125</xmin>
            <ymin>313.7629296875</ymin>
            <xmax>721.5817968750015</xmax>
            <ymax>487.7203734066588</ymax>
        </bndbox>
    </object>
</annotation>
