<annotation>
    <folder></folder>
    <filename>frame_000276</filename>
    <path></path>
    <source>
        <database>Unknown</database>
    </source>
    <size>
        <width>1280</width>
        <height>720</height>
        <depth>3</depth>
    </size>
    <segmented>0</segmented>
    <object>
        <name>head</name>
        <pose>Unspecified</pose>
        <truncated>0</truncated>
        <difficult>0</difficult>
        <bndbox>
            <xmin>591.7581129807693</xmin>
            <ymin>215.95525340544873</ymin>
            <xmax>691.6424879807707</xmax>
            <ymax>328.1343549679473</ymax>
        </bndbox>
    </object>    <object>
        <name>body</name>
        <pose>Unspecified</pose>
        <truncated>0</truncated>
        <difficult>0</difficult>
        <bndbox>
            <xmin>701.513671875</xmin>
            <ymin>364.39035274621267</ymin>
            <xmax>1275.513671875</xmax>
            <ymax>706.8328468276519</ymax>
        </bndbox>
    </object>    <object>
        <name>body</name>
        <pose>Unspecified</pose>
        <truncated>0</truncated>
        <difficult>0</difficult>
        <bndbox>
            <xmin>4.219970703125</xmin>
            <ymin>333.80255126953125</ymin>
            <xmax>526.2041503906257</xmax>
            <ymax>716.8500000000008</ymax>
        </bndbox>
    </object>    <object>
        <name>head</name>
        <pose>Unspecified</pose>
        <truncated>0</truncated>
        <difficult>0</difficult>
        <bndbox>
            <xmin>835.78671875</xmin>
            <ymin>65.28287760416667</ymin>
            <xmax>1150.6781250000008</xmax>
            <ymax>365.48501383463434</ymax>
        </bndbox>
    </object>    <object>
        <name>head</name>
        <pose>Unspecified</pose>
        <truncated>0</truncated>
        <difficult>0</difficult>
        <bndbox>
            <xmin>207.26920572916666</xmin>
            <ymin>90.08246527777777</ymin>
            <xmax>469.2831597222248</xmax>
            <ymax>369.1633029513889</ymax>
        </bndbox>
    </object>    <object>
        <name>body</name>
        <pose>Unspecified</pose>
        <truncated>0</truncated>
        <difficult>0</difficult>
        <bndbox>
            <xmin>524.2746895032051</xmin>
            <ymin>319.1546223958333</ymin>
            <xmax>706.8963842147434</xmax>
            <ymax>495.40317633213067</ymax>
        </bndbox>
    </object>
</annotation>
