<annotation>
    <folder></folder>
    <filename>frame_000476</filename>
    <path></path>
    <source>
        <database>Unknown</database>
    </source>
    <size>
        <width>1280</width>
        <height>720</height>
        <depth>3</depth>
    </size>
    <segmented>0</segmented>
    <object>
        <name>head</name>
        <pose>Unspecified</pose>
        <truncated>0</truncated>
        <difficult>0</difficult>
        <bndbox>
            <xmin>592.636328125</xmin>
            <ymin>210.6599609375</ymin>
            <xmax>692.5207031250014</xmax>
            <ymax>322.83906249999853</ymax>
        </bndbox>
    </object>    <object>
        <name>body</name>
        <pose>Unspecified</pose>
        <truncated>0</truncated>
        <difficult>0</difficult>
        <bndbox>
            <xmin>688.244140625</xmin>
            <ymin>376.10000000000036</ymin>
            <xmax>1262.244140625</xmax>
            <ymax>720.0</ymax>
        </bndbox>
    </object>    <object>
        <name>body</name>
        <pose>Unspecified</pose>
        <truncated>0</truncated>
        <difficult>0</difficult>
        <bndbox>
            <xmin>11.10444568452381</xmin>
            <ymin>359.45726376488096</ymin>
            <xmax>520.8985472470214</xmax>
            <ymax>720.0</ymax>
        </bndbox>
    </object>    <object>
        <name>head</name>
        <pose>Unspecified</pose>
        <truncated>0</truncated>
        <difficult>0</difficult>
        <bndbox>
            <xmin>808.36328125</xmin>
            <ymin>87.1337890625</ymin>
            <xmax>1107.5354627403867</xmax>
            <ymax>380.6990444711537</ymax>
        </bndbox>
    </object>    <object>
        <name>head</name>
        <pose>Unspecified</pose>
        <truncated>0</truncated>
        <difficult>0</difficult>
        <bndbox>
            <xmin>0.0</xmin>
            <ymin>47.9521484375</ymin>
            <xmax>300.630859375</xmax>
            <ymax>430.40000000000146</ymax>
        </bndbox>
    </object>    <object>
        <name>body</name>
        <pose>Unspecified</pose>
        <truncated>0</truncated>
        <difficult>0</difficult>
        <bndbox>
            <xmin>524.689208984375</xmin>
            <ymin>323.33026123046875</ymin>
            <xmax>733.1711778237807</xmax>
            <ymax>489.9266145947945</ymax>
        </bndbox>
    </object>
</annotation>
