<annotation>
    <folder></folder>
    <filename>frame_000486</filename>
    <path></path>
    <source>
        <database>Unknown</database>
    </source>
    <size>
        <width>1280</width>
        <height>720</height>
        <depth>3</depth>
    </size>
    <segmented>0</segmented>
    <object>
        <name>head</name>
        <pose>Unspecified</pose>
        <truncated>0</truncated>
        <difficult>0</difficult>
        <bndbox>
            <xmin>571.7760799632352</xmin>
            <ymin>217.056640625</ymin>
            <xmax>682.6072840073541</xmax>
            <ymax>327.3002865959603</ymax>
        </bndbox>
    </object>    <object>
        <name>body</name>
        <pose>Unspecified</pose>
        <truncated>0</truncated>
        <difficult>0</difficult>
        <bndbox>
            <xmin>682.8524876644736</xmin>
            <ymin>366.75409128289493</ymin>
            <xmax>1258.800472861842</xmax>
            <ymax>713.6315789473692</ymax>
        </bndbox>
    </object>    <object>
        <name>body</name>
        <pose>Unspecified</pose>
        <truncated>0</truncated>
        <difficult>0</difficult>
        <bndbox>
            <xmin>15.103236607142858</xmin>
            <ymin>354.7269810267857</ymin>
            <xmax>515.676114211307</xmax>
            <ymax>720.0</ymax>
        </bndbox>
    </object>    <object>
        <name>head</name>
        <pose>Unspecified</pose>
        <truncated>0</truncated>
        <difficult>0</difficult>
        <bndbox>
            <xmin>803.4126233552631</xmin>
            <ymin>73.26762952302632</ymin>
            <xmax>1107.3482062879564</xmax>
            <ymax>368.8440609382898</ymax>
        </bndbox>
    </object>    <object>
        <name>head</name>
        <pose>Unspecified</pose>
        <truncated>0</truncated>
        <difficult>0</difficult>
        <bndbox>
            <xmin>49.4736328125</xmin>
            <ymin>88.162109375</ymin>
            <xmax>362.7000000000007</xmax>
            <ymax>404.60000000000036</ymax>
        </bndbox>
    </object>    <object>
        <name>body</name>
        <pose>Unspecified</pose>
        <truncated>0</truncated>
        <difficult>0</difficult>
        <bndbox>
            <xmin>521.38720703125</xmin>
            <ymin>319.7081298828125</ymin>
            <xmax>732.9020776882985</xmax>
            <ymax>488.93605441241107</ymax>
        </bndbox>
    </object>
</annotation>
