<annotation>
    <folder></folder>
    <filename>frame_000480</filename>
    <path></path>
    <source>
        <database>Unknown</database>
    </source>
    <size>
        <width>1280</width>
        <height>720</height>
        <depth>3</depth>
    </size>
    <segmented>0</segmented>
    <object>
        <name>head</name>
        <pose>Unspecified</pose>
        <truncated>0</truncated>
        <difficult>0</difficult>
        <bndbox>
            <xmin>587.4936810661765</xmin>
            <ymin>209.41015625</ymin>
            <xmax>688.9418887867661</xmax>
            <ymax>321.3127641565645</ymax>
        </bndbox>
    </object>    <object>
        <name>body</name>
        <pose>Unspecified</pose>
        <truncated>0</truncated>
        <difficult>0</difficult>
        <bndbox>
            <xmin>686.0874794407895</xmin>
            <ymin>372.3616365131582</ymin>
            <xmax>1260.8666735197369</xmax>
            <ymax>717.4526315789477</ymax>
        </bndbox>
    </object>    <object>
        <name>body</name>
        <pose>Unspecified</pose>
        <truncated>0</truncated>
        <difficult>0</difficult>
        <bndbox>
            <xmin>12.703962053571429</xmin>
            <ymin>357.56515066964283</ymin>
            <xmax>518.8095740327356</xmax>
            <ymax>720.0</ymax>
        </bndbox>
    </object>    <object>
        <name>head</name>
        <pose>Unspecified</pose>
        <truncated>0</truncated>
        <difficult>0</difficult>
        <bndbox>
            <xmin>806.3830180921053</xmin>
            <ymin>81.58732524671052</ymin>
            <xmax>1107.4605601594146</xmax>
            <ymax>375.9570510580081</ymax>
        </bndbox>
    </object>    <object>
        <name>head</name>
        <pose>Unspecified</pose>
        <truncated>0</truncated>
        <difficult>0</difficult>
        <bndbox>
            <xmin>136.77099609375</xmin>
            <ymin>92.712890625</ymin>
            <xmax>380.8688476562511</xmax>
            <ymax>358.6699157714829</ymax>
        </bndbox>
    </object>    <object>
        <name>body</name>
        <pose>Unspecified</pose>
        <truncated>0</truncated>
        <difficult>0</difficult>
        <bndbox>
            <xmin>523.368408203125</xmin>
            <ymin>321.88140869140625</ymin>
            <xmax>733.0635377695878</xmax>
            <ymax>489.5303905218411</ymax>
        </bndbox>
    </object>
</annotation>
