<annotation>
    <folder></folder>
    <filename>frame_000273</filename>
    <path></path>
    <source>
        <database>Unknown</database>
    </source>
    <size>
        <width>1280</width>
        <height>720</height>
        <depth>3</depth>
    </size>
    <segmented>0</segmented>
    <object>
        <name>head</name>
        <pose>Unspecified</pose>
        <truncated>0</truncated>
        <difficult>0</difficult>
        <bndbox>
            <xmin>589.6095252403846</xmin>
            <ymin>215.45825821314102</ymin>
            <xmax>689.4939002403861</xmax>
            <ymax>327.6373597756396</ymax>
        </bndbox>
    </object>    <object>
        <name>body</name>
        <pose>Unspecified</pose>
        <truncated>0</truncated>
        <difficult>0</difficult>
        <bndbox>
            <xmin>701.513671875</xmin>
            <ymin>362.75764678030356</ymin>
            <xmax>1275.513671875</xmax>
            <ymax>707.2233679569134</ymax>
        </bndbox>
    </object>    <object>
        <name>body</name>
        <pose>Unspecified</pose>
        <truncated>0</truncated>
        <difficult>0</difficult>
        <bndbox>
            <xmin>5.80419921875</xmin>
            <ymin>344.6678466796875</ymin>
            <xmax>527.7883789062507</xmax>
            <ymax>717.9000000000005</ymax>
        </bndbox>
    </object>    <object>
        <name>head</name>
        <pose>Unspecified</pose>
        <truncated>0</truncated>
        <difficult>0</difficult>
        <bndbox>
            <xmin>835.443359375</xmin>
            <ymin>62.747721354166664</ymin>
            <xmax>1150.3347656250007</xmax>
            <ymax>362.94985758463434</ymax>
        </bndbox>
    </object>    <object>
        <name>head</name>
        <pose>Unspecified</pose>
        <truncated>0</truncated>
        <difficult>0</difficult>
        <bndbox>
            <xmin>209.96061197916666</xmin>
            <ymin>89.11404079861111</ymin>
            <xmax>465.4269748263905</xmax>
            <ymax>377.52528211805554</ymax>
        </bndbox>
    </object>    <object>
        <name>body</name>
        <pose>Unspecified</pose>
        <truncated>0</truncated>
        <difficult>0</difficult>
        <bndbox>
            <xmin>522.7604166666666</xmin>
            <ymin>319.8645833333333</ymin>
            <xmax>710.0557291666664</xmax>
            <ymax>498.41173909505113</ymax>
        </bndbox>
    </object>
</annotation>
