<annotation>
    <folder></folder>
    <filename>frame_000336</filename>
    <path></path>
    <source>
        <database>Unknown</database>
    </source>
    <size>
        <width>1280</width>
        <height>720</height>
        <depth>3</depth>
    </size>
    <segmented>0</segmented>
    <object>
        <name>head</name>
        <pose>Unspecified</pose>
        <truncated>0</truncated>
        <difficult>0</difficult>
        <bndbox>
            <xmin>549.1875</xmin>
            <ymin>204.298828125</ymin>
            <xmax>649.0718750000015</xmax>
            <ymax>316.47792968749854</ymax>
        </bndbox>
    </object>    <object>
        <name>body</name>
        <pose>Unspecified</pose>
        <truncated>0</truncated>
        <difficult>0</difficult>
        <bndbox>
            <xmin>679.6227678571429</xmin>
            <ymin>340.576171875</ymin>
            <xmax>1252.5350765306123</xmax>
            <ymax>714.3726562500015</ymax>
        </bndbox>
    </object>    <object>
        <name>body</name>
        <pose>Unspecified</pose>
        <truncated>0</truncated>
        <difficult>0</difficult>
        <bndbox>
            <xmin>0.0</xmin>
            <ymin>366.583984375</ymin>
            <xmax>529.0867309570312</xmax>
            <ymax>719.0625</ymax>
        </bndbox>
    </object>    <object>
        <name>head</name>
        <pose>Unspecified</pose>
        <truncated>0</truncated>
        <difficult>0</difficult>
        <bndbox>
            <xmin>860.9376775568181</xmin>
            <ymin>54.951171875</ymin>
            <xmax>1175.829083806819</xmax>
            <ymax>355.15330810546766</ymax>
        </bndbox>
    </object>    <object>
        <name>head</name>
        <pose>Unspecified</pose>
        <truncated>0</truncated>
        <difficult>0</difficult>
        <bndbox>
            <xmin>243.380859375</xmin>
            <ymin>110.2197265625</ymin>
            <xmax>521.0808593750007</xmax>
            <ymax>415.40195312500146</ymax>
        </bndbox>
    </object>    <object>
        <name>body</name>
        <pose>Unspecified</pose>
        <truncated>0</truncated>
        <difficult>0</difficult>
        <bndbox>
            <xmin>530.23046875</xmin>
            <ymin>312.0641276041667</ymin>
            <xmax>700.6250339084181</xmax>
            <ymax>471.2920817057263</ymax>
        </bndbox>
    </object>
</annotation>
