<annotation>
    <folder></folder>
    <filename>frame_000081</filename>
    <path></path>
    <source>
        <database>Unknown</database>
    </source>
    <size>
        <width>1280</width>
        <height>720</height>
        <depth>3</depth>
    </size>
    <segmented>0</segmented>
    <object>
        <name>head</name>
        <pose>Unspecified</pose>
        <truncated>0</truncated>
        <difficult>0</difficult>
        <bndbox>
            <xmin>546.119140625</xmin>
            <ymin>208.25390625</ymin>
            <xmax>651.5730468750007</xmax>
            <ymax>341.7925842285149</ymax>
        </bndbox>
    </object>    <object>
        <name>body</name>
        <pose>Unspecified</pose>
        <truncated>0</truncated>
        <difficult>0</difficult>
        <bndbox>
            <xmin>688.4527662627551</xmin>
            <ymin>367.8034651360544</ymin>
            <xmax>1262.4527662627552</xmax>
            <ymax>720.0</ymax>
        </bndbox>
    </object>    <object>
        <name>body</name>
        <pose>Unspecified</pose>
        <truncated>0</truncated>
        <difficult>0</difficult>
        <bndbox>
            <xmin>1.1896602746212122</xmin>
            <ymin>346.9430634469697</ymin>
            <xmax>532.8197028882583</xmax>
            <ymax>718.3242424242429</ymax>
        </bndbox>
    </object>    <object>
        <name>head</name>
        <pose>Unspecified</pose>
        <truncated>0</truncated>
        <difficult>0</difficult>
        <bndbox>
            <xmin>829.1878478167808</xmin>
            <ymin>55.04494194135274</ymin>
            <xmax>1144.0792540667815</xmax>
            <ymax>355.2470781718204</ymax>
        </bndbox>
    </object>    <object>
        <name>head</name>
        <pose>Unspecified</pose>
        <truncated>0</truncated>
        <difficult>0</difficult>
        <bndbox>
            <xmin>107.54145951704547</xmin>
            <ymin>59.33922230113636</ymin>
            <xmax>369.45063920454544</xmax>
            <ymax>353.198206676136</ymax>
        </bndbox>
    </object>    <object>
        <name>body</name>
        <pose>Unspecified</pose>
        <truncated>0</truncated>
        <difficult>0</difficult>
        <bndbox>
            <xmin>526.41015625</xmin>
            <ymin>338.16883680555554</ymin>
            <xmax>754.2101562499993</xmax>
            <ymax>522.2152412590528</ymax>
        </bndbox>
    </object>
</annotation>
