<annotation>
    <folder></folder>
    <filename>frame_000437</filename>
    <path></path>
    <source>
        <database>Unknown</database>
    </source>
    <size>
        <width>1280</width>
        <height>720</height>
        <depth>3</depth>
    </size>
    <segmented>0</segmented>
    <object>
        <name>head</name>
        <pose>Unspecified</pose>
        <truncated>0</truncated>
        <difficult>0</difficult>
        <bndbox>
            <xmin>584.0361328125</xmin>
            <ymin>204.05419921875</ymin>
            <xmax>683.9205078125015</xmax>
            <ymax>316.23330078124854</ymax>
        </bndbox>
    </object>    <object>
        <name>body</name>
        <pose>Unspecified</pose>
        <truncated>0</truncated>
        <difficult>0</difficult>
        <bndbox>
            <xmin>688.244140625</xmin>
            <ymin>345.8289388020833</ymin>
            <xmax>1262.244140625</xmax>
            <ymax>718.3251953125005</ymax>
        </bndbox>
    </object>    <object>
        <name>body</name>
        <pose>Unspecified</pose>
        <truncated>0</truncated>
        <difficult>0</difficult>
        <bndbox>
            <xmin>0.3330078125</xmin>
            <ymin>388.90000000000146</ymin>
            <xmax>485.66986568921857</xmax>
            <ymax>719.1144104003906</ymax>
        </bndbox>
    </object>    <object>
        <name>head</name>
        <pose>Unspecified</pose>
        <truncated>0</truncated>
        <difficult>0</difficult>
        <bndbox>
            <xmin>819.984375</xmin>
            <ymin>57.0517578125</ymin>
            <xmax>1134.8757812500007</xmax>
            <ymax>357.25389404296766</ymax>
        </bndbox>
    </object>    <object>
        <name>head</name>
        <pose>Unspecified</pose>
        <truncated>0</truncated>
        <difficult>0</difficult>
        <bndbox>
            <xmin>0.0</xmin>
            <ymin>49.7333984375</ymin>
            <xmax>295.9046875000022</xmax>
            <ymax>368.92929484049455</ymax>
        </bndbox>
    </object>    <object>
        <name>body</name>
        <pose>Unspecified</pose>
        <truncated>0</truncated>
        <difficult>0</difficult>
        <bndbox>
            <xmin>531.921875</xmin>
            <ymin>322.229248046875</ymin>
            <xmax>731.9117187500015</xmax>
            <ymax>495.6908620733957</ymax>
        </bndbox>
    </object>
</annotation>
