<annotation>
    <folder></folder>
    <filename>frame_000168</filename>
    <path></path>
    <source>
        <database>Unknown</database>
    </source>
    <size>
        <width>1280</width>
        <height>720</height>
        <depth>3</depth>
    </size>
    <segmented>0</segmented>
    <object>
        <name>head</name>
        <pose>Unspecified</pose>
        <truncated>0</truncated>
        <difficult>0</difficult>
        <bndbox>
            <xmin>568.16875</xmin>
            <ymin>191.60576171875</ymin>
            <xmax>696.1015624999993</xmax>
            <ymax>326.21807556152197</ymax>
        </bndbox>
    </object>    <object>
        <name>body</name>
        <pose>Unspecified</pose>
        <truncated>0</truncated>
        <difficult>0</difficult>
        <bndbox>
            <xmin>667.8748804209183</xmin>
            <ymin>368.4681255314626</ymin>
            <xmax>1241.8748804209183</xmax>
            <ymax>720.0</ymax>
        </bndbox>
    </object>    <object>
        <name>body</name>
        <pose>Unspecified</pose>
        <truncated>0</truncated>
        <difficult>0</difficult>
        <bndbox>
            <xmin>11.947591145833332</xmin>
            <ymin>347.1551106770833</ymin>
            <xmax>496.97315538194704</xmax>
            <ymax>716.8931728786883</ymax>
        </bndbox>
    </object>    <object>
        <name>head</name>
        <pose>Unspecified</pose>
        <truncated>0</truncated>
        <difficult>0</difficult>
        <bndbox>
            <xmin>834.0061804366438</xmin>
            <ymin>49.99325770547945</ymin>
            <xmax>1148.8975866866447</xmax>
            <ymax>350.1953939359471</ymax>
        </bndbox>
    </object>    <object>
        <name>head</name>
        <pose>Unspecified</pose>
        <truncated>0</truncated>
        <difficult>0</difficult>
        <bndbox>
            <xmin>170.5094549005682</xmin>
            <ymin>72.92205255681819</ymin>
            <xmax>432.4186345880682</xmax>
            <ymax>366.7810369318178</ymax>
        </bndbox>
    </object>    <object>
        <name>body</name>
        <pose>Unspecified</pose>
        <truncated>0</truncated>
        <difficult>0</difficult>
        <bndbox>
            <xmin>508.57528409090907</xmin>
            <ymin>341.2288263494318</ymin>
            <xmax>736.3752840909084</xmax>
            <ymax>512.9617969859727</ymax>
        </bndbox>
    </object>
</annotation>
