<annotation>
    <folder></folder>
    <filename>frame_000339</filename>
    <path></path>
    <source>
        <database>Unknown</database>
    </source>
    <size>
        <width>1280</width>
        <height>720</height>
        <depth>3</depth>
    </size>
    <segmented>0</segmented>
    <object>
        <name>head</name>
        <pose>Unspecified</pose>
        <truncated>0</truncated>
        <difficult>0</difficult>
        <bndbox>
            <xmin>586.701416015625</xmin>
            <ymin>213.159912109375</ymin>
            <xmax>686.5857910156265</xmax>
            <ymax>325.33901367187354</ymax>
        </bndbox>
    </object>    <object>
        <name>body</name>
        <pose>Unspecified</pose>
        <truncated>0</truncated>
        <difficult>0</difficult>
        <bndbox>
            <xmin>682.0452008928571</xmin>
            <ymin>340.576171875</ymin>
            <xmax>1254.5949457908164</xmax>
            <ymax>714.3726562500015</ymax>
        </bndbox>
    </object>    <object>
        <name>body</name>
        <pose>Unspecified</pose>
        <truncated>0</truncated>
        <difficult>0</difficult>
        <bndbox>
            <xmin>29.74365234375</xmin>
            <ymin>367.4683035714287</ymin>
            <xmax>508.6376255580365</xmax>
            <ymax>716.0482591901507</ymax>
        </bndbox>
    </object>    <object>
        <name>head</name>
        <pose>Unspecified</pose>
        <truncated>0</truncated>
        <difficult>0</difficult>
        <bndbox>
            <xmin>856.739140625</xmin>
            <ymin>55.0713671875</ymin>
            <xmax>1171.6305468750006</xmax>
            <ymax>355.2735034179677</ymax>
        </bndbox>
    </object>    <object>
        <name>head</name>
        <pose>Unspecified</pose>
        <truncated>0</truncated>
        <difficult>0</difficult>
        <bndbox>
            <xmin>226.7744140625</xmin>
            <ymin>51.369140625</ymin>
            <xmax>504.4744140625007</xmax>
            <ymax>356.55136718750146</ymax>
        </bndbox>
    </object>    <object>
        <name>body</name>
        <pose>Unspecified</pose>
        <truncated>0</truncated>
        <difficult>0</difficult>
        <bndbox>
            <xmin>530.91015625</xmin>
            <ymin>324.700927734375</ymin>
            <xmax>706.7088775634747</xmax>
            <ymax>487.66252746581813</ymax>
        </bndbox>
    </object>
</annotation>
