<annotation>
    <folder></folder>
    <filename>frame_000419</filename>
    <path></path>
    <source>
        <database>Unknown</database>
    </source>
    <size>
        <width>1280</width>
        <height>720</height>
        <depth>3</depth>
    </size>
    <segmented>0</segmented>
    <object>
        <name>head</name>
        <pose>Unspecified</pose>
        <truncated>0</truncated>
        <difficult>0</difficult>
        <bndbox>
            <xmin>583.196484375</xmin>
            <ymin>219.25791015625</ymin>
            <xmax>683.0808593750014</xmax>
            <ymax>331.4370117187485</ymax>
        </bndbox>
    </object>    <object>
        <name>body</name>
        <pose>Unspecified</pose>
        <truncated>0</truncated>
        <difficult>0</difficult>
        <bndbox>
            <xmin>688.244140625</xmin>
            <ymin>344.2263997395833</ymin>
            <xmax>1262.244140625</xmax>
            <ymax>717.1193359375008</ymax>
        </bndbox>
    </object>    <object>
        <name>body</name>
        <pose>Unspecified</pose>
        <truncated>0</truncated>
        <difficult>0</difficult>
        <bndbox>
            <xmin>24.16690340909091</xmin>
            <ymin>362.6382812500008</ymin>
            <xmax>518.5856534090959</xmax>
            <ymax>703.1987297058103</ymax>
        </bndbox>
    </object>    <object>
        <name>head</name>
        <pose>Unspecified</pose>
        <truncated>0</truncated>
        <difficult>0</difficult>
        <bndbox>
            <xmin>822.5689655172414</xmin>
            <ymin>60.969255118534484</ymin>
            <xmax>1137.4603717672421</xmax>
            <ymax>361.17139134900214</ymax>
        </bndbox>
    </object>    <object>
        <name>head</name>
        <pose>Unspecified</pose>
        <truncated>0</truncated>
        <difficult>0</difficult>
        <bndbox>
            <xmin>173.08133370535714</xmin>
            <ymin>59.273158482142854</ymin>
            <xmax>450.781333705355</xmax>
            <ymax>364.4553850446443</ymax>
        </bndbox>
    </object>    <object>
        <name>body</name>
        <pose>Unspecified</pose>
        <truncated>0</truncated>
        <difficult>0</difficult>
        <bndbox>
            <xmin>517.952109375</xmin>
            <ymin>317.9808984375</ymin>
            <xmax>717.9419531250014</xmax>
            <ymax>495.00698582699215</ymax>
        </bndbox>
    </object>
</annotation>
