<annotation>
    <folder></folder>
    <filename>frame_000066</filename>
    <path></path>
    <source>
        <database>Unknown</database>
    </source>
    <size>
        <width>1280</width>
        <height>720</height>
        <depth>3</depth>
    </size>
    <segmented>0</segmented>
    <object>
        <name>head</name>
        <pose>Unspecified</pose>
        <truncated>0</truncated>
        <difficult>0</difficult>
        <bndbox>
            <xmin>554.7971540178571</xmin>
            <ymin>190.78864397321428</ymin>
            <xmax>660.2510602678578</xmax>
            <ymax>324.3273219517292</ymax>
        </bndbox>
    </object>    <object>
        <name>body</name>
        <pose>Unspecified</pose>
        <truncated>0</truncated>
        <difficult>0</difficult>
        <bndbox>
            <xmin>692.0006776147959</xmin>
            <ymin>367.68886851615645</ymin>
            <xmax>1266.000677614796</xmax>
            <ymax>720.0</ymax>
        </bndbox>
    </object>    <object>
        <name>body</name>
        <pose>Unspecified</pose>
        <truncated>0</truncated>
        <difficult>0</difficult>
        <bndbox>
            <xmin>1.5381696428571434</xmin>
            <ymin>356.2228515625</ymin>
            <xmax>534.5587053571436</xmax>
            <ymax>717.1787053571431</ymax>
        </bndbox>
    </object>    <object>
        <name>head</name>
        <pose>Unspecified</pose>
        <truncated>0</truncated>
        <difficult>0</difficult>
        <bndbox>
            <xmin>828.3571008133562</xmin>
            <ymin>55.91592198202055</ymin>
            <xmax>1143.2485070633568</xmax>
            <ymax>356.1180582124882</ymax>
        </bndbox>
    </object>    <object>
        <name>head</name>
        <pose>Unspecified</pose>
        <truncated>0</truncated>
        <difficult>0</difficult>
        <bndbox>
            <xmin>141.28746448863637</xmin>
            <ymin>75.9239169034091</ymin>
            <xmax>403.1966441761364</xmax>
            <ymax>369.7829012784087</ymax>
        </bndbox>
    </object>    <object>
        <name>body</name>
        <pose>Unspecified</pose>
        <truncated>0</truncated>
        <difficult>0</difficult>
        <bndbox>
            <xmin>504.25741185897436</xmin>
            <ymin>325.0363581730769</ymin>
            <xmax>732.0574118589736</xmax>
            <ymax>488.73637038010816</ymax>
        </bndbox>
    </object>
</annotation>
