<annotation>
    <folder></folder>
    <filename>frame_000392</filename>
    <path></path>
    <source>
        <database>Unknown</database>
    </source>
    <size>
        <width>1280</width>
        <height>720</height>
        <depth>3</depth>
    </size>
    <segmented>0</segmented>
    <object>
        <name>head</name>
        <pose>Unspecified</pose>
        <truncated>0</truncated>
        <difficult>0</difficult>
        <bndbox>
            <xmin>528.099609375</xmin>
            <ymin>241.78125</ymin>
            <xmax>627.9839843750015</xmax>
            <ymax>353.96035156249854</ymax>
        </bndbox>
    </object>    <object>
        <name>body</name>
        <pose>Unspecified</pose>
        <truncated>0</truncated>
        <difficult>0</difficult>
        <bndbox>
            <xmin>688.244140625</xmin>
            <ymin>341.8225911458333</ymin>
            <xmax>1262.244140625</xmax>
            <ymax>715.3105468750013</ymax>
        </bndbox>
    </object>    <object>
        <name>body</name>
        <pose>Unspecified</pose>
        <truncated>0</truncated>
        <difficult>0</difficult>
        <bndbox>
            <xmin>23.46484375</xmin>
            <ymin>342.7000000000007</ymin>
            <xmax>522.4000000000015</xmax>
            <ymax>705.4386901855469</ymax>
        </bndbox>
    </object>    <object>
        <name>head</name>
        <pose>Unspecified</pose>
        <truncated>0</truncated>
        <difficult>0</difficult>
        <bndbox>
            <xmin>882.4229910714286</xmin>
            <ymin>48.08872767857143</ymin>
            <xmax>1197.3143973214294</xmax>
            <ymax>348.2908639090391</ymax>
        </bndbox>
    </object>    <object>
        <name>head</name>
        <pose>Unspecified</pose>
        <truncated>0</truncated>
        <difficult>0</difficult>
        <bndbox>
            <xmin>159.5595703125</xmin>
            <ymin>49.5078125</ymin>
            <xmax>427.7897786458361</xmax>
            <ymax>340.9386820475265</ymax>
        </bndbox>
    </object>    <object>
        <name>body</name>
        <pose>Unspecified</pose>
        <truncated>0</truncated>
        <difficult>0</difficult>
        <bndbox>
            <xmin>511.84375</xmin>
            <ymin>371.615234375</ymin>
            <xmax>711.8335937500015</xmax>
            <ymax>530.8431884765596</ymax>
        </bndbox>
    </object>
</annotation>
