<annotation>
    <folder></folder>
    <filename>frame_000187</filename>
    <path></path>
    <source>
        <database>Unknown</database>
    </source>
    <size>
        <width>1280</width>
        <height>720</height>
        <depth>3</depth>
    </size>
    <segmented>0</segmented>
    <object>
        <name>head</name>
        <pose>Unspecified</pose>
        <truncated>0</truncated>
        <difficult>0</difficult>
        <bndbox>
            <xmin>583.7578125</xmin>
            <ymin>189.25</ymin>
            <xmax>711.6906249999993</xmax>
            <ymax>323.862313842772</ymax>
        </bndbox>
    </object>    <object>
        <name>body</name>
        <pose>Unspecified</pose>
        <truncated>0</truncated>
        <difficult>0</difficult>
        <bndbox>
            <xmin>663.380859375</xmin>
            <ymin>368.61328125</ymin>
            <xmax>1237.380859375</xmax>
            <ymax>720.0</ymax>
        </bndbox>
    </object>    <object>
        <name>body</name>
        <pose>Unspecified</pose>
        <truncated>0</truncated>
        <difficult>0</difficult>
        <bndbox>
            <xmin>8.859266493055555</xmin>
            <ymin>323.39995659722223</ymin>
            <xmax>480.6212528935201</xmax>
            <ymax>715.104393627024</ymax>
        </bndbox>
    </object>    <object>
        <name>head</name>
        <pose>Unspecified</pose>
        <truncated>0</truncated>
        <difficult>0</difficult>
        <bndbox>
            <xmin>835.058459974315</xmin>
            <ymin>48.89001632063356</ymin>
            <xmax>1149.9498662243159</xmax>
            <ymax>349.0921525511012</ymax>
        </bndbox>
    </object>    <object>
        <name>head</name>
        <pose>Unspecified</pose>
        <truncated>0</truncated>
        <difficult>0</difficult>
        <bndbox>
            <xmin>192.34241832386363</xmin>
            <ymin>38.72913707386364</ymin>
            <xmax>454.2515980113636</xmax>
            <ymax>332.58812144886326</ymax>
        </bndbox>
    </object>    <object>
        <name>body</name>
        <pose>Unspecified</pose>
        <truncated>0</truncated>
        <difficult>0</difficult>
        <bndbox>
            <xmin>490.568359375</xmin>
            <ymin>293.4892578125</ymin>
            <xmax>718.3683593749993</xmax>
            <ymax>457.18927001953125</ymax>
        </bndbox>
    </object>
</annotation>
