<annotation>
    <folder></folder>
    <filename>frame_000468</filename>
    <path></path>
    <source>
        <database>Unknown</database>
    </source>
    <size>
        <width>1280</width>
        <height>720</height>
        <depth>3</depth>
    </size>
    <segmented>0</segmented>
    <object>
        <name>head</name>
        <pose>Unspecified</pose>
        <truncated>0</truncated>
        <difficult>0</difficult>
        <bndbox>
            <xmin>570.3779296875</xmin>
            <ymin>208.6932812500001</ymin>
            <xmax>672.1336328125013</xmax>
            <ymax>321.8035154724108</ymax>
        </bndbox>
    </object>    <object>
        <name>body</name>
        <pose>Unspecified</pose>
        <truncated>0</truncated>
        <difficult>0</difficult>
        <bndbox>
            <xmin>688.244140625</xmin>
            <ymin>360.0741071428573</ymin>
            <xmax>1262.244140625</xmax>
            <ymax>720.0</ymax>
        </bndbox>
    </object>    <object>
        <name>body</name>
        <pose>Unspecified</pose>
        <truncated>0</truncated>
        <difficult>0</difficult>
        <bndbox>
            <xmin>7.9055397727272725</xmin>
            <ymin>360.26162997159093</ymin>
            <xmax>525.0766205018928</xmax>
            <ymax>720.0</ymax>
        </bndbox>
    </object>    <object>
        <name>head</name>
        <pose>Unspecified</pose>
        <truncated>0</truncated>
        <difficult>0</difficult>
        <bndbox>
            <xmin>862.533203125</xmin>
            <ymin>59.287109375</ymin>
            <xmax>1157.8946634615422</xmax>
            <ymax>351.243423978367</ymax>
        </bndbox>
    </object>    <object>
        <name>head</name>
        <pose>Unspecified</pose>
        <truncated>0</truncated>
        <difficult>0</difficult>
        <bndbox>
            <xmin>138.61002604166666</xmin>
            <ymin>52.988606770833336</ymin>
            <xmax>416.3100260416674</xmax>
            <ymax>358.17083333333477</ymax>
        </bndbox>
    </object>    <object>
        <name>body</name>
        <pose>Unspecified</pose>
        <truncated>0</truncated>
        <difficult>0</difficult>
        <bndbox>
            <xmin>520.322265625</xmin>
            <ymin>325.0728236607143</ymin>
            <xmax>726.3779130102911</xmax>
            <ymax>489.5639200928209</ymax>
        </bndbox>
    </object>
</annotation>
