<annotation>
    <folder></folder>
    <filename>frame_000352</filename>
    <path></path>
    <source>
        <database>Unknown</database>
    </source>
    <size>
        <width>1280</width>
        <height>720</height>
        <depth>3</depth>
    </size>
    <segmented>0</segmented>
    <object>
        <name>head</name>
        <pose>Unspecified</pose>
        <truncated>0</truncated>
        <difficult>0</difficult>
        <bndbox>
            <xmin>556.021484375</xmin>
            <ymin>209.947265625</ymin>
            <xmax>655.9058593750015</xmax>
            <ymax>322.12636718749854</ymax>
        </bndbox>
    </object>    <object>
        <name>body</name>
        <pose>Unspecified</pose>
        <truncated>0</truncated>
        <difficult>0</difficult>
        <bndbox>
            <xmin>692.5424107142857</xmin>
            <ymin>340.576171875</ymin>
            <xmax>1263.5210459183672</xmax>
            <ymax>714.3726562500015</ymax>
        </bndbox>
    </object>    <object>
        <name>body</name>
        <pose>Unspecified</pose>
        <truncated>0</truncated>
        <difficult>0</difficult>
        <bndbox>
            <xmin>27.6171875</xmin>
            <ymin>415.40000000000146</ymin>
            <xmax>500.40000000000146</xmax>
            <ymax>713.2986755371094</ymax>
        </bndbox>
    </object>    <object>
        <name>head</name>
        <pose>Unspecified</pose>
        <truncated>0</truncated>
        <difficult>0</difficult>
        <bndbox>
            <xmin>830.877265625</xmin>
            <ymin>56.63390625</ymin>
            <xmax>1145.7686718750008</xmax>
            <ymax>356.83604248046765</ymax>
        </bndbox>
    </object>    <object>
        <name>head</name>
        <pose>Unspecified</pose>
        <truncated>0</truncated>
        <difficult>0</difficult>
        <bndbox>
            <xmin>108.2041015625</xmin>
            <ymin>68.40000000000146</ymin>
            <xmax>374.10000000000036</xmax>
            <ymax>433.0321350097656</ymax>
        </bndbox>
    </object>    <object>
        <name>body</name>
        <pose>Unspecified</pose>
        <truncated>0</truncated>
        <difficult>0</difficult>
        <bndbox>
            <xmin>527.3978515625004</xmin>
            <ymin>302.927001953125</ymin>
            <xmax>728.40705451965</xmax>
            <ymax>489.62790985107495</ymax>
        </bndbox>
    </object>
</annotation>
