<annotation>
    <folder></folder>
    <filename>frame_000269</filename>
    <path></path>
    <source>
        <database>Unknown</database>
    </source>
    <size>
        <width>1280</width>
        <height>720</height>
        <depth>3</depth>
    </size>
    <segmented>0</segmented>
    <object>
        <name>head</name>
        <pose>Unspecified</pose>
        <truncated>0</truncated>
        <difficult>0</difficult>
        <bndbox>
            <xmin>586.7447415865385</xmin>
            <ymin>214.79559795673077</ymin>
            <xmax>686.6291165865399</xmax>
            <ymax>326.9746995192293</ymax>
        </bndbox>
    </object>    <object>
        <name>body</name>
        <pose>Unspecified</pose>
        <truncated>0</truncated>
        <difficult>0</difficult>
        <bndbox>
            <xmin>701.513671875</xmin>
            <ymin>360.58070549242467</ymin>
            <xmax>1275.513671875</xmax>
            <ymax>707.7440627959288</ymax>
        </bndbox>
    </object>    <object>
        <name>body</name>
        <pose>Unspecified</pose>
        <truncated>0</truncated>
        <difficult>0</difficult>
        <bndbox>
            <xmin>7.91650390625</xmin>
            <ymin>359.1549072265625</ymin>
            <xmax>529.9006835937507</xmax>
            <ymax>719.3000000000002</ymax>
        </bndbox>
    </object>    <object>
        <name>head</name>
        <pose>Unspecified</pose>
        <truncated>0</truncated>
        <difficult>0</difficult>
        <bndbox>
            <xmin>834.985546875</xmin>
            <ymin>59.367513020833336</ymin>
            <xmax>1149.8769531250007</xmax>
            <ymax>359.569649251301</ymax>
        </bndbox>
    </object>    <object>
        <name>head</name>
        <pose>Unspecified</pose>
        <truncated>0</truncated>
        <difficult>0</difficult>
        <bndbox>
            <xmin>213.54915364583334</xmin>
            <ymin>87.82280815972223</ymin>
            <xmax>460.2853949652781</xmax>
            <ymax>388.6745876736111</ymax>
        </bndbox>
    </object>    <object>
        <name>body</name>
        <pose>Unspecified</pose>
        <truncated>0</truncated>
        <difficult>0</difficult>
        <bndbox>
            <xmin>520.7413862179487</xmin>
            <ymin>320.8111979166667</ymin>
            <xmax>714.2681891025638</xmax>
            <ymax>502.4231561122784</ymax>
        </bndbox>
    </object>
</annotation>
