<annotation>
    <folder></folder>
    <filename>frame_000060</filename>
    <path></path>
    <source>
        <database>Unknown</database>
    </source>
    <size>
        <width>1280</width>
        <height>720</height>
        <depth>3</depth>
    </size>
    <segmented>0</segmented>
    <object>
        <name>head</name>
        <pose>Unspecified</pose>
        <truncated>0</truncated>
        <difficult>0</difficult>
        <bndbox>
            <xmin>562.744140625</xmin>
            <ymin>200.3017578125</ymin>
            <xmax>668.1980468750007</xmax>
            <ymax>333.8404357910149</ymax>
        </bndbox>
    </object>    <object>
        <name>body</name>
        <pose>Unspecified</pose>
        <truncated>0</truncated>
        <difficult>0</difficult>
        <bndbox>
            <xmin>693.4198421556123</xmin>
            <ymin>367.6430298681973</ymin>
            <xmax>1267.4198421556123</xmax>
            <ymax>720.0</ymax>
        </bndbox>
    </object>    <object>
        <name>body</name>
        <pose>Unspecified</pose>
        <truncated>0</truncated>
        <difficult>0</difficult>
        <bndbox>
            <xmin>2.6917968750000005</xmin>
            <ymin>356.2369140625</ymin>
            <xmax>550.2027343750008</xmax>
            <ymax>715.0627343750006</ymax>
        </bndbox>
    </object>    <object>
        <name>head</name>
        <pose>Unspecified</pose>
        <truncated>0</truncated>
        <difficult>0</difficult>
        <bndbox>
            <xmin>828.0248020119863</xmin>
            <ymin>56.26431399828767</ymin>
            <xmax>1142.916208261987</xmax>
            <ymax>356.4664502287553</ymax>
        </bndbox>
    </object>    <object>
        <name>head</name>
        <pose>Unspecified</pose>
        <truncated>0</truncated>
        <difficult>0</difficult>
        <bndbox>
            <xmin>194.40771484375</xmin>
            <ymin>78.18115234375</ymin>
            <xmax>456.31689453125</xmax>
            <ymax>372.04013671874964</ymax>
        </bndbox>
    </object>    <object>
        <name>body</name>
        <pose>Unspecified</pose>
        <truncated>0</truncated>
        <difficult>0</difficult>
        <bndbox>
            <xmin>505.6378205128205</xmin>
            <ymin>325.89903846153845</ymin>
            <xmax>733.4378205128198</xmax>
            <ymax>489.5990506685697</ymax>
        </bndbox>
    </object>
</annotation>
