<annotation>
    <folder></folder>
    <filename>frame_000224</filename>
    <path></path>
    <source>
        <database>Unknown</database>
    </source>
    <size>
        <width>1280</width>
        <height>720</height>
        <depth>3</depth>
    </size>
    <segmented>0</segmented>
    <object>
        <name>head</name>
        <pose>Unspecified</pose>
        <truncated>0</truncated>
        <difficult>0</difficult>
        <bndbox>
            <xmin>565.458984375</xmin>
            <ymin>182.0537109375</ymin>
            <xmax>693.3917968749993</xmax>
            <ymax>316.666024780272</ymax>
        </bndbox>
    </object>    <object>
        <name>body</name>
        <pose>Unspecified</pose>
        <truncated>0</truncated>
        <difficult>0</difficult>
        <bndbox>
            <xmin>698.6536207932693</xmin>
            <ymin>365.7843674879808</ymin>
            <xmax>1272.6536207932693</xmax>
            <ymax>717.1710862379807</ymax>
        </bndbox>
    </object>    <object>
        <name>body</name>
        <pose>Unspecified</pose>
        <truncated>0</truncated>
        <difficult>0</difficult>
        <bndbox>
            <xmin>4.40625</xmin>
            <ymin>318.60000000000036</ymin>
            <xmax>531.9978515625007</xmax>
            <ymax>699.7964782714844</ymax>
        </bndbox>
    </object>    <object>
        <name>head</name>
        <pose>Unspecified</pose>
        <truncated>0</truncated>
        <difficult>0</difficult>
        <bndbox>
            <xmin>837.108034620098</xmin>
            <ymin>56.96897977941177</ymin>
            <xmax>1151.9994408700989</xmax>
            <ymax>357.1711160098794</ymax>
        </bndbox>
    </object>    <object>
        <name>head</name>
        <pose>Unspecified</pose>
        <truncated>0</truncated>
        <difficult>0</difficult>
        <bndbox>
            <xmin>171.24609375</xmin>
            <ymin>32.8916015625</ymin>
            <xmax>415.0657421875003</xmax>
            <ymax>310.6086694335936</ymax>
        </bndbox>
    </object>    <object>
        <name>body</name>
        <pose>Unspecified</pose>
        <truncated>0</truncated>
        <difficult>0</difficult>
        <bndbox>
            <xmin>494.51953125</xmin>
            <ymin>320.8046875</ymin>
            <xmax>722.3195312499993</xmax>
            <ymax>519.2730590820283</ymax>
        </bndbox>
    </object>
</annotation>
