<annotation>
    <folder></folder>
    <filename>frame_000087</filename>
    <path></path>
    <source>
        <database>Unknown</database>
    </source>
    <size>
        <width>1280</width>
        <height>720</height>
        <depth>3</depth>
    </size>
    <segmented>0</segmented>
    <object>
        <name>head</name>
        <pose>Unspecified</pose>
        <truncated>0</truncated>
        <difficult>0</difficult>
        <bndbox>
            <xmin>603.2890625</xmin>
            <ymin>197.2333984375</ymin>
            <xmax>708.7429687500007</xmax>
            <ymax>330.7720764160149</ymax>
        </bndbox>
    </object>    <object>
        <name>body</name>
        <pose>Unspecified</pose>
        <truncated>0</truncated>
        <difficult>0</difficult>
        <bndbox>
            <xmin>687.0336017219388</xmin>
            <ymin>367.8493037840136</ymin>
            <xmax>1261.0336017219388</xmax>
            <ymax>720.0</ymax>
        </bndbox>
    </object>    <object>
        <name>body</name>
        <pose>Unspecified</pose>
        <truncated>0</truncated>
        <difficult>0</difficult>
        <bndbox>
            <xmin>2.209369081439394</xmin>
            <ymin>339.0050307765151</ymin>
            <xmax>549.208019649622</xmax>
            <ymax>716.8878787878797</ymax>
        </bndbox>
    </object>    <object>
        <name>head</name>
        <pose>Unspecified</pose>
        <truncated>0</truncated>
        <difficult>0</difficult>
        <bndbox>
            <xmin>829.5201466181506</xmin>
            <ymin>54.69654992508562</ymin>
            <xmax>1144.4115528681514</xmax>
            <ymax>354.89868615555326</ymax>
        </bndbox>
    </object>    <object>
        <name>head</name>
        <pose>Unspecified</pose>
        <truncated>0</truncated>
        <difficult>0</difficult>
        <bndbox>
            <xmin>138.38191105769232</xmin>
            <ymin>60.39175180288461</ymin>
            <xmax>400.2910907451923</xmax>
            <ymax>354.2507361778843</ymax>
        </bndbox>
    </object>    <object>
        <name>body</name>
        <pose>Unspecified</pose>
        <truncated>0</truncated>
        <difficult>0</difficult>
        <bndbox>
            <xmin>514.9375</xmin>
            <ymin>324.8205295138889</ymin>
            <xmax>742.7374999999993</xmax>
            <ymax>507.59528445198197</ymax>
        </bndbox>
    </object>
</annotation>
