<annotation>
    <folder></folder>
    <filename>frame_000387</filename>
    <path></path>
    <source>
        <database>Unknown</database>
    </source>
    <size>
        <width>1280</width>
        <height>720</height>
        <depth>3</depth>
    </size>
    <segmented>0</segmented>
    <object>
        <name>head</name>
        <pose>Unspecified</pose>
        <truncated>0</truncated>
        <difficult>0</difficult>
        <bndbox>
            <xmin>612.392578125</xmin>
            <ymin>224.03515625</ymin>
            <xmax>712.2769531250015</xmax>
            <ymax>336.21425781249854</ymax>
        </bndbox>
    </object>    <object>
        <name>body</name>
        <pose>Unspecified</pose>
        <truncated>0</truncated>
        <difficult>0</difficult>
        <bndbox>
            <xmin>688.244140625</xmin>
            <ymin>341.37744140625</ymin>
            <xmax>1262.244140625</xmax>
            <ymax>714.9755859375013</ymax>
        </bndbox>
    </object>    <object>
        <name>body</name>
        <pose>Unspecified</pose>
        <truncated>0</truncated>
        <difficult>0</difficult>
        <bndbox>
            <xmin>23.429161658653847</xmin>
            <ymin>334.5412710336543</ymin>
            <xmax>522.4000000000015</xmax>
            <ymax>706.2563664362978</ymax>
        </bndbox>
    </object>    <object>
        <name>head</name>
        <pose>Unspecified</pose>
        <truncated>0</truncated>
        <difficult>0</difficult>
        <bndbox>
            <xmin>900.6337890625</xmin>
            <ymin>43.3154296875</ymin>
            <xmax>1215.5251953125007</xmax>
            <ymax>343.51756591796766</ymax>
        </bndbox>
    </object>    <object>
        <name>head</name>
        <pose>Unspecified</pose>
        <truncated>0</truncated>
        <difficult>0</difficult>
        <bndbox>
            <xmin>110.00987413194444</xmin>
            <ymin>60.028645833333336</ymin>
            <xmax>370.3485894097252</xmax>
            <ymax>340.0000512017141</ymax>
        </bndbox>
    </object>    <object>
        <name>body</name>
        <pose>Unspecified</pose>
        <truncated>0</truncated>
        <difficult>0</difficult>
        <bndbox>
            <xmin>514.555078125</xmin>
            <ymin>330.95859375</ymin>
            <xmax>714.5449218750015</xmax>
            <ymax>494.6643945312477</ymax>
        </bndbox>
    </object>
</annotation>
