<annotation>
    <folder></folder>
    <filename>frame_000394</filename>
    <path></path>
    <source>
        <database>Unknown</database>
    </source>
    <size>
        <width>1280</width>
        <height>720</height>
        <depth>3</depth>
    </size>
    <segmented>0</segmented>
    <object>
        <name>head</name>
        <pose>Unspecified</pose>
        <truncated>0</truncated>
        <difficult>0</difficult>
        <bndbox>
            <xmin>560.23046875</xmin>
            <ymin>208.60000000000036</ymin>
            <xmax>699.6000000000022</xmax>
            <ymax>333.8333969116211</ymax>
        </bndbox>
    </object>    <object>
        <name>body</name>
        <pose>Unspecified</pose>
        <truncated>0</truncated>
        <difficult>0</difficult>
        <bndbox>
            <xmin>688.244140625</xmin>
            <ymin>342.0006510416667</ymin>
            <xmax>1262.244140625</xmax>
            <ymax>715.4445312500012</ymax>
        </bndbox>
    </object>    <object>
        <name>body</name>
        <pose>Unspecified</pose>
        <truncated>0</truncated>
        <difficult>0</difficult>
        <bndbox>
            <xmin>23.479090073529413</xmin>
            <ymin>349.07647058823613</ymin>
            <xmax>522.07969771242</xmax>
            <ymax>704.951748118681</ymax>
        </bndbox>
    </object>    <object>
        <name>head</name>
        <pose>Unspecified</pose>
        <truncated>0</truncated>
        <difficult>0</difficult>
        <bndbox>
            <xmin>875.138671875</xmin>
            <ymin>49.998046875</ymin>
            <xmax>1190.0300781250007</xmax>
            <ymax>350.20018310546766</ymax>
        </bndbox>
    </object>    <object>
        <name>head</name>
        <pose>Unspecified</pose>
        <truncated>0</truncated>
        <difficult>0</difficult>
        <bndbox>
            <xmin>125.369140625</xmin>
            <ymin>39.28125</ymin>
            <xmax>436.0196228027344</xmax>
            <ymax>361.4609375</ymax>
        </bndbox>
    </object>    <object>
        <name>body</name>
        <pose>Unspecified</pose>
        <truncated>0</truncated>
        <difficult>0</difficult>
        <bndbox>
            <xmin>516.95234375</xmin>
            <ymin>332.6716796875</ymin>
            <xmax>716.9421875000014</xmax>
            <ymax>527.0816455078136</ymax>
        </bndbox>
    </object>
</annotation>
