<annotation>
    <folder></folder>
    <filename>frame_000492</filename>
    <path></path>
    <source>
        <database>Unknown</database>
    </source>
    <size>
        <width>1280</width>
        <height>720</height>
        <depth>3</depth>
    </size>
    <segmented>0</segmented>
    <object>
        <name>head</name>
        <pose>Unspecified</pose>
        <truncated>0</truncated>
        <difficult>0</difficult>
        <bndbox>
            <xmin>556.0584788602941</xmin>
            <ymin>224.703125</ymin>
            <xmax>676.272679227942</xmax>
            <ymax>333.28780903535613</ymax>
        </bndbox>
    </object>    <object>
        <name>body</name>
        <pose>Unspecified</pose>
        <truncated>0</truncated>
        <difficult>0</difficult>
        <bndbox>
            <xmin>679.6174958881579</xmin>
            <ymin>361.14654605263166</ymin>
            <xmax>1256.7342722039473</xmax>
            <ymax>709.8105263157908</ymax>
        </bndbox>
    </object>    <object>
        <name>body</name>
        <pose>Unspecified</pose>
        <truncated>0</truncated>
        <difficult>0</difficult>
        <bndbox>
            <xmin>17.502511160714285</xmin>
            <ymin>351.88881138392856</ymin>
            <xmax>512.5426543898783</xmax>
            <ymax>720.0</ymax>
        </bndbox>
    </object>    <object>
        <name>head</name>
        <pose>Unspecified</pose>
        <truncated>0</truncated>
        <difficult>0</difficult>
        <bndbox>
            <xmin>800.442228618421</xmin>
            <ymin>64.94793379934211</ymin>
            <xmax>1107.2358524164983</xmax>
            <ymax>361.7310708185715</ymax>
        </bndbox>
    </object>    <object>
        <name>head</name>
        <pose>Unspecified</pose>
        <truncated>0</truncated>
        <difficult>0</difficult>
        <bndbox>
            <xmin>100.273209635417</xmin>
            <ymin>63.985188802083336</ymin>
            <xmax>431.21179690890847</xmax>
            <ymax>371.28538479275164</ymax>
        </bndbox>
    </object>    <object>
        <name>body</name>
        <pose>Unspecified</pose>
        <truncated>0</truncated>
        <difficult>0</difficult>
        <bndbox>
            <xmin>519.406005859375</xmin>
            <ymin>317.53485107421875</ymin>
            <xmax>732.7406176070092</xmax>
            <ymax>488.341718302981</ymax>
        </bndbox>
    </object>
</annotation>
