<annotation>
    <folder></folder>
    <filename>frame_000070</filename>
    <path></path>
    <source>
        <database>Unknown</database>
    </source>
    <size>
        <width>1280</width>
        <height>720</height>
        <depth>3</depth>
    </size>
    <segmented>0</segmented>
    <object>
        <name>head</name>
        <pose>Unspecified</pose>
        <truncated>0</truncated>
        <difficult>0</difficult>
        <bndbox>
            <xmin>606.916015625</xmin>
            <ymin>188.502197265625</ymin>
            <xmax>712.3699218750007</xmax>
            <ymax>322.0408752441399</ymax>
        </bndbox>
    </object>    <object>
        <name>body</name>
        <pose>Unspecified</pose>
        <truncated>0</truncated>
        <difficult>0</difficult>
        <bndbox>
            <xmin>691.0545679209183</xmin>
            <ymin>367.7194276147959</ymin>
            <xmax>1265.0545679209183</xmax>
            <ymax>720.0</ymax>
        </bndbox>
    </object>    <object>
        <name>body</name>
        <pose>Unspecified</pose>
        <truncated>0</truncated>
        <difficult>0</difficult>
        <bndbox>
            <xmin>0.7690848214285717</xmin>
            <ymin>356.2134765625</ymin>
            <xmax>524.1293526785721</xmax>
            <ymax>718.5893526785716</ymax>
        </bndbox>
    </object>    <object>
        <name>head</name>
        <pose>Unspecified</pose>
        <truncated>0</truncated>
        <difficult>0</difficult>
        <bndbox>
            <xmin>828.5786333476027</xmin>
            <ymin>55.683660637842465</ymin>
            <xmax>1143.4700395976035</xmax>
            <ymax>355.88579686831014</ymax>
        </bndbox>
    </object>    <object>
        <name>head</name>
        <pose>Unspecified</pose>
        <truncated>0</truncated>
        <difficult>0</difficult>
        <bndbox>
            <xmin>132.28852982954547</xmin>
            <ymin>71.50133167613636</ymin>
            <xmax>394.19770951704544</xmax>
            <ymax>365.360316051136</ymax>
        </bndbox>
    </object>    <object>
        <name>body</name>
        <pose>Unspecified</pose>
        <truncated>0</truncated>
        <difficult>0</difficult>
        <bndbox>
            <xmin>513.841796875</xmin>
            <ymin>325.748779296875</ymin>
            <xmax>741.6417968749993</xmax>
            <ymax>506.29814758300836</ymax>
        </bndbox>
    </object>
</annotation>
