<annotation>
    <folder></folder>
    <filename>frame_000319</filename>
    <path></path>
    <source>
        <database>Unknown</database>
    </source>
    <size>
        <width>1280</width>
        <height>720</height>
        <depth>3</depth>
    </size>
    <segmented>0</segmented>
    <object>
        <name>head</name>
        <pose>Unspecified</pose>
        <truncated>0</truncated>
        <difficult>0</difficult>
        <bndbox>
            <xmin>597.0998883928571</xmin>
            <ymin>215.88518415178572</ymin>
            <xmax>696.9842633928586</xmax>
            <ymax>328.06428571428427</ymax>
        </bndbox>
    </object>    <object>
        <name>body</name>
        <pose>Unspecified</pose>
        <truncated>0</truncated>
        <difficult>0</difficult>
        <bndbox>
            <xmin>680.4308035714286</xmin>
            <ymin>347.91434151785717</ymin>
            <xmax>1254.4308035714287</xmax>
            <ymax>715.980468750001</ymax>
        </bndbox>
    </object>    <object>
        <name>body</name>
        <pose>Unspecified</pose>
        <truncated>0</truncated>
        <difficult>0</difficult>
        <bndbox>
            <xmin>33.881510416666664</xmin>
            <ymin>349.4594401041674</ymin>
            <xmax>524.6109375000015</xmax>
            <ymax>717.981762695313</ymax>
        </bndbox>
    </object>    <object>
        <name>head</name>
        <pose>Unspecified</pose>
        <truncated>0</truncated>
        <difficult>0</difficult>
        <bndbox>
            <xmin>870.87890625</xmin>
            <ymin>60.334765625</ymin>
            <xmax>1185.7703125000007</xmax>
            <ymax>360.53690185546765</ymax>
        </bndbox>
    </object>    <object>
        <name>head</name>
        <pose>Unspecified</pose>
        <truncated>0</truncated>
        <difficult>0</difficult>
        <bndbox>
            <xmin>159.0435546875</xmin>
            <ymin>74.9287109375</ymin>
            <xmax>429.52074218750204</xmax>
            <ymax>371.11140625000155</ymax>
        </bndbox>
    </object>    <object>
        <name>body</name>
        <pose>Unspecified</pose>
        <truncated>0</truncated>
        <difficult>0</difficult>
        <bndbox>
            <xmin>504.0205078125</xmin>
            <ymin>313.828125</ymin>
            <xmax>691.6568359374996</xmax>
            <ymax>504.4484130859346</ymax>
        </bndbox>
    </object>
</annotation>
