<annotation>
    <folder></folder>
    <filename>frame_000078</filename>
    <path></path>
    <source>
        <database>Unknown</database>
    </source>
    <size>
        <width>1280</width>
        <height>720</height>
        <depth>3</depth>
    </size>
    <segmented>0</segmented>
    <object>
        <name>head</name>
        <pose>Unspecified</pose>
        <truncated>0</truncated>
        <difficult>0</difficult>
        <bndbox>
            <xmin>516.876953125</xmin>
            <ymin>194.298828125</ymin>
            <xmax>622.3308593750007</xmax>
            <ymax>327.8375061035149</ymax>
        </bndbox>
    </object>    <object>
        <name>body</name>
        <pose>Unspecified</pose>
        <truncated>0</truncated>
        <difficult>0</difficult>
        <bndbox>
            <xmin>689.1623485331633</xmin>
            <ymin>367.7805458120748</ymin>
            <xmax>1263.1623485331634</xmax>
            <ymax>720.0</ymax>
        </bndbox>
    </object>    <object>
        <name>body</name>
        <pose>Unspecified</pose>
        <truncated>0</truncated>
        <difficult>0</difficult>
        <bndbox>
            <xmin>0.6798058712121212</xmin>
            <ymin>350.912079782197</ymin>
            <xmax>524.6255445075765</xmax>
            <ymax>719.0424242424245</ymax>
        </bndbox>
    </object>    <object>
        <name>head</name>
        <pose>Unspecified</pose>
        <truncated>0</truncated>
        <difficult>0</difficult>
        <bndbox>
            <xmin>829.0216984160959</xmin>
            <ymin>55.2191379494863</ymin>
            <xmax>1143.9131046660966</xmax>
            <ymax>355.42127417995397</ymax>
        </bndbox>
    </object>    <object>
        <name>head</name>
        <pose>Unspecified</pose>
        <truncated>0</truncated>
        <difficult>0</difficult>
        <bndbox>
            <xmin>114.29066051136364</xmin>
            <ymin>62.65616122159091</ymin>
            <xmax>376.1998401988636</xmax>
            <ymax>356.5151455965905</ymax>
        </bndbox>
    </object>    <object>
        <name>body</name>
        <pose>Unspecified</pose>
        <truncated>0</truncated>
        <difficult>0</difficult>
        <bndbox>
            <xmin>507.8359375</xmin>
            <ymin>322.8955078125</ymin>
            <xmax>735.6359374999993</xmax>
            <ymax>507.5777370236974</ymax>
        </bndbox>
    </object>
</annotation>
