<annotation>
    <folder></folder>
    <filename>frame_000428</filename>
    <path></path>
    <source>
        <database>Unknown</database>
    </source>
    <size>
        <width>1280</width>
        <height>720</height>
        <depth>3</depth>
    </size>
    <segmented>0</segmented>
    <object>
        <name>head</name>
        <pose>Unspecified</pose>
        <truncated>0</truncated>
        <difficult>0</difficult>
        <bndbox>
            <xmin>596.654296875</xmin>
            <ymin>201.5927734375</ymin>
            <xmax>696.5386718750015</xmax>
            <ymax>313.77187499999854</ymax>
        </bndbox>
    </object>    <object>
        <name>body</name>
        <pose>Unspecified</pose>
        <truncated>0</truncated>
        <difficult>0</difficult>
        <bndbox>
            <xmin>688.244140625</xmin>
            <ymin>345.0276692708333</ymin>
            <xmax>1262.244140625</xmax>
            <ymax>717.7222656250005</ymax>
        </bndbox>
    </object>    <object>
        <name>body</name>
        <pose>Unspecified</pose>
        <truncated>0</truncated>
        <difficult>0</difficult>
        <bndbox>
            <xmin>24.995871803977273</xmin>
            <ymin>362.39570312500035</ymin>
            <xmax>517.9091530539819</xmax>
            <ymax>707.5078411102288</ymax>
        </bndbox>
    </object>    <object>
        <name>head</name>
        <pose>Unspecified</pose>
        <truncated>0</truncated>
        <difficult>0</difficult>
        <bndbox>
            <xmin>821.2766702586207</xmin>
            <ymin>59.01050646551724</ymin>
            <xmax>1136.1680765086214</xmax>
            <ymax>359.2126426959849</ymax>
        </bndbox>
    </object>    <object>
        <name>head</name>
        <pose>Unspecified</pose>
        <truncated>0</truncated>
        <difficult>0</difficult>
        <bndbox>
            <xmin>140.6649169921875</xmin>
            <ymin>59.3284912109375</ymin>
            <xmax>429.4682861328117</xmax>
            <ymax>369.7658439636243</ymax>
        </bndbox>
    </object>    <object>
        <name>body</name>
        <pose>Unspecified</pose>
        <truncated>0</truncated>
        <difficult>0</difficult>
        <bndbox>
            <xmin>524.503828125</xmin>
            <ymin>310.3885546875</ymin>
            <xmax>724.4936718750015</xmax>
            <ymax>481.89108347039206</ymax>
        </bndbox>
    </object>
</annotation>
