<annotation>
    <folder></folder>
    <filename>frame_000488</filename>
    <path></path>
    <source>
        <database>Unknown</database>
    </source>
    <size>
        <width>1280</width>
        <height>720</height>
        <depth>3</depth>
    </size>
    <segmented>0</segmented>
    <object>
        <name>head</name>
        <pose>Unspecified</pose>
        <truncated>0</truncated>
        <difficult>0</difficult>
        <bndbox>
            <xmin>566.5368795955883</xmin>
            <ymin>219.60546875</ymin>
            <xmax>680.4957490808835</xmax>
            <ymax>329.29612740909226</ymax>
        </bndbox>
    </object>    <object>
        <name>body</name>
        <pose>Unspecified</pose>
        <truncated>0</truncated>
        <difficult>0</difficult>
        <bndbox>
            <xmin>681.7741570723684</xmin>
            <ymin>364.8849095394738</ymin>
            <xmax>1258.1117393092106</xmax>
            <ymax>712.357894736843</ymax>
        </bndbox>
    </object>    <object>
        <name>body</name>
        <pose>Unspecified</pose>
        <truncated>0</truncated>
        <difficult>0</difficult>
        <bndbox>
            <xmin>15.902994791666668</xmin>
            <ymin>353.7809244791667</ymin>
            <xmax>514.631627604164</xmax>
            <ymax>720.0</ymax>
        </bndbox>
    </object>    <object>
        <name>head</name>
        <pose>Unspecified</pose>
        <truncated>0</truncated>
        <difficult>0</difficult>
        <bndbox>
            <xmin>802.4224917763158</xmin>
            <ymin>70.49439761513158</ymin>
            <xmax>1107.3107549974704</xmax>
            <ymax>366.47306423171705</ymax>
        </bndbox>
    </object>    <object>
        <name>head</name>
        <pose>Unspecified</pose>
        <truncated>0</truncated>
        <difficult>0</difficult>
        <bndbox>
            <xmin>158.21197916666702</xmin>
            <ymin>74.45091145833369</ymin>
            <xmax>438.9534811268689</xmax>
            <ymax>383.07266093820846</ymax>
        </bndbox>
    </object>    <object>
        <name>body</name>
        <pose>Unspecified</pose>
        <truncated>0</truncated>
        <difficult>0</difficult>
        <bndbox>
            <xmin>520.726806640625</xmin>
            <ymin>318.98370361328125</ymin>
            <xmax>732.8482576612021</xmax>
            <ymax>488.7379423759344</ymax>
        </bndbox>
    </object>
</annotation>
