<annotation>
    <folder></folder>
    <filename>frame_000538</filename>
    <path></path>
    <source>
        <database>Unknown</database>
    </source>
    <size>
        <width>1280</width>
        <height>720</height>
        <depth>3</depth>
    </size>
    <segmented>0</segmented>
    <object>
        <name>head</name>
        <pose>Unspecified</pose>
        <truncated>0</truncated>
        <difficult>0</difficult>
        <bndbox>
            <xmin>560.6420312500013</xmin>
            <ymin>197.857421875</ymin>
            <xmax>690.8953152465823</xmax>
            <ymax>310.03652343749854</ymax>
        </bndbox>
    </object>    <object>
        <name>body</name>
        <pose>Unspecified</pose>
        <truncated>0</truncated>
        <difficult>0</difficult>
        <bndbox>
            <xmin>711.599609375</xmin>
            <ymin>348.048828125</ymin>
            <xmax>1279.0660156249978</xmax>
            <ymax>707.0</ymax>
        </bndbox>
    </object>    <object>
        <name>body</name>
        <pose>Unspecified</pose>
        <truncated>0</truncated>
        <difficult>0</difficult>
        <bndbox>
            <xmin>40.64501953125</xmin>
            <ymin>336.77792968750026</ymin>
            <xmax>522.2046685791023</xmax>
            <ymax>718.9832661946615</ymax>
        </bndbox>
    </object>    <object>
        <name>head</name>
        <pose>Unspecified</pose>
        <truncated>0</truncated>
        <difficult>0</difficult>
        <bndbox>
            <xmin>844.008984375</xmin>
            <ymin>43.3271484375</ymin>
            <xmax>1158.9003906250007</xmax>
            <ymax>343.52928466796766</ymax>
        </bndbox>
    </object>    <object>
        <name>head</name>
        <pose>Unspecified</pose>
        <truncated>0</truncated>
        <difficult>0</difficult>
        <bndbox>
            <xmin>205.62158203125</xmin>
            <ymin>75.5166015625</ymin>
            <xmax>449.7139865451418</xmax>
            <ymax>343.23944769965146</ymax>
        </bndbox>
    </object>    <object>
        <name>body</name>
        <pose>Unspecified</pose>
        <truncated>0</truncated>
        <difficult>0</difficult>
        <bndbox>
            <xmin>507.5110351562498</xmin>
            <ymin>315.1481445312502</ymin>
            <xmax>731.017584991454</xmax>
            <ymax>515.5673828125</ymax>
        </bndbox>
    </object>
</annotation>
