<annotation>
    <folder></folder>
    <filename>frame_000432</filename>
    <path></path>
    <source>
        <database>Unknown</database>
    </source>
    <size>
        <width>1280</width>
        <height>720</height>
        <depth>3</depth>
    </size>
    <segmented>0</segmented>
    <object>
        <name>head</name>
        <pose>Unspecified</pose>
        <truncated>0</truncated>
        <difficult>0</difficult>
        <bndbox>
            <xmin>591.419921875</xmin>
            <ymin>201.5927734375</ymin>
            <xmax>691.3042968750015</xmax>
            <ymax>313.77187499999854</ymax>
        </bndbox>
    </object>    <object>
        <name>body</name>
        <pose>Unspecified</pose>
        <truncated>0</truncated>
        <difficult>0</difficult>
        <bndbox>
            <xmin>688.244140625</xmin>
            <ymin>345.3837890625</ymin>
            <xmax>1262.244140625</xmax>
            <ymax>717.9902343750006</ymax>
        </bndbox>
    </object>    <object>
        <name>body</name>
        <pose>Unspecified</pose>
        <truncated>0</truncated>
        <difficult>0</difficult>
        <bndbox>
            <xmin>25.364302201704547</xmin>
            <ymin>362.28789062500016</ymin>
            <xmax>517.6084862294866</xmax>
            <ymax>709.4230017344148</ymax>
        </bndbox>
    </object>    <object>
        <name>head</name>
        <pose>Unspecified</pose>
        <truncated>0</truncated>
        <difficult>0</difficult>
        <bndbox>
            <xmin>820.7023168103449</xmin>
            <ymin>58.13995150862069</ymin>
            <xmax>1135.5937230603456</xmax>
            <ymax>358.34208773908836</ymax>
        </bndbox>
    </object>    <object>
        <name>head</name>
        <pose>Unspecified</pose>
        <truncated>0</truncated>
        <difficult>0</difficult>
        <bndbox>
            <xmin>69.3050537109375</xmin>
            <ymin>47.5252685546875</ymin>
            <xmax>402.521899414063</xmax>
            <ymax>378.9831260681158</ymax>
        </bndbox>
    </object>    <object>
        <name>body</name>
        <pose>Unspecified</pose>
        <truncated>0</truncated>
        <difficult>0</difficult>
        <bndbox>
            <xmin>527.415703125</xmin>
            <ymin>307.0141796875</ymin>
            <xmax>727.4055468750015</xmax>
            <ymax>476.06179353412534</ymax>
        </bndbox>
    </object>
</annotation>
