<annotation>
    <folder></folder>
    <filename>frame_000231</filename>
    <path></path>
    <source>
        <database>Unknown</database>
    </source>
    <size>
        <width>1280</width>
        <height>720</height>
        <depth>3</depth>
    </size>
    <segmented>0</segmented>
    <object>
        <name>head</name>
        <pose>Unspecified</pose>
        <truncated>0</truncated>
        <difficult>0</difficult>
        <bndbox>
            <xmin>576.355859375</xmin>
            <ymin>193.736328125</ymin>
            <xmax>704.2886718749993</xmax>
            <ymax>328.348641967772</ymax>
        </bndbox>
    </object>    <object>
        <name>body</name>
        <pose>Unspecified</pose>
        <truncated>0</truncated>
        <difficult>0</difficult>
        <bndbox>
            <xmin>701.513671875</xmin>
            <ymin>363.56572690217394</ymin>
            <xmax>1275.513671875</xmax>
            <ymax>716.4464300271742</ymax>
        </bndbox>
    </object>    <object>
        <name>body</name>
        <pose>Unspecified</pose>
        <truncated>0</truncated>
        <difficult>0</difficult>
        <bndbox>
            <xmin>5.6083984375</xmin>
            <ymin>337.6883203125006</ymin>
            <xmax>533.2000000000007</xmax>
            <ymax>708.7368969726558</ymax>
        </bndbox>
    </object>    <object>
        <name>head</name>
        <pose>Unspecified</pose>
        <truncated>0</truncated>
        <difficult>0</difficult>
        <bndbox>
            <xmin>837.4959405637255</xmin>
            <ymin>56.58978630514706</ymin>
            <xmax>1152.3873468137263</xmax>
            <ymax>356.79192253561473</ymax>
        </bndbox>
    </object>    <object>
        <name>head</name>
        <pose>Unspecified</pose>
        <truncated>0</truncated>
        <difficult>0</difficult>
        <bndbox>
            <xmin>186.35807291666666</xmin>
            <ymin>103.27300347222223</ymin>
            <xmax>439.05752766927134</xmax>
            <ymax>368.92243177625744</ymax>
        </bndbox>
    </object>    <object>
        <name>body</name>
        <pose>Unspecified</pose>
        <truncated>0</truncated>
        <difficult>0</difficult>
        <bndbox>
            <xmin>501.336328125</xmin>
            <ymin>325.569140625</ymin>
            <xmax>729.1363281249993</xmax>
            <ymax>524.0375122070284</ymax>
        </bndbox>
    </object>
</annotation>
