<annotation>
    <folder></folder>
    <filename>frame_000372</filename>
    <path></path>
    <source>
        <database>Unknown</database>
    </source>
    <size>
        <width>1280</width>
        <height>720</height>
        <depth>3</depth>
    </size>
    <segmented>0</segmented>
    <object>
        <name>head</name>
        <pose>Unspecified</pose>
        <truncated>0</truncated>
        <difficult>0</difficult>
        <bndbox>
            <xmin>593.6484375</xmin>
            <ymin>207.8447265625</ymin>
            <xmax>693.5328125000015</xmax>
            <ymax>320.02382812499854</ymax>
        </bndbox>
    </object>    <object>
        <name>body</name>
        <pose>Unspecified</pose>
        <truncated>0</truncated>
        <difficult>0</difficult>
        <bndbox>
            <xmin>708.6919642857143</xmin>
            <ymin>340.576171875</ymin>
            <xmax>1277.2535076530612</xmax>
            <ymax>714.3726562500015</ymax>
        </bndbox>
    </object>    <object>
        <name>body</name>
        <pose>Unspecified</pose>
        <truncated>0</truncated>
        <difficult>0</difficult>
        <bndbox>
            <xmin>22.431361607142858</xmin>
            <ymin>350.8094866071432</ymin>
            <xmax>506.0315178571436</xmax>
            <ymax>708.8478533063608</ymax>
        </bndbox>
    </object>    <object>
        <name>head</name>
        <pose>Unspecified</pose>
        <truncated>0</truncated>
        <difficult>0</difficult>
        <bndbox>
            <xmin>877.82421875</xmin>
            <ymin>51.248697916666664</ymin>
            <xmax>1192.7156250000007</xmax>
            <ymax>351.45083414713434</ymax>
        </bndbox>
    </object>    <object>
        <name>head</name>
        <pose>Unspecified</pose>
        <truncated>0</truncated>
        <difficult>0</difficult>
        <bndbox>
            <xmin>57.0458984375</xmin>
            <ymin>59.2841796875</ymin>
            <xmax>326.1780859374994</xmax>
            <ymax>345.31824890136886</ymax>
        </bndbox>
    </object>    <object>
        <name>body</name>
        <pose>Unspecified</pose>
        <truncated>0</truncated>
        <difficult>0</difficult>
        <bndbox>
            <xmin>518.27734375</xmin>
            <ymin>330.09765625</ymin>
            <xmax>718.2198210063762</xmax>
            <ymax>498.317720433286</ymax>
        </bndbox>
    </object>
</annotation>
