<annotation>
    <folder></folder>
    <filename>frame_000159</filename>
    <path></path>
    <source>
        <database>Unknown</database>
    </source>
    <size>
        <width>1280</width>
        <height>720</height>
        <depth>3</depth>
    </size>
    <segmented>0</segmented>
    <object>
        <name>head</name>
        <pose>Unspecified</pose>
        <truncated>0</truncated>
        <difficult>0</difficult>
        <bndbox>
            <xmin>600.2580295138889</xmin>
            <ymin>187.75824652777777</ymin>
            <xmax>728.1908420138882</xmax>
            <ymax>321.5116516791451</ymax>
        </bndbox>
    </object>    <object>
        <name>body</name>
        <pose>Unspecified</pose>
        <truncated>0</truncated>
        <difficult>0</difficult>
        <bndbox>
            <xmin>670.0036272321429</xmin>
            <ymin>368.3993675595238</ymin>
            <xmax>1244.003627232143</xmax>
            <ymax>720.0</ymax>
        </bndbox>
    </object>    <object>
        <name>body</name>
        <pose>Unspecified</pose>
        <truncated>0</truncated>
        <difficult>0</difficult>
        <bndbox>
            <xmin>13.410481770833332</xmin>
            <ymin>358.4075520833333</ymin>
            <xmax>504.7187934027809</xmax>
            <ymax>717.7404893663188</ymax>
        </bndbox>
    </object>    <object>
        <name>head</name>
        <pose>Unspecified</pose>
        <truncated>0</truncated>
        <difficult>0</difficult>
        <bndbox>
            <xmin>833.5077322345891</xmin>
            <ymin>50.515845729880134</ymin>
            <xmax>1148.3991384845897</xmax>
            <ymax>350.7179819603478</ymax>
        </bndbox>
    </object>    <object>
        <name>head</name>
        <pose>Unspecified</pose>
        <truncated>0</truncated>
        <difficult>0</difficult>
        <bndbox>
            <xmin>137.9564453125</xmin>
            <ymin>68.4412109375</ymin>
            <xmax>399.865625</xmax>
            <ymax>362.3001953124996</ymax>
        </bndbox>
    </object>    <object>
        <name>body</name>
        <pose>Unspecified</pose>
        <truncated>0</truncated>
        <difficult>0</difficult>
        <bndbox>
            <xmin>513.1232244318181</xmin>
            <ymin>326.1607776988636</ymin>
            <xmax>740.9232244318174</xmax>
            <ymax>505.9267067649142</ymax>
        </bndbox>
    </object>
</annotation>
