<annotation>
    <folder></folder>
    <filename>frame_000539</filename>
    <path></path>
    <source>
        <database>Unknown</database>
    </source>
    <size>
        <width>1280</width>
        <height>720</height>
        <depth>3</depth>
    </size>
    <segmented>0</segmented>
    <object>
        <name>head</name>
        <pose>Unspecified</pose>
        <truncated>0</truncated>
        <difficult>0</difficult>
        <bndbox>
            <xmin>553.6210156250017</xmin>
            <ymin>197.857421875</ymin>
            <xmax>690.8953161621096</xmax>
            <ymax>310.03652343749854</ymax>
        </bndbox>
    </object>    <object>
        <name>body</name>
        <pose>Unspecified</pose>
        <truncated>0</truncated>
        <difficult>0</difficult>
        <bndbox>
            <xmin>711.599609375</xmin>
            <ymin>348.048828125</ymin>
            <xmax>1279.0660156249978</xmax>
            <ymax>707.0</ymax>
        </bndbox>
    </object>    <object>
        <name>body</name>
        <pose>Unspecified</pose>
        <truncated>0</truncated>
        <difficult>0</difficult>
        <bndbox>
            <xmin>42.9921875</xmin>
            <ymin>341.353515625</ymin>
            <xmax>522.3562500000007</xmax>
            <ymax>720.0</ymax>
        </bndbox>
    </object>    <object>
        <name>head</name>
        <pose>Unspecified</pose>
        <truncated>0</truncated>
        <difficult>0</difficult>
        <bndbox>
            <xmin>842.839453125</xmin>
            <ymin>43.502604166666664</ymin>
            <xmax>1157.7308593750008</xmax>
            <ymax>343.70474039713434</ymax>
        </bndbox>
    </object>    <object>
        <name>head</name>
        <pose>Unspecified</pose>
        <truncated>0</truncated>
        <difficult>0</difficult>
        <bndbox>
            <xmin>215.9033203125</xmin>
            <ymin>86.078125</ymin>
            <xmax>460.0011718750029</xmax>
            <ymax>352.0351501464829</ymax>
        </bndbox>
    </object>    <object>
        <name>body</name>
        <pose>Unspecified</pose>
        <truncated>0</truncated>
        <difficult>0</difficult>
        <bndbox>
            <xmin>506.2653645833331</xmin>
            <ymin>316.3205729166669</ymin>
            <xmax>730.432948811848</xmax>
            <ymax>517.3948567708334</ymax>
        </bndbox>
    </object>
</annotation>
