<annotation>
    <folder></folder>
    <filename>frame_000226</filename>
    <path></path>
    <source>
        <database>Unknown</database>
    </source>
    <size>
        <width>1280</width>
        <height>720</height>
        <depth>3</depth>
    </size>
    <segmented>0</segmented>
    <object>
        <name>head</name>
        <pose>Unspecified</pose>
        <truncated>0</truncated>
        <difficult>0</difficult>
        <bndbox>
            <xmin>579.9016927083334</xmin>
            <ymin>192.8330078125</ymin>
            <xmax>707.8345052083326</xmax>
            <ymax>327.445321655272</ymax>
        </bndbox>
    </object>    <object>
        <name>body</name>
        <pose>Unspecified</pose>
        <truncated>0</truncated>
        <difficult>0</difficult>
        <bndbox>
            <xmin>700.5603215144231</xmin>
            <ymin>366.1755183293269</ymin>
            <xmax>1274.560321514423</xmax>
            <ymax>717.5622370793269</ymax>
        </bndbox>
    </object>    <object>
        <name>body</name>
        <pose>Unspecified</pose>
        <truncated>0</truncated>
        <difficult>0</difficult>
        <bndbox>
            <xmin>5.207682291666667</xmin>
            <ymin>337.0092447916668</ymin>
            <xmax>532.7992838541674</xmax>
            <ymax>705.756752522786</ymax>
        </bndbox>
    </object>    <object>
        <name>head</name>
        <pose>Unspecified</pose>
        <truncated>0</truncated>
        <difficult>0</difficult>
        <bndbox>
            <xmin>837.2188648897059</xmin>
            <ymin>56.8606387867647</ymin>
            <xmax>1152.1102711397066</xmax>
            <ymax>357.06277501723235</ymax>
        </bndbox>
    </object>    <object>
        <name>head</name>
        <pose>Unspecified</pose>
        <truncated>0</truncated>
        <difficult>0</difficult>
        <bndbox>
            <xmin>192.42057291666666</xmin>
            <ymin>77.21907552083334</ymin>
            <xmax>431.07178385416773</xmax>
            <ymax>338.04168782552006</ymax>
        </bndbox>
    </object>    <object>
        <name>body</name>
        <pose>Unspecified</pose>
        <truncated>0</truncated>
        <difficult>0</difficult>
        <bndbox>
            <xmin>502.3541666666667</xmin>
            <ymin>330.26171875</ymin>
            <xmax>730.1541666666659</xmax>
            <ymax>528.7300903320283</ymax>
        </bndbox>
    </object>
</annotation>
