<annotation>
    <folder></folder>
    <filename>frame_000041</filename>
    <path></path>
    <source>
        <database>Unknown</database>
    </source>
    <size>
        <width>1280</width>
        <height>720</height>
        <depth>3</depth>
    </size>
    <segmented>0</segmented>
    <object>
        <name>head</name>
        <pose>Unspecified</pose>
        <truncated>0</truncated>
        <difficult>0</difficult>
        <bndbox>
            <xmin>602.37265625</xmin>
            <ymin>189.203125</ymin>
            <xmax>707.8265625000007</xmax>
            <ymax>322.7418029785149</ymax>
        </bndbox>
    </object>    <object>
        <name>body</name>
        <pose>Unspecified</pose>
        <truncated>0</truncated>
        <difficult>0</difficult>
        <bndbox>
            <xmin>697.9138632015306</xmin>
            <ymin>367.4978741496599</ymin>
            <xmax>1271.9138632015306</xmax>
            <ymax>720.0</ymax>
        </bndbox>
    </object>    <object>
        <name>body</name>
        <pose>Unspecified</pose>
        <truncated>0</truncated>
        <difficult>0</difficult>
        <bndbox>
            <xmin>6.344949776785715</xmin>
            <ymin>356.2814453125</ymin>
            <xmax>599.742159598215</xmax>
            <ymax>708.3621595982156</ymax>
        </bndbox>
    </object>    <object>
        <name>head</name>
        <pose>Unspecified</pose>
        <truncated>0</truncated>
        <difficult>0</difficult>
        <bndbox>
            <xmin>841.2703125</xmin>
            <ymin>58.5392578125</ymin>
            <xmax>1156.1617187500008</xmax>
            <ymax>358.74139404296767</ymax>
        </bndbox>
    </object>    <object>
        <name>head</name>
        <pose>Unspecified</pose>
        <truncated>0</truncated>
        <difficult>0</difficult>
        <bndbox>
            <xmin>180.5748046875</xmin>
            <ymin>69.5630859375</ymin>
            <xmax>442.483984375</xmax>
            <ymax>363.4220703124996</ymax>
        </bndbox>
    </object>    <object>
        <name>body</name>
        <pose>Unspecified</pose>
        <truncated>0</truncated>
        <difficult>0</difficult>
        <bndbox>
            <xmin>510.0091145833333</xmin>
            <ymin>328.630859375</ymin>
            <xmax>737.8091145833326</xmax>
            <ymax>492.33087158203125</ymax>
        </bndbox>
    </object>
</annotation>
