<annotation>
    <folder></folder>
    <filename>frame_000450</filename>
    <path></path>
    <source>
        <database>Unknown</database>
    </source>
    <size>
        <width>1280</width>
        <height>720</height>
        <depth>3</depth>
    </size>
    <segmented>0</segmented>
    <object>
        <name>head</name>
        <pose>Unspecified</pose>
        <truncated>0</truncated>
        <difficult>0</difficult>
        <bndbox>
            <xmin>578.15</xmin>
            <ymin>210.566015625</ymin>
            <xmax>678.0343750000014</xmax>
            <ymax>322.7451171874985</ymax>
        </bndbox>
    </object>    <object>
        <name>body</name>
        <pose>Unspecified</pose>
        <truncated>0</truncated>
        <difficult>0</difficult>
        <bndbox>
            <xmin>688.244140625</xmin>
            <ymin>346.986328125</ymin>
            <xmax>1262.244140625</xmax>
            <ymax>719.1960937500002</ymax>
        </bndbox>
    </object>    <object>
        <name>body</name>
        <pose>Unspecified</pose>
        <truncated>0</truncated>
        <difficult>0</difficult>
        <bndbox>
            <xmin>0.7084263392857143</xmin>
            <ymin>335.57177734375</ymin>
            <xmax>534.4777101934524</xmax>
            <ymax>712.5714285714286</ymax>
        </bndbox>
    </object>    <object>
        <name>head</name>
        <pose>Unspecified</pose>
        <truncated>0</truncated>
        <difficult>0</difficult>
        <bndbox>
            <xmin>841.431640625</xmin>
            <ymin>58.43012152777778</ymin>
            <xmax>1128.218978365389</xmax>
            <ymax>346.76631931924305</ymax>
        </bndbox>
    </object>    <object>
        <name>head</name>
        <pose>Unspecified</pose>
        <truncated>0</truncated>
        <difficult>0</difficult>
        <bndbox>
            <xmin>116.5517578125</xmin>
            <ymin>36.202539062500364</ymin>
            <xmax>387.24501953125036</xmax>
            <ymax>333.9024383544929</ymax>
        </bndbox>
    </object>    <object>
        <name>body</name>
        <pose>Unspecified</pose>
        <truncated>0</truncated>
        <difficult>0</difficult>
        <bndbox>
            <xmin>517.16171875</xmin>
            <ymin>322.5</ymin>
            <xmax>717.7581428635312</xmax>
            <ymax>482.25426833461387</ymax>
        </bndbox>
    </object>
</annotation>
