<annotation>
    <folder></folder>
    <filename>frame_000213</filename>
    <path></path>
    <source>
        <database>Unknown</database>
    </source>
    <size>
        <width>1280</width>
        <height>720</height>
        <depth>3</depth>
    </size>
    <segmented>0</segmented>
    <object>
        <name>head</name>
        <pose>Unspecified</pose>
        <truncated>0</truncated>
        <difficult>0</difficult>
        <bndbox>
            <xmin>561.1089409722222</xmin>
            <ymin>184.24609375</ymin>
            <xmax>689.0417534722214</xmax>
            <ymax>318.858407592772</ymax>
        </bndbox>
    </object>    <object>
        <name>body</name>
        <pose>Unspecified</pose>
        <truncated>0</truncated>
        <difficult>0</difficult>
        <bndbox>
            <xmin>688.1667668269231</xmin>
            <ymin>363.6330378605769</ymin>
            <xmax>1262.166766826923</xmax>
            <ymax>715.0197566105769</ymax>
        </bndbox>
    </object>    <object>
        <name>body</name>
        <pose>Unspecified</pose>
        <truncated>0</truncated>
        <difficult>0</difficult>
        <bndbox>
            <xmin>4.3143780048076925</xmin>
            <ymin>339.0011718750004</ymin>
            <xmax>531.9059795673085</xmax>
            <ymax>701.5241943359389</ymax>
        </bndbox>
    </object>    <object>
        <name>head</name>
        <pose>Unspecified</pose>
        <truncated>0</truncated>
        <difficult>0</difficult>
        <bndbox>
            <xmin>836.4984681372549</xmin>
            <ymin>57.56485523897059</ymin>
            <xmax>1151.3898743872555</xmax>
            <ymax>357.76699146943827</ymax>
        </bndbox>
    </object>    <object>
        <name>head</name>
        <pose>Unspecified</pose>
        <truncated>0</truncated>
        <difficult>0</difficult>
        <bndbox>
            <xmin>143.77257582720588</xmin>
            <ymin>76.39947150735294</ymin>
            <xmax>405.68175551470586</xmax>
            <ymax>370.25845588235256</ymax>
        </bndbox>
    </object>    <object>
        <name>body</name>
        <pose>Unspecified</pose>
        <truncated>0</truncated>
        <difficult>0</difficult>
        <bndbox>
            <xmin>506.70327524038464</xmin>
            <ymin>309.24496694711536</ymin>
            <xmax>734.5032752403839</xmax>
            <ymax>507.7133385291437</ymax>
        </bndbox>
    </object>
</annotation>
