<annotation>
    <folder></folder>
    <filename>frame_000396</filename>
    <path></path>
    <source>
        <database>Unknown</database>
    </source>
    <size>
        <width>1280</width>
        <height>720</height>
        <depth>3</depth>
    </size>
    <segmented>0</segmented>
    <object>
        <name>head</name>
        <pose>Unspecified</pose>
        <truncated>0</truncated>
        <difficult>0</difficult>
        <bndbox>
            <xmin>567.6943359375</xmin>
            <ymin>216.31220703125018</ymin>
            <xmax>687.3212890625018</xmax>
            <ymax>335.0184562683098</ymax>
        </bndbox>
    </object>    <object>
        <name>body</name>
        <pose>Unspecified</pose>
        <truncated>0</truncated>
        <difficult>0</difficult>
        <bndbox>
            <xmin>688.244140625</xmin>
            <ymin>342.1787109375</ymin>
            <xmax>1262.244140625</xmax>
            <ymax>715.5785156250012</ymax>
        </bndbox>
    </object>    <object>
        <name>body</name>
        <pose>Unspecified</pose>
        <truncated>0</truncated>
        <difficult>0</difficult>
        <bndbox>
            <xmin>23.493336397058822</xmin>
            <ymin>355.4529411764715</ymin>
            <xmax>521.7593954248385</xmax>
            <ymax>704.4648060518152</ymax>
        </bndbox>
    </object>    <object>
        <name>head</name>
        <pose>Unspecified</pose>
        <truncated>0</truncated>
        <difficult>0</difficult>
        <bndbox>
            <xmin>867.8543526785714</xmin>
            <ymin>51.90736607142857</ymin>
            <xmax>1182.745758928572</xmax>
            <ymax>352.1095023018962</ymax>
        </bndbox>
    </object>    <object>
        <name>head</name>
        <pose>Unspecified</pose>
        <truncated>0</truncated>
        <difficult>0</difficult>
        <bndbox>
            <xmin>147.27001953125</xmin>
            <ymin>52.88037109375</ymin>
            <xmax>441.44526062011755</xmax>
            <ymax>366.5613281250007</ymax>
        </bndbox>
    </object>    <object>
        <name>body</name>
        <pose>Unspecified</pose>
        <truncated>0</truncated>
        <difficult>0</difficult>
        <bndbox>
            <xmin>516.4546875</xmin>
            <ymin>335.2259765625</ymin>
            <xmax>716.4445312500014</xmax>
            <ymax>512.0449365234366</ymax>
        </bndbox>
    </object>
</annotation>
