<annotation>
    <folder></folder>
    <filename>frame_000206</filename>
    <path></path>
    <source>
        <database>Unknown</database>
    </source>
    <size>
        <width>1280</width>
        <height>720</height>
        <depth>3</depth>
    </size>
    <segmented>0</segmented>
    <object>
        <name>head</name>
        <pose>Unspecified</pose>
        <truncated>0</truncated>
        <difficult>0</difficult>
        <bndbox>
            <xmin>573.4296875</xmin>
            <ymin>183.6337890625</ymin>
            <xmax>701.3624999999993</xmax>
            <ymax>318.246102905272</ymax>
        </bndbox>
    </object>    <object>
        <name>body</name>
        <pose>Unspecified</pose>
        <truncated>0</truncated>
        <difficult>0</difficult>
        <bndbox>
            <xmin>681.4933143028846</xmin>
            <ymin>362.26400991586536</ymin>
            <xmax>1255.4933143028845</xmax>
            <ymax>713.6507286658654</ymax>
        </bndbox>
    </object>    <object>
        <name>body</name>
        <pose>Unspecified</pose>
        <truncated>0</truncated>
        <difficult>0</difficult>
        <bndbox>
            <xmin>8.66162109375</xmin>
            <ymin>350.2202148437506</ymin>
            <xmax>535.1842494419647</xmax>
            <ymax>711.9357055664065</ymax>
        </bndbox>
    </object>    <object>
        <name>head</name>
        <pose>Unspecified</pose>
        <truncated>0</truncated>
        <difficult>0</difficult>
        <bndbox>
            <xmin>836.1105621936274</xmin>
            <ymin>57.9440487132353</ymin>
            <xmax>1151.0019684436281</xmax>
            <ymax>358.14618494370296</ymax>
        </bndbox>
    </object>    <object>
        <name>head</name>
        <pose>Unspecified</pose>
        <truncated>0</truncated>
        <difficult>0</difficult>
        <bndbox>
            <xmin>165.7263901654412</xmin>
            <ymin>69.5209099264706</ymin>
            <xmax>427.63556985294116</xmax>
            <ymax>363.37989430147024</ymax>
        </bndbox>
    </object>    <object>
        <name>body</name>
        <pose>Unspecified</pose>
        <truncated>0</truncated>
        <difficult>0</difficult>
        <bndbox>
            <xmin>508.689453125</xmin>
            <ymin>309.80078125</ymin>
            <xmax>729.0115234374998</xmax>
            <ymax>509.1594329833961</ymax>
        </bndbox>
    </object>
</annotation>
