<annotation>
    <folder></folder>
    <filename>frame_000019</filename>
    <path></path>
    <source>
        <database>Unknown</database>
    </source>
    <size>
        <width>1280</width>
        <height>720</height>
        <depth>3</depth>
    </size>
    <segmented>0</segmented>
    <object>
        <name>head</name>
        <pose>Unspecified</pose>
        <truncated>0</truncated>
        <difficult>0</difficult>
        <bndbox>
            <xmin>590.486328125</xmin>
            <ymin>191.451171875</ymin>
            <xmax>695.9347656249993</xmax>
            <ymax>330.5912231445309</ymax>
        </bndbox>
    </object>    <object>
        <name>body</name>
        <pose>Unspecified</pose>
        <truncated>0</truncated>
        <difficult>0</difficult>
        <bndbox>
            <xmin>755.3346354166666</xmin>
            <ymin>344.6868489583333</ymin>
            <xmax>1272.9000000000003</xmax>
            <ymax>710.6536458333334</ymax>
        </bndbox>
    </object>    <object>
        <name>body</name>
        <pose>Unspecified</pose>
        <truncated>0</truncated>
        <difficult>0</difficult>
        <bndbox>
            <xmin>8.333984375</xmin>
            <ymin>334.4500000000007</ymin>
            <xmax>565.7279296874985</xmax>
            <ymax>719.9999084472656</ymax>
        </bndbox>
    </object>    <object>
        <name>head</name>
        <pose>Unspecified</pose>
        <truncated>0</truncated>
        <difficult>0</difficult>
        <bndbox>
            <xmin>969.576171875</xmin>
            <ymin>20.1884765625</ymin>
            <xmax>1280.0</xmax>
            <ymax>367.4884765625011</ymax>
        </bndbox>
    </object>    <object>
        <name>head</name>
        <pose>Unspecified</pose>
        <truncated>0</truncated>
        <difficult>0</difficult>
        <bndbox>
            <xmin>192.9111328125</xmin>
            <ymin>37.70000000000073</ymin>
            <xmax>472.7000000000007</xmax>
            <ymax>363.0</ymax>
        </bndbox>
    </object>    <object>
        <name>body</name>
        <pose>Unspecified</pose>
        <truncated>0</truncated>
        <difficult>0</difficult>
        <bndbox>
            <xmin>545.513671875</xmin>
            <ymin>330.5087890625</ymin>
            <xmax>756.5</xmax>
            <ymax>594.0769348144531</ymax>
        </bndbox>
    </object>
</annotation>
