<annotation>
    <folder></folder>
    <filename>frame_000552</filename>
    <path></path>
    <source>
        <database>Unknown</database>
    </source>
    <size>
        <width>1280</width>
        <height>720</height>
        <depth>3</depth>
    </size>
    <segmented>0</segmented>
    <object>
        <name>head</name>
        <pose>Unspecified</pose>
        <truncated>0</truncated>
        <difficult>0</difficult>
        <bndbox>
            <xmin>553.6171875</xmin>
            <ymin>203.1201171875</ymin>
            <xmax>697.9125045776345</xmax>
            <ymax>315.29921874999854</ymax>
        </bndbox>
    </object>    <object>
        <name>body</name>
        <pose>Unspecified</pose>
        <truncated>0</truncated>
        <difficult>0</difficult>
        <bndbox>
            <xmin>711.599609375</xmin>
            <ymin>348.048828125</ymin>
            <xmax>1279.0660156249978</xmax>
            <ymax>707.0</ymax>
        </bndbox>
    </object>    <object>
        <name>body</name>
        <pose>Unspecified</pose>
        <truncated>0</truncated>
        <difficult>0</difficult>
        <bndbox>
            <xmin>0.0</xmin>
            <ymin>387.013671875</ymin>
            <xmax>537.2669982910156</xmax>
            <ymax>712.982421875</ymax>
        </bndbox>
    </object>    <object>
        <name>head</name>
        <pose>Unspecified</pose>
        <truncated>0</truncated>
        <difficult>0</difficult>
        <bndbox>
            <xmin>817.6943359375</xmin>
            <ymin>43.2392578125</ymin>
            <xmax>1132.5857421875007</xmax>
            <ymax>343.44139404296766</ymax>
        </bndbox>
    </object>    <object>
        <name>head</name>
        <pose>Unspecified</pose>
        <truncated>0</truncated>
        <difficult>0</difficult>
        <bndbox>
            <xmin>115.923828125</xmin>
            <ymin>43.0361328125</ymin>
            <xmax>409.5</xmax>
            <ymax>393.90000000000146</ymax>
        </bndbox>
    </object>    <object>
        <name>body</name>
        <pose>Unspecified</pose>
        <truncated>0</truncated>
        <difficult>0</difficult>
        <bndbox>
            <xmin>531.388671875</xmin>
            <ymin>317.8056640625</ymin>
            <xmax>760.8445312500007</xmax>
            <ymax>524.1203124999993</ymax>
        </bndbox>
    </object>
</annotation>
