<annotation>
    <folder></folder>
    <filename>frame_000219</filename>
    <path></path>
    <source>
        <database>Unknown</database>
    </source>
    <size>
        <width>1280</width>
        <height>720</height>
        <depth>3</depth>
    </size>
    <segmented>0</segmented>
    <object>
        <name>head</name>
        <pose>Unspecified</pose>
        <truncated>0</truncated>
        <difficult>0</difficult>
        <bndbox>
            <xmin>561.5763888888889</xmin>
            <ymin>193.796875</ymin>
            <xmax>689.5092013888882</xmax>
            <ymax>328.409188842772</ymax>
        </bndbox>
    </object>    <object>
        <name>body</name>
        <pose>Unspecified</pose>
        <truncated>0</truncated>
        <difficult>0</difficult>
        <bndbox>
            <xmin>693.8868689903846</xmin>
            <ymin>364.80649038461536</ymin>
            <xmax>1267.8868689903845</xmax>
            <ymax>716.1932091346154</ymax>
        </bndbox>
    </object>    <object>
        <name>body</name>
        <pose>Unspecified</pose>
        <truncated>0</truncated>
        <difficult>0</difficult>
        <bndbox>
            <xmin>3.0203575721153846</xmin>
            <ymin>327.30234375000003</ymin>
            <xmax>530.6119591346161</xmax>
            <ymax>689.8253662109402</ymax>
        </bndbox>
    </object>    <object>
        <name>head</name>
        <pose>Unspecified</pose>
        <truncated>0</truncated>
        <difficult>0</difficult>
        <bndbox>
            <xmin>836.8309589460785</xmin>
            <ymin>57.23983226102941</ymin>
            <xmax>1151.7223651960792</xmax>
            <ymax>357.44196849149705</ymax>
        </bndbox>
    </object>    <object>
        <name>head</name>
        <pose>Unspecified</pose>
        <truncated>0</truncated>
        <difficult>0</difficult>
        <bndbox>
            <xmin>111.9365234375</xmin>
            <ymin>61.70963541666667</ymin>
            <xmax>368.67726562499956</xmax>
            <ymax>347.27189982096326</ymax>
        </bndbox>
    </object>    <object>
        <name>body</name>
        <pose>Unspecified</pose>
        <truncated>0</truncated>
        <difficult>0</difficult>
        <bndbox>
            <xmin>507.1350661057692</xmin>
            <ymin>310.4186448317308</ymin>
            <xmax>734.9350661057686</xmax>
            <ymax>508.8870164137591</ymax>
        </bndbox>
    </object>
</annotation>
