<annotation>
    <folder></folder>
    <filename>frame_000503</filename>
    <path></path>
    <source>
        <database>Unknown</database>
    </source>
    <size>
        <width>1280</width>
        <height>720</height>
        <depth>3</depth>
    </size>
    <segmented>0</segmented>
    <object>
        <name>head</name>
        <pose>Unspecified</pose>
        <truncated>0</truncated>
        <difficult>0</difficult>
        <bndbox>
            <xmin>558.470703125</xmin>
            <ymin>200.79157366071428</ymin>
            <xmax>667.6609375000007</xmax>
            <ymax>312.9706752232128</ymax>
        </bndbox>
    </object>    <object>
        <name>body</name>
        <pose>Unspecified</pose>
        <truncated>0</truncated>
        <difficult>0</difficult>
        <bndbox>
            <xmin>693.5768229166666</xmin>
            <ymin>347.1272786458333</ymin>
            <xmax>1271.2779947916667</xmax>
            <ymax>696.6845052083348</ymax>
        </bndbox>
    </object>    <object>
        <name>body</name>
        <pose>Unspecified</pose>
        <truncated>0</truncated>
        <difficult>0</difficult>
        <bndbox>
            <xmin>22.523763020833332</xmin>
            <ymin>330.7509765625</ymin>
            <xmax>507.4205598958312</xmax>
            <ymax>709.7367187499985</ymax>
        </bndbox>
    </object>    <object>
        <name>head</name>
        <pose>Unspecified</pose>
        <truncated>0</truncated>
        <difficult>0</difficult>
        <bndbox>
            <xmin>857.1467633928571</xmin>
            <ymin>47.839425223214285</ymin>
            <xmax>1169.1801287774729</xmax>
            <ymax>346.8348558497154</ymax>
        </bndbox>
    </object>    <object>
        <name>head</name>
        <pose>Unspecified</pose>
        <truncated>0</truncated>
        <difficult>0</difficult>
        <bndbox>
            <xmin>135.1785156250001</xmin>
            <ymin>58.322265625</ymin>
            <xmax>409.9260386149096</xmax>
            <ymax>338.87099812825426</ymax>
        </bndbox>
    </object>    <object>
        <name>body</name>
        <pose>Unspecified</pose>
        <truncated>0</truncated>
        <difficult>0</difficult>
        <bndbox>
            <xmin>515.7738037109375</xmin>
            <ymin>313.5505065917969</ymin>
            <xmax>732.4446074579788</xmax>
            <ymax>487.25210210235923</ymax>
        </bndbox>
    </object>
</annotation>
