<annotation>
    <folder></folder>
    <filename>frame_000350</filename>
    <path></path>
    <source>
        <database>Unknown</database>
    </source>
    <size>
        <width>1280</width>
        <height>720</height>
        <depth>3</depth>
    </size>
    <segmented>0</segmented>
    <object>
        <name>head</name>
        <pose>Unspecified</pose>
        <truncated>0</truncated>
        <difficult>0</difficult>
        <bndbox>
            <xmin>565.204296875</xmin>
            <ymin>209.655078125</ymin>
            <xmax>665.0886718750014</xmax>
            <ymax>321.83417968749853</ymax>
        </bndbox>
    </object>    <object>
        <name>body</name>
        <pose>Unspecified</pose>
        <truncated>0</truncated>
        <difficult>0</difficult>
        <bndbox>
            <xmin>690.9274553571429</xmin>
            <ymin>340.576171875</ymin>
            <xmax>1262.147799744898</xmax>
            <ymax>714.3726562500015</ymax>
        </bndbox>
    </object>    <object>
        <name>body</name>
        <pose>Unspecified</pose>
        <truncated>0</truncated>
        <difficult>0</difficult>
        <bndbox>
            <xmin>27.9443359375</xmin>
            <ymin>408.0258928571441</ymin>
            <xmax>501.66732700892993</xmax>
            <ymax>713.7216884068081</ymax>
        </bndbox>
    </object>    <object>
        <name>head</name>
        <pose>Unspecified</pose>
        <truncated>0</truncated>
        <difficult>0</difficult>
        <bndbox>
            <xmin>834.856015625</xmin>
            <ymin>56.393515625</ymin>
            <xmax>1149.7474218750008</xmax>
            <ymax>356.5956518554677</ymax>
        </bndbox>
    </object>    <object>
        <name>head</name>
        <pose>Unspecified</pose>
        <truncated>0</truncated>
        <difficult>0</difficult>
        <bndbox>
            <xmin>122.810546875</xmin>
            <ymin>61.77838541666764</ymin>
            <xmax>383.97454304245304</xmax>
            <ymax>406.1170994404729</ymax>
        </bndbox>
    </object>    <object>
        <name>body</name>
        <pose>Unspecified</pose>
        <truncated>0</truncated>
        <difficult>0</difficult>
        <bndbox>
            <xmin>528.5652343750007</xmin>
            <ymin>307.00439453125</ymin>
            <xmax>729.6528495788552</xmax>
            <ymax>495.81860656738354</ymax>
        </bndbox>
    </object>
</annotation>
