<annotation>
    <folder></folder>
    <filename>frame_000177</filename>
    <path></path>
    <source>
        <database>Unknown</database>
    </source>
    <size>
        <width>1280</width>
        <height>720</height>
        <depth>3</depth>
    </size>
    <segmented>0</segmented>
    <object>
        <name>head</name>
        <pose>Unspecified</pose>
        <truncated>0</truncated>
        <difficult>0</difficult>
        <bndbox>
            <xmin>569.177734375</xmin>
            <ymin>222.8974609375</ymin>
            <xmax>697.1105468749993</xmax>
            <ymax>357.509774780272</ymax>
        </bndbox>
    </object>    <object>
        <name>body</name>
        <pose>Unspecified</pose>
        <truncated>0</truncated>
        <difficult>0</difficult>
        <bndbox>
            <xmin>665.7461336096939</xmin>
            <ymin>368.5368835034014</ymin>
            <xmax>1239.746133609694</xmax>
            <ymax>720.0</ymax>
        </bndbox>
    </object>    <object>
        <name>body</name>
        <pose>Unspecified</pose>
        <truncated>0</truncated>
        <difficult>0</difficult>
        <bndbox>
            <xmin>10.484700520833332</xmin>
            <ymin>335.9026692708333</ymin>
            <xmax>489.2275173611132</xmax>
            <ymax>716.0458563910579</ymax>
        </bndbox>
    </object>    <object>
        <name>head</name>
        <pose>Unspecified</pose>
        <truncated>0</truncated>
        <difficult>0</difficult>
        <bndbox>
            <xmin>834.5046286386986</xmin>
            <ymin>49.47066968107877</ymin>
            <xmax>1149.3960348886994</xmax>
            <ymax>349.67280591154645</ymax>
        </bndbox>
    </object>    <object>
        <name>head</name>
        <pose>Unspecified</pose>
        <truncated>0</truncated>
        <difficult>0</difficult>
        <bndbox>
            <xmin>180.8513849431818</xmin>
            <ymin>56.72540838068182</ymin>
            <xmax>442.7605646306818</xmax>
            <ymax>350.58439275568145</ymax>
        </bndbox>
    </object>    <object>
        <name>body</name>
        <pose>Unspecified</pose>
        <truncated>0</truncated>
        <difficult>0</difficult>
        <bndbox>
            <xmin>504.02734375</xmin>
            <ymin>356.296875</ymin>
            <xmax>731.8273437499993</xmax>
            <ymax>519.9968872070312</ymax>
        </bndbox>
    </object>
</annotation>
