<annotation>
    <folder></folder>
    <filename>frame_000274</filename>
    <path></path>
    <source>
        <database>Unknown</database>
    </source>
    <size>
        <width>1280</width>
        <height>720</height>
        <depth>3</depth>
    </size>
    <segmented>0</segmented>
    <object>
        <name>head</name>
        <pose>Unspecified</pose>
        <truncated>0</truncated>
        <difficult>0</difficult>
        <bndbox>
            <xmin>590.3257211538462</xmin>
            <ymin>215.6239232772436</ymin>
            <xmax>690.2100961538476</xmax>
            <ymax>327.80302483974214</ymax>
        </bndbox>
    </object>    <object>
        <name>body</name>
        <pose>Unspecified</pose>
        <truncated>0</truncated>
        <difficult>0</difficult>
        <bndbox>
            <xmin>701.513671875</xmin>
            <ymin>363.3018821022733</ymin>
            <xmax>1275.513671875</xmax>
            <ymax>707.0931942471597</ymax>
        </bndbox>
    </object>    <object>
        <name>body</name>
        <pose>Unspecified</pose>
        <truncated>0</truncated>
        <difficult>0</difficult>
        <bndbox>
            <xmin>5.276123046875</xmin>
            <ymin>341.04608154296875</ymin>
            <xmax>527.2603027343757</xmax>
            <ymax>717.5500000000006</ymax>
        </bndbox>
    </object>    <object>
        <name>head</name>
        <pose>Unspecified</pose>
        <truncated>0</truncated>
        <difficult>0</difficult>
        <bndbox>
            <xmin>835.5578125</xmin>
            <ymin>63.5927734375</ymin>
            <xmax>1150.4492187500007</xmax>
            <ymax>363.79490966796766</ymax>
        </bndbox>
    </object>    <object>
        <name>head</name>
        <pose>Unspecified</pose>
        <truncated>0</truncated>
        <difficult>0</difficult>
        <bndbox>
            <xmin>209.0634765625</xmin>
            <ymin>89.43684895833333</ymin>
            <xmax>466.7123697916686</xmax>
            <ymax>374.7379557291667</ymax>
        </bndbox>
    </object>    <object>
        <name>body</name>
        <pose>Unspecified</pose>
        <truncated>0</truncated>
        <difficult>0</difficult>
        <bndbox>
            <xmin>523.2651742788462</xmin>
            <ymin>319.6279296875</ymin>
            <xmax>709.0026141826921</xmax>
            <ymax>497.4088848407443</ymax>
        </bndbox>
    </object>
</annotation>
