<annotation>
    <folder></folder>
    <filename>frame_000421</filename>
    <path></path>
    <source>
        <database>Unknown</database>
    </source>
    <size>
        <width>1280</width>
        <height>720</height>
        <depth>3</depth>
    </size>
    <segmented>0</segmented>
    <object>
        <name>head</name>
        <pose>Unspecified</pose>
        <truncated>0</truncated>
        <difficult>0</difficult>
        <bndbox>
            <xmin>586.187109375</xmin>
            <ymin>215.33232421875</ymin>
            <xmax>686.0714843750014</xmax>
            <ymax>327.51142578124853</ymax>
        </bndbox>
    </object>    <object>
        <name>body</name>
        <pose>Unspecified</pose>
        <truncated>0</truncated>
        <difficult>0</difficult>
        <bndbox>
            <xmin>688.244140625</xmin>
            <ymin>344.4044596354167</ymin>
            <xmax>1262.244140625</xmax>
            <ymax>717.2533203125007</ymax>
        </bndbox>
    </object>    <object>
        <name>body</name>
        <pose>Unspecified</pose>
        <truncated>0</truncated>
        <difficult>0</difficult>
        <bndbox>
            <xmin>24.351118607954547</xmin>
            <ymin>362.5843750000007</ymin>
            <xmax>518.4353199968483</xmax>
            <ymax>704.1563100179033</ymax>
        </bndbox>
    </object>    <object>
        <name>head</name>
        <pose>Unspecified</pose>
        <truncated>0</truncated>
        <difficult>0</difficult>
        <bndbox>
            <xmin>822.2817887931035</xmin>
            <ymin>60.533977640086206</ymin>
            <xmax>1137.1731950431042</xmax>
            <ymax>360.7361138705539</ymax>
        </bndbox>
    </object>    <object>
        <name>head</name>
        <pose>Unspecified</pose>
        <truncated>0</truncated>
        <difficult>0</difficult>
        <bndbox>
            <xmin>169.43722098214286</xmin>
            <ymin>60.024693080357146</ymin>
            <xmax>447.137220982141</xmax>
            <ymax>365.2069196428586</ymax>
        </bndbox>
    </object>    <object>
        <name>body</name>
        <pose>Unspecified</pose>
        <truncated>0</truncated>
        <difficult>0</difficult>
        <bndbox>
            <xmin>519.408046875</xmin>
            <ymin>316.2937109375</ymin>
            <xmax>719.3978906250014</xmax>
            <ymax>492.0923408588588</ymax>
        </bndbox>
    </object>
</annotation>
