<annotation>
    <folder></folder>
    <filename>frame_000332</filename>
    <path></path>
    <source>
        <database>Unknown</database>
    </source>
    <size>
        <width>1280</width>
        <height>720</height>
        <depth>3</depth>
    </size>
    <segmented>0</segmented>
    <object>
        <name>head</name>
        <pose>Unspecified</pose>
        <truncated>0</truncated>
        <difficult>0</difficult>
        <bndbox>
            <xmin>593.513671875</xmin>
            <ymin>212.9794921875</ymin>
            <xmax>693.3980468750015</xmax>
            <ymax>325.15859374999854</ymax>
        </bndbox>
    </object>    <object>
        <name>body</name>
        <pose>Unspecified</pose>
        <truncated>0</truncated>
        <difficult>0</difficult>
        <bndbox>
            <xmin>676.3928571428571</xmin>
            <ymin>340.576171875</ymin>
            <xmax>1249.7885841836735</xmax>
            <ymax>714.3726562500015</ymax>
        </bndbox>
    </object>    <object>
        <name>body</name>
        <pose>Unspecified</pose>
        <truncated>0</truncated>
        <difficult>0</difficult>
        <bndbox>
            <xmin>8.41162109375</xmin>
            <ymin>365.1826171875</ymin>
            <xmax>512.637017822266</xmax>
            <ymax>717.6611328125</ymax>
        </bndbox>
    </object>    <object>
        <name>head</name>
        <pose>Unspecified</pose>
        <truncated>0</truncated>
        <difficult>0</difficult>
        <bndbox>
            <xmin>865.3560014204545</xmin>
            <ymin>54.951171875</ymin>
            <xmax>1180.2474076704552</xmax>
            <ymax>355.15330810546766</ymax>
        </bndbox>
    </object>    <object>
        <name>head</name>
        <pose>Unspecified</pose>
        <truncated>0</truncated>
        <difficult>0</difficult>
        <bndbox>
            <xmin>203.4716796875</xmin>
            <ymin>90.21875</ymin>
            <xmax>481.1716796875007</xmax>
            <ymax>395.40097656250146</ymax>
        </bndbox>
    </object>    <object>
        <name>body</name>
        <pose>Unspecified</pose>
        <truncated>0</truncated>
        <difficult>0</difficult>
        <bndbox>
            <xmin>528.87109375</xmin>
            <ymin>316.708984375</ymin>
            <xmax>705.5180948893212</xmax>
            <ymax>475.9369384765596</ymax>
        </bndbox>
    </object>
</annotation>
