<annotation>
    <folder></folder>
    <filename>frame_000229</filename>
    <path></path>
    <source>
        <database>Unknown</database>
    </source>
    <size>
        <width>1280</width>
        <height>720</height>
        <depth>3</depth>
    </size>
    <segmented>0</segmented>
    <object>
        <name>head</name>
        <pose>Unspecified</pose>
        <truncated>0</truncated>
        <difficult>0</difficult>
        <bndbox>
            <xmin>581.739453125</xmin>
            <ymin>195.9794921875</ymin>
            <xmax>709.6722656249992</xmax>
            <ymax>330.591806030272</ymax>
        </bndbox>
    </object>    <object>
        <name>body</name>
        <pose>Unspecified</pose>
        <truncated>0</truncated>
        <difficult>0</difficult>
        <bndbox>
            <xmin>701.513671875</xmin>
            <ymin>364.96841032608694</ymin>
            <xmax>1275.513671875</xmax>
            <ymax>717.1021212635872</ymax>
        </bndbox>
    </object>    <object>
        <name>body</name>
        <pose>Unspecified</pose>
        <truncated>0</truncated>
        <difficult>0</difficult>
        <bndbox>
            <xmin>5.6083984375</xmin>
            <ymin>341.95109375000027</ymin>
            <xmax>533.2000000000007</xmax>
            <ymax>708.7368933105463</ymax>
        </bndbox>
    </object>    <object>
        <name>head</name>
        <pose>Unspecified</pose>
        <truncated>0</truncated>
        <difficult>0</difficult>
        <bndbox>
            <xmin>837.3851102941177</xmin>
            <ymin>56.698127297794116</ymin>
            <xmax>1152.2765165441183</xmax>
            <ymax>356.9002635282618</ymax>
        </bndbox>
    </object>    <object>
        <name>head</name>
        <pose>Unspecified</pose>
        <truncated>0</truncated>
        <difficult>0</difficult>
        <bndbox>
            <xmin>194.68294270833334</xmin>
            <ymin>101.32790798611111</ymin>
            <xmax>439.06616617838637</xmax>
            <ymax>360.34031439887036</ymax>
        </bndbox>
    </object>    <object>
        <name>body</name>
        <pose>Unspecified</pose>
        <truncated>0</truncated>
        <difficult>0</difficult>
        <bndbox>
            <xmin>503.80390625</xmin>
            <ymin>330.2796875</ymin>
            <xmax>731.6039062499992</xmax>
            <ymax>528.7480590820284</ymax>
        </bndbox>
    </object>
</annotation>
