<annotation>
    <folder></folder>
    <filename>frame_000385</filename>
    <path></path>
    <source>
        <database>Unknown</database>
    </source>
    <size>
        <width>1280</width>
        <height>720</height>
        <depth>3</depth>
    </size>
    <segmented>0</segmented>
    <object>
        <name>head</name>
        <pose>Unspecified</pose>
        <truncated>0</truncated>
        <difficult>0</difficult>
        <bndbox>
            <xmin>491.984375</xmin>
            <ymin>224.0546875</ymin>
            <xmax>591.8687500000015</xmax>
            <ymax>336.23378906249854</ymax>
        </bndbox>
    </object>    <object>
        <name>body</name>
        <pose>Unspecified</pose>
        <truncated>0</truncated>
        <difficult>0</difficult>
        <bndbox>
            <xmin>688.244140625</xmin>
            <ymin>341.1993815104167</ymin>
            <xmax>1262.244140625</xmax>
            <ymax>714.8416015625013</ymax>
        </bndbox>
    </object>    <object>
        <name>body</name>
        <pose>Unspecified</pose>
        <truncated>0</truncated>
        <difficult>0</difficult>
        <bndbox>
            <xmin>23.414888822115383</xmin>
            <ymin>331.27777944711573</ymin>
            <xmax>522.4000000000015</xmax>
            <ymax>706.5834369365982</ymax>
        </bndbox>
    </object>    <object>
        <name>head</name>
        <pose>Unspecified</pose>
        <truncated>0</truncated>
        <difficult>0</difficult>
        <bndbox>
            <xmin>907.9181082589286</xmin>
            <ymin>41.40611049107143</ymin>
            <xmax>1222.8095145089294</xmax>
            <ymax>341.6082467215391</ymax>
        </bndbox>
    </object>    <object>
        <name>head</name>
        <pose>Unspecified</pose>
        <truncated>0</truncated>
        <difficult>0</difficult>
        <bndbox>
            <xmin>90.18999565972223</xmin>
            <ymin>64.23697916666667</ymin>
            <xmax>347.3721137152809</xmax>
            <ymax>339.6245988633891</ymax>
        </bndbox>
    </object>    <object>
        <name>body</name>
        <pose>Unspecified</pose>
        <truncated>0</truncated>
        <difficult>0</difficult>
        <bndbox>
            <xmin>528.575390625</xmin>
            <ymin>322.920703125</ymin>
            <xmax>728.5652343750014</xmax>
            <ymax>495.58219726562385</ymax>
        </bndbox>
    </object>
</annotation>
