<annotation>
    <folder></folder>
    <filename>frame_000092</filename>
    <path></path>
    <source>
        <database>Unknown</database>
    </source>
    <size>
        <width>1280</width>
        <height>720</height>
        <depth>3</depth>
    </size>
    <segmented>0</segmented>
    <object>
        <name>head</name>
        <pose>Unspecified</pose>
        <truncated>0</truncated>
        <difficult>0</difficult>
        <bndbox>
            <xmin>581.83154296875</xmin>
            <ymin>187.2213134765625</ymin>
            <xmax>687.2854492187507</xmax>
            <ymax>320.7599914550774</ymax>
        </bndbox>
    </object>    <object>
        <name>body</name>
        <pose>Unspecified</pose>
        <truncated>0</truncated>
        <difficult>0</difficult>
        <bndbox>
            <xmin>685.8509646045918</xmin>
            <ymin>367.88750265731295</ymin>
            <xmax>1259.8509646045918</xmax>
            <ymax>720.0</ymax>
        </bndbox>
    </object>    <object>
        <name>body</name>
        <pose>Unspecified</pose>
        <truncated>0</truncated>
        <difficult>0</difficult>
        <bndbox>
            <xmin>3.0591264204545454</xmin>
            <ymin>332.3900035511364</ymin>
            <xmax>562.8649502840916</xmax>
            <ymax>715.6909090909103</ymax>
        </bndbox>
    </object>    <object>
        <name>head</name>
        <pose>Unspecified</pose>
        <truncated>0</truncated>
        <difficult>0</difficult>
        <bndbox>
            <xmin>829.7970622859589</xmin>
            <ymin>54.406223244863014</ymin>
            <xmax>1144.6884685359596</xmax>
            <ymax>354.60835947533064</ymax>
        </bndbox>
    </object>    <object>
        <name>head</name>
        <pose>Unspecified</pose>
        <truncated>0</truncated>
        <difficult>0</difficult>
        <bndbox>
            <xmin>167.31783353365384</xmin>
            <ymin>62.44328425480769</ymin>
            <xmax>429.22701322115387</xmax>
            <ymax>356.3022686298073</ymax>
        </bndbox>
    </object>    <object>
        <name>body</name>
        <pose>Unspecified</pose>
        <truncated>0</truncated>
        <difficult>0</difficult>
        <bndbox>
            <xmin>510.87179129464283</xmin>
            <ymin>319.192626953125</ymin>
            <xmax>738.6717912946422</xmax>
            <ymax>500.90767396171447</ymax>
        </bndbox>
    </object>
</annotation>
