<annotation>
    <folder></folder>
    <filename>frame_000452</filename>
    <path></path>
    <source>
        <database>Unknown</database>
    </source>
    <size>
        <width>1280</width>
        <height>720</height>
        <depth>3</depth>
    </size>
    <segmented>0</segmented>
    <object>
        <name>head</name>
        <pose>Unspecified</pose>
        <truncated>0</truncated>
        <difficult>0</difficult>
        <bndbox>
            <xmin>566.18671875</xmin>
            <ymin>212.06171875</ymin>
            <xmax>666.0710937500014</xmax>
            <ymax>324.24082031249856</ymax>
        </bndbox>
    </object>    <object>
        <name>body</name>
        <pose>Unspecified</pose>
        <truncated>0</truncated>
        <difficult>0</difficult>
        <bndbox>
            <xmin>688.244140625</xmin>
            <ymin>347.1643880208333</ymin>
            <xmax>1262.244140625</xmax>
            <ymax>719.3300781250002</ymax>
        </bndbox>
    </object>    <object>
        <name>body</name>
        <pose>Unspecified</pose>
        <truncated>0</truncated>
        <difficult>0</difficult>
        <bndbox>
            <xmin>1.5080915178571428</xmin>
            <ymin>339.35205078125</ymin>
            <xmax>533.4331305803571</xmax>
            <ymax>713.7142857142857</ymax>
        </bndbox>
    </object>    <object>
        <name>head</name>
        <pose>Unspecified</pose>
        <truncated>0</truncated>
        <difficult>0</difficult>
        <bndbox>
            <xmin>851.603515625</xmin>
            <ymin>55.59461805555556</ymin>
            <xmax>1139.3435336538505</xmax>
            <ymax>344.3330510483431</ymax>
        </bndbox>
    </object>    <object>
        <name>head</name>
        <pose>Unspecified</pose>
        <truncated>0</truncated>
        <difficult>0</difficult>
        <bndbox>
            <xmin>171.8359375</xmin>
            <ymin>50.4384765625</ymin>
            <xmax>422.2736328125011</xmax>
            <ymax>331.2864074707031</ymax>
        </bndbox>
    </object>    <object>
        <name>body</name>
        <pose>Unspecified</pose>
        <truncated>0</truncated>
        <difficult>0</difficult>
        <bndbox>
            <xmin>510.88984375</xmin>
            <ymin>325.912109375</ymin>
            <xmax>712.092848227061</xmax>
            <ymax>486.19269194266815</ymax>
        </bndbox>
    </object>
</annotation>
