<annotation>
    <folder></folder>
    <filename>frame_000544</filename>
    <path></path>
    <source>
        <database>Unknown</database>
    </source>
    <size>
        <width>1280</width>
        <height>720</height>
        <depth>3</depth>
    </size>
    <segmented>0</segmented>
    <object>
        <name>head</name>
        <pose>Unspecified</pose>
        <truncated>0</truncated>
        <difficult>0</difficult>
        <bndbox>
            <xmin>553.6171875</xmin>
            <ymin>208.3837890625</ymin>
            <xmax>697.9125045776345</xmax>
            <ymax>320.56289062499854</ymax>
        </bndbox>
    </object>    <object>
        <name>body</name>
        <pose>Unspecified</pose>
        <truncated>0</truncated>
        <difficult>0</difficult>
        <bndbox>
            <xmin>711.599609375</xmin>
            <ymin>348.048828125</ymin>
            <xmax>1279.0660156249978</xmax>
            <ymax>707.0</ymax>
        </bndbox>
    </object>    <object>
        <name>body</name>
        <pose>Unspecified</pose>
        <truncated>0</truncated>
        <difficult>0</difficult>
        <bndbox>
            <xmin>42.9921875</xmin>
            <ymin>350.1422526041679</ymin>
            <xmax>487.9760416666686</xmax>
            <ymax>720.0</ymax>
        </bndbox>
    </object>    <object>
        <name>head</name>
        <pose>Unspecified</pose>
        <truncated>0</truncated>
        <difficult>0</difficult>
        <bndbox>
            <xmin>836.991796875</xmin>
            <ymin>44.3798828125</ymin>
            <xmax>1151.8832031250008</xmax>
            <ymax>344.58201904296766</ymax>
        </bndbox>
    </object>    <object>
        <name>head</name>
        <pose>Unspecified</pose>
        <truncated>0</truncated>
        <difficult>0</difficult>
        <bndbox>
            <xmin>146.51904296875</xmin>
            <ymin>47.568603515625</ymin>
            <xmax>416.0351671006956</xmax>
            <ymax>347.644381713867</ymax>
        </bndbox>
    </object>    <object>
        <name>body</name>
        <pose>Unspecified</pose>
        <truncated>0</truncated>
        <difficult>0</difficult>
        <bndbox>
            <xmin>500.03701171874945</xmin>
            <ymin>322.18271484375055</ymin>
            <xmax>727.509767913818</xmax>
            <ymax>526.5322265625</ymax>
        </bndbox>
    </object>
</annotation>
