<annotation>
    <folder></folder>
    <filename>frame_000141</filename>
    <path></path>
    <source>
        <database>Unknown</database>
    </source>
    <size>
        <width>1280</width>
        <height>720</height>
        <depth>3</depth>
    </size>
    <segmented>0</segmented>
    <object>
        <name>head</name>
        <pose>Unspecified</pose>
        <truncated>0</truncated>
        <difficult>0</difficult>
        <bndbox>
            <xmin>595.6549479166666</xmin>
            <ymin>187.77604166666666</ymin>
            <xmax>717.5933854166666</xmax>
            <ymax>321.3147196451816</ymax>
        </bndbox>
    </object>    <object>
        <name>body</name>
        <pose>Unspecified</pose>
        <truncated>0</truncated>
        <difficult>0</difficult>
        <bndbox>
            <xmin>674.2611208545918</xmin>
            <ymin>368.26185161564626</ymin>
            <xmax>1248.2611208545918</xmax>
            <ymax>720.0</ymax>
        </bndbox>
    </object>    <object>
        <name>body</name>
        <pose>Unspecified</pose>
        <truncated>0</truncated>
        <difficult>0</difficult>
        <bndbox>
            <xmin>16.336263020833332</xmin>
            <ymin>380.9124348958333</ymin>
            <xmax>520.2100694444484</xmax>
            <ymax>719.4351223415797</ymax>
        </bndbox>
    </object>    <object>
        <name>head</name>
        <pose>Unspecified</pose>
        <truncated>0</truncated>
        <difficult>0</difficult>
        <bndbox>
            <xmin>832.5108358304794</xmin>
            <ymin>51.56102177868151</ymin>
            <xmax>1147.4022420804802</xmax>
            <ymax>351.76315800914915</ymax>
        </bndbox>
    </object>    <object>
        <name>head</name>
        <pose>Unspecified</pose>
        <truncated>0</truncated>
        <difficult>0</difficult>
        <bndbox>
            <xmin>133.80149147727272</xmin>
            <ymin>87.98401988636364</ymin>
            <xmax>395.71067116477275</xmax>
            <ymax>381.84300426136457</ymax>
        </bndbox>
    </object>    <object>
        <name>body</name>
        <pose>Unspecified</pose>
        <truncated>0</truncated>
        <difficult>0</difficult>
        <bndbox>
            <xmin>512.828947368421</xmin>
            <ymin>315.74583675986844</ymin>
            <xmax>740.6289473684203</xmax>
            <ymax>496.5326338797363</ymax>
        </bndbox>
    </object>
</annotation>
