<annotation>
    <folder></folder>
    <filename>frame_000456</filename>
    <path></path>
    <source>
        <database>Unknown</database>
    </source>
    <size>
        <width>1280</width>
        <height>720</height>
        <depth>3</depth>
    </size>
    <segmented>0</segmented>
    <object>
        <name>head</name>
        <pose>Unspecified</pose>
        <truncated>0</truncated>
        <difficult>0</difficult>
        <bndbox>
            <xmin>569.0771484375</xmin>
            <ymin>213.94609375000027</ymin>
            <xmax>673.6398437500011</xmax>
            <ymax>328.4530269622792</ymax>
        </bndbox>
    </object>    <object>
        <name>body</name>
        <pose>Unspecified</pose>
        <truncated>0</truncated>
        <difficult>0</difficult>
        <bndbox>
            <xmin>688.244140625</xmin>
            <ymin>347.5205078125</ymin>
            <xmax>1262.244140625</xmax>
            <ymax>719.5980468750001</ymax>
        </bndbox>
    </object>    <object>
        <name>body</name>
        <pose>Unspecified</pose>
        <truncated>0</truncated>
        <difficult>0</difficult>
        <bndbox>
            <xmin>3.107421875</xmin>
            <ymin>346.91259765625</ymin>
            <xmax>531.3439713541666</xmax>
            <ymax>716.0</ymax>
        </bndbox>
    </object>    <object>
        <name>head</name>
        <pose>Unspecified</pose>
        <truncated>0</truncated>
        <difficult>0</difficult>
        <bndbox>
            <xmin>871.947265625</xmin>
            <ymin>49.923611111111114</ymin>
            <xmax>1161.5926442307734</xmax>
            <ymax>339.4665145065432</ymax>
        </bndbox>
    </object>    <object>
        <name>head</name>
        <pose>Unspecified</pose>
        <truncated>0</truncated>
        <difficult>0</difficult>
        <bndbox>
            <xmin>109.5625</xmin>
            <ymin>51.453125</ymin>
            <xmax>402.64296875000036</xmax>
            <ymax>339.1369812011708</ymax>
        </bndbox>
    </object>    <object>
        <name>body</name>
        <pose>Unspecified</pose>
        <truncated>0</truncated>
        <difficult>0</difficult>
        <bndbox>
            <xmin>510.267578125</xmin>
            <ymin>327.10909598214283</ymin>
            <xmax>712.683743329119</xmax>
            <ymax>488.44230701592045</ymax>
        </bndbox>
    </object>
</annotation>
