<annotation>
    <folder></folder>
    <filename>frame_000445</filename>
    <path></path>
    <source>
        <database>Unknown</database>
    </source>
    <size>
        <width>1280</width>
        <height>720</height>
        <depth>3</depth>
    </size>
    <segmented>0</segmented>
    <object>
        <name>head</name>
        <pose>Unspecified</pose>
        <truncated>0</truncated>
        <difficult>0</difficult>
        <bndbox>
            <xmin>574.97119140625</xmin>
            <ymin>206.136962890625</ymin>
            <xmax>688.2424158732092</xmax>
            <ymax>318.32185821532903</ymax>
        </bndbox>
    </object>    <object>
        <name>body</name>
        <pose>Unspecified</pose>
        <truncated>0</truncated>
        <difficult>0</difficult>
        <bndbox>
            <xmin>688.244140625</xmin>
            <ymin>346.5411783854167</ymin>
            <xmax>1262.244140625</xmax>
            <ymax>718.8611328125003</ymax>
        </bndbox>
    </object>    <object>
        <name>body</name>
        <pose>Unspecified</pose>
        <truncated>0</truncated>
        <difficult>0</difficult>
        <bndbox>
            <xmin>31.11015625</xmin>
            <ymin>357.595703125</ymin>
            <xmax>522.5309350902942</xmax>
            <ymax>718.4</ymax>
        </bndbox>
    </object>    <object>
        <name>head</name>
        <pose>Unspecified</pose>
        <truncated>0</truncated>
        <difficult>0</difficult>
        <bndbox>
            <xmin>826.5533854166666</xmin>
            <ymin>64.0315104166669</ymin>
            <xmax>1110.9590224358992</xmax>
            <ymax>351.3621202048277</ymax>
        </bndbox>
    </object>    <object>
        <name>head</name>
        <pose>Unspecified</pose>
        <truncated>0</truncated>
        <difficult>0</difficult>
        <bndbox>
            <xmin>167.55110677083334</xmin>
            <ymin>74.84309895833333</ymin>
            <xmax>418.9640429687491</xmax>
            <ymax>359.43406209309734</ymax>
        </bndbox>
    </object>    <object>
        <name>body</name>
        <pose>Unspecified</pose>
        <truncated>0</truncated>
        <difficult>0</difficult>
        <bndbox>
            <xmin>521.83251953125</xmin>
            <ymin>320.090576171875</ymin>
            <xmax>724.609082031252</xmax>
            <ymax>512.5501953124976</ymax>
        </bndbox>
    </object>
</annotation>
