<annotation>
    <folder></folder>
    <filename>frame_000357</filename>
    <path></path>
    <source>
        <database>Unknown</database>
    </source>
    <size>
        <width>1280</width>
        <height>720</height>
        <depth>3</depth>
    </size>
    <segmented>0</segmented>
    <object>
        <name>head</name>
        <pose>Unspecified</pose>
        <truncated>0</truncated>
        <difficult>0</difficult>
        <bndbox>
            <xmin>592.6484375</xmin>
            <ymin>202.266845703125</ymin>
            <xmax>692.5328125000015</xmax>
            <ymax>314.44594726562354</ymax>
        </bndbox>
    </object>    <object>
        <name>body</name>
        <pose>Unspecified</pose>
        <truncated>0</truncated>
        <difficult>0</difficult>
        <bndbox>
            <xmin>696.5797991071429</xmin>
            <ymin>340.576171875</ymin>
            <xmax>1266.9541613520407</xmax>
            <ymax>714.3726562500015</ymax>
        </bndbox>
    </object>    <object>
        <name>body</name>
        <pose>Unspecified</pose>
        <truncated>0</truncated>
        <difficult>0</difficult>
        <bndbox>
            <xmin>10.4453125</xmin>
            <ymin>347.0526855468761</ymin>
            <xmax>510.6401855468757</xmax>
            <ymax>718.4751205444336</ymax>
        </bndbox>
    </object>    <object>
        <name>head</name>
        <pose>Unspecified</pose>
        <truncated>0</truncated>
        <difficult>0</difficult>
        <bndbox>
            <xmin>820.930390625</xmin>
            <ymin>57.2348828125</ymin>
            <xmax>1135.8217968750007</xmax>
            <ymax>357.4370190429677</ymax>
        </bndbox>
    </object>    <object>
        <name>head</name>
        <pose>Unspecified</pose>
        <truncated>0</truncated>
        <difficult>0</difficult>
        <bndbox>
            <xmin>142.93896484375</xmin>
            <ymin>60.59033203125</ymin>
            <xmax>412.26858289930715</xmax>
            <ymax>348.4381500244135</ymax>
        </bndbox>
    </object>    <object>
        <name>body</name>
        <pose>Unspecified</pose>
        <truncated>0</truncated>
        <difficult>0</difficult>
        <bndbox>
            <xmin>526.81494140625</xmin>
            <ymin>320.773193359375</ymin>
            <xmax>727.6281137466376</xmax>
            <ymax>502.1908409118687</ymax>
        </bndbox>
    </object>
</annotation>
