<annotation>
    <folder></folder>
    <filename>frame_000051</filename>
    <path></path>
    <source>
        <database>Unknown</database>
    </source>
    <size>
        <width>1280</width>
        <height>720</height>
        <depth>3</depth>
    </size>
    <segmented>0</segmented>
    <object>
        <name>head</name>
        <pose>Unspecified</pose>
        <truncated>0</truncated>
        <difficult>0</difficult>
        <bndbox>
            <xmin>602.6805989583333</xmin>
            <ymin>193.12877604166667</ymin>
            <xmax>708.1345052083341</xmax>
            <ymax>326.66745402018154</ymax>
        </bndbox>
    </object>    <object>
        <name>body</name>
        <pose>Unspecified</pose>
        <truncated>0</truncated>
        <difficult>0</difficult>
        <bndbox>
            <xmin>695.5485889668367</xmin>
            <ymin>367.5742718962585</ymin>
            <xmax>1269.5485889668366</xmax>
            <ymax>720.0</ymax>
        </bndbox>
    </object>    <object>
        <name>body</name>
        <pose>Unspecified</pose>
        <truncated>0</truncated>
        <difficult>0</difficult>
        <bndbox>
            <xmin>4.422237723214286</xmin>
            <ymin>356.2580078125</ymin>
            <xmax>573.6687779017865</xmax>
            <ymax>711.8887779017866</ymax>
        </bndbox>
    </object>    <object>
        <name>head</name>
        <pose>Unspecified</pose>
        <truncated>0</truncated>
        <difficult>0</difficult>
        <bndbox>
            <xmin>827.5263538099315</xmin>
            <ymin>56.78690202268836</ymin>
            <xmax>1142.4177600599323</xmax>
            <ymax>356.989038253156</ymax>
        </bndbox>
    </object>    <object>
        <name>head</name>
        <pose>Unspecified</pose>
        <truncated>0</truncated>
        <difficult>0</difficult>
        <bndbox>
            <xmin>167.98828125</xmin>
            <ymin>66.12348090277777</ymin>
            <xmax>429.8974609375</xmax>
            <ymax>359.9824652777774</ymax>
        </bndbox>
    </object>    <object>
        <name>body</name>
        <pose>Unspecified</pose>
        <truncated>0</truncated>
        <difficult>0</difficult>
        <bndbox>
            <xmin>507.7084334935897</xmin>
            <ymin>327.1930588942308</ymin>
            <xmax>735.508433493589</xmax>
            <ymax>490.893071101262</ymax>
        </bndbox>
    </object>
</annotation>
