<annotation>
    <folder></folder>
    <filename>frame_000136</filename>
    <path></path>
    <source>
        <database>Unknown</database>
    </source>
    <size>
        <width>1280</width>
        <height>720</height>
        <depth>3</depth>
    </size>
    <segmented>0</segmented>
    <object>
        <name>head</name>
        <pose>Unspecified</pose>
        <truncated>0</truncated>
        <difficult>0</difficult>
        <bndbox>
            <xmin>593.2102864583334</xmin>
            <ymin>189.43294270833334</ymin>
            <xmax>713.2754817708327</xmax>
            <ymax>322.9716206868482</ymax>
        </bndbox>
    </object>    <object>
        <name>body</name>
        <pose>Unspecified</pose>
        <truncated>0</truncated>
        <difficult>0</difficult>
        <bndbox>
            <xmin>675.4437579719388</xmin>
            <ymin>368.2236527423469</ymin>
            <xmax>1249.4437579719388</xmax>
            <ymax>720.0</ymax>
        </bndbox>
    </object>    <object>
        <name>body</name>
        <pose>Unspecified</pose>
        <truncated>0</truncated>
        <difficult>0</difficult>
        <bndbox>
            <xmin>17.14898003472222</xmin>
            <ymin>387.1637912326389</ymin>
            <xmax>524.5132016782451</xmax>
            <ymax>719.9058537235966</ymax>
        </bndbox>
    </object>    <object>
        <name>head</name>
        <pose>Unspecified</pose>
        <truncated>0</truncated>
        <difficult>0</difficult>
        <bndbox>
            <xmin>832.2339201626712</xmin>
            <ymin>51.85134845890411</ymin>
            <xmax>1147.125326412672</xmax>
            <ymax>352.05348468937177</ymax>
        </bndbox>
    </object>    <object>
        <name>head</name>
        <pose>Unspecified</pose>
        <truncated>0</truncated>
        <difficult>0</difficult>
        <bndbox>
            <xmin>134.95649857954547</xmin>
            <ymin>94.58180930397727</ymin>
            <xmax>396.86567826704544</xmax>
            <ymax>388.44079367897865</ymax>
        </bndbox>
    </object>    <object>
        <name>body</name>
        <pose>Unspecified</pose>
        <truncated>0</truncated>
        <difficult>0</difficult>
        <bndbox>
            <xmin>512.001953125</xmin>
            <ymin>314.41796875</ymin>
            <xmax>739.8019531249993</xmax>
            <ymax>494.2942888367852</ymax>
        </bndbox>
    </object>
</annotation>
