<annotation>
    <folder></folder>
    <filename>frame_000360</filename>
    <path></path>
    <source>
        <database>Unknown</database>
    </source>
    <size>
        <width>1280</width>
        <height>720</height>
        <depth>3</depth>
    </size>
    <segmented>0</segmented>
    <object>
        <name>head</name>
        <pose>Unspecified</pose>
        <truncated>0</truncated>
        <difficult>0</difficult>
        <bndbox>
            <xmin>562.912109375</xmin>
            <ymin>204.38671875</ymin>
            <xmax>662.7964843750015</xmax>
            <ymax>316.56582031249854</ymax>
        </bndbox>
    </object>    <object>
        <name>body</name>
        <pose>Unspecified</pose>
        <truncated>0</truncated>
        <difficult>0</difficult>
        <bndbox>
            <xmin>699.0022321428571</xmin>
            <ymin>340.576171875</ymin>
            <xmax>1269.0140306122448</xmax>
            <ymax>714.3726562500015</ymax>
        </bndbox>
    </object>    <object>
        <name>body</name>
        <pose>Unspecified</pose>
        <truncated>0</truncated>
        <difficult>0</difficult>
        <bndbox>
            <xmin>7.373697916666666</xmin>
            <ymin>349.5749348958343</ymin>
            <xmax>491.1288736979174</xmax>
            <ymax>715.3928139241531</ymax>
        </bndbox>
    </object>    <object>
        <name>head</name>
        <pose>Unspecified</pose>
        <truncated>0</truncated>
        <difficult>0</difficult>
        <bndbox>
            <xmin>814.962265625</xmin>
            <ymin>57.59546875</ymin>
            <xmax>1129.8536718750008</xmax>
            <ymax>357.79760498046767</ymax>
        </bndbox>
    </object>    <object>
        <name>head</name>
        <pose>Unspecified</pose>
        <truncated>0</truncated>
        <difficult>0</difficult>
        <bndbox>
            <xmin>145.909765625</xmin>
            <ymin>92.714453125</ymin>
            <xmax>411.08757812500045</xmax>
            <ymax>369.910911254882</ymax>
        </bndbox>
    </object>    <object>
        <name>body</name>
        <pose>Unspecified</pose>
        <truncated>0</truncated>
        <difficult>0</difficult>
        <bndbox>
            <xmin>522.8738281250016</xmin>
            <ymin>317.82309570312555</ymin>
            <xmax>722.7215723941199</xmax>
            <ymax>504.0273800498562</ymax>
        </bndbox>
    </object>
</annotation>
