<annotation>
    <folder></folder>
    <filename>frame_000020</filename>
    <path></path>
    <source>
        <database>Unknown</database>
    </source>
    <size>
        <width>1280</width>
        <height>720</height>
        <depth>3</depth>
    </size>
    <segmented>0</segmented>
    <object>
        <name>head</name>
        <pose>Unspecified</pose>
        <truncated>0</truncated>
        <difficult>0</difficult>
        <bndbox>
            <xmin>568.0546875</xmin>
            <ymin>201.5458984375</ymin>
            <xmax>673.5031249999993</xmax>
            <ymax>340.6859497070309</ymax>
        </bndbox>
    </object>    <object>
        <name>body</name>
        <pose>Unspecified</pose>
        <truncated>0</truncated>
        <difficult>0</difficult>
        <bndbox>
            <xmin>732.9036458333334</xmin>
            <ymin>345.4342447916667</ymin>
            <xmax>1265.8000000000004</xmax>
            <ymax>711.4010416666666</ymax>
        </bndbox>
    </object>    <object>
        <name>body</name>
        <pose>Unspecified</pose>
        <truncated>0</truncated>
        <difficult>0</difficult>
        <bndbox>
            <xmin>8.333984375</xmin>
            <ymin>349.60000000000036</ymin>
            <xmax>565.7279296874985</xmax>
            <ymax>719.9998168945312</ymax>
        </bndbox>
    </object>    <object>
        <name>head</name>
        <pose>Unspecified</pose>
        <truncated>0</truncated>
        <difficult>0</difficult>
        <bndbox>
            <xmin>932.564453125</xmin>
            <ymin>49.90576171875</ymin>
            <xmax>1245.2220703125004</xmax>
            <ymax>373.6568298339844</ymax>
        </bndbox>
    </object>    <object>
        <name>head</name>
        <pose>Unspecified</pose>
        <truncated>0</truncated>
        <difficult>0</difficult>
        <bndbox>
            <xmin>213.099609375</xmin>
            <ymin>65.75283203125036</ymin>
            <xmax>476.6168945312511</xmax>
            <ymax>373.65458374023365</ymax>
        </bndbox>
    </object>    <object>
        <name>body</name>
        <pose>Unspecified</pose>
        <truncated>0</truncated>
        <difficult>0</difficult>
        <bndbox>
            <xmin>545.513671875</xmin>
            <ymin>330.506591796875</ymin>
            <xmax>739.6750000000002</xmax>
            <ymax>563.7827011108402</ymax>
        </bndbox>
    </object>
</annotation>
