<annotation>
    <folder></folder>
    <filename>frame_000333</filename>
    <path></path>
    <source>
        <database>Unknown</database>
    </source>
    <size>
        <width>1280</width>
        <height>720</height>
        <depth>3</depth>
    </size>
    <segmented>0</segmented>
    <object>
        <name>head</name>
        <pose>Unspecified</pose>
        <truncated>0</truncated>
        <difficult>0</difficult>
        <bndbox>
            <xmin>572.2294921875</xmin>
            <ymin>211.70458984375</ymin>
            <xmax>672.1138671875015</xmax>
            <ymax>323.88369140624854</ymax>
        </bndbox>
    </object>    <object>
        <name>body</name>
        <pose>Unspecified</pose>
        <truncated>0</truncated>
        <difficult>0</difficult>
        <bndbox>
            <xmin>677.2003348214286</xmin>
            <ymin>340.576171875</ymin>
            <xmax>1250.4752072704082</xmax>
            <ymax>714.3726562500015</ymax>
        </bndbox>
    </object>    <object>
        <name>body</name>
        <pose>Unspecified</pose>
        <truncated>0</truncated>
        <difficult>0</difficult>
        <bndbox>
            <xmin>6.3087158203125</xmin>
            <ymin>365.532958984375</ymin>
            <xmax>516.7494461059573</xmax>
            <ymax>718.011474609375</ymax>
        </bndbox>
    </object>    <object>
        <name>head</name>
        <pose>Unspecified</pose>
        <truncated>0</truncated>
        <difficult>0</difficult>
        <bndbox>
            <xmin>864.2514204545455</xmin>
            <ymin>54.951171875</ymin>
            <xmax>1179.1428267045462</xmax>
            <ymax>355.15330810546766</ymax>
        </bndbox>
    </object>    <object>
        <name>head</name>
        <pose>Unspecified</pose>
        <truncated>0</truncated>
        <difficult>0</difficult>
        <bndbox>
            <xmin>213.448974609375</xmin>
            <ymin>95.218994140625</ymin>
            <xmax>491.1489746093757</xmax>
            <ymax>400.40122070312646</ymax>
        </bndbox>
    </object>    <object>
        <name>body</name>
        <pose>Unspecified</pose>
        <truncated>0</truncated>
        <difficult>0</difficult>
        <bndbox>
            <xmin>529.2109375</xmin>
            <ymin>312.4322916666667</ymin>
            <xmax>704.2948296440954</xmax>
            <ymax>471.6602457682263</ymax>
        </bndbox>
    </object>
</annotation>
