<annotation>
    <folder></folder>
    <filename>frame_000013</filename>
    <path></path>
    <source>
        <database>Unknown</database>
    </source>
    <size>
        <width>1280</width>
        <height>720</height>
        <depth>3</depth>
    </size>
    <segmented>0</segmented>
    <object>
        <name>head</name>
        <pose>Unspecified</pose>
        <truncated>0</truncated>
        <difficult>0</difficult>
        <bndbox>
            <xmin>490.66796875</xmin>
            <ymin>151.05859375</ymin>
            <xmax>610.6863281250007</xmax>
            <ymax>312.60000000000036</ymax>
        </bndbox>
    </object>    <object>
        <name>body</name>
        <pose>Unspecified</pose>
        <truncated>0</truncated>
        <difficult>0</difficult>
        <bndbox>
            <xmin>717.201171875</xmin>
            <ymin>354.033203125</ymin>
            <xmax>1272.15073852539</xmax>
            <ymax>720.0</ymax>
        </bndbox>
    </object>    <object>
        <name>body</name>
        <pose>Unspecified</pose>
        <truncated>0</truncated>
        <difficult>0</difficult>
        <bndbox>
            <xmin>20.7001953125</xmin>
            <ymin>308.10000000000036</ymin>
            <xmax>574.7002075195305</xmax>
            <ymax>719.9999694824219</ymax>
        </bndbox>
    </object>    <object>
        <name>head</name>
        <pose>Unspecified</pose>
        <truncated>0</truncated>
        <difficult>0</difficult>
        <bndbox>
            <xmin>867.513671875</xmin>
            <ymin>0.0</ymin>
            <xmax>1216.0703125</xmax>
            <ymax>349.5767517089844</ymax>
        </bndbox>
    </object>    <object>
        <name>head</name>
        <pose>Unspecified</pose>
        <truncated>0</truncated>
        <difficult>0</difficult>
        <bndbox>
            <xmin>264.6904296875</xmin>
            <ymin>40.0</ymin>
            <xmax>509.6951171875007</xmax>
            <ymax>330.5</ymax>
        </bndbox>
    </object>
</annotation>
