<annotation>
    <folder></folder>
    <filename>frame_000063</filename>
    <path></path>
    <source>
        <database>Unknown</database>
    </source>
    <size>
        <width>1280</width>
        <height>720</height>
        <depth>3</depth>
    </size>
    <segmented>0</segmented>
    <object>
        <name>head</name>
        <pose>Unspecified</pose>
        <truncated>0</truncated>
        <difficult>0</difficult>
        <bndbox>
            <xmin>558.7706473214286</xmin>
            <ymin>195.54520089285714</ymin>
            <xmax>664.2245535714293</xmax>
            <ymax>329.08387887137206</ymax>
        </bndbox>
    </object>    <object>
        <name>body</name>
        <pose>Unspecified</pose>
        <truncated>0</truncated>
        <difficult>0</difficult>
        <bndbox>
            <xmin>692.7102598852041</xmin>
            <ymin>367.66594919217687</ymin>
            <xmax>1266.710259885204</xmax>
            <ymax>720.0</ymax>
        </bndbox>
    </object>    <object>
        <name>body</name>
        <pose>Unspecified</pose>
        <truncated>0</truncated>
        <difficult>0</difficult>
        <bndbox>
            <xmin>2.1149832589285715</xmin>
            <ymin>356.2298828125</ymin>
            <xmax>542.3807198660721</xmax>
            <ymax>716.1207198660719</ymax>
        </bndbox>
    </object>    <object>
        <name>head</name>
        <pose>Unspecified</pose>
        <truncated>0</truncated>
        <difficult>0</difficult>
        <bndbox>
            <xmin>828.1909514126712</xmin>
            <ymin>56.09011799015411</ymin>
            <xmax>1143.082357662672</xmax>
            <ymax>356.29225422062177</ymax>
        </bndbox>
    </object>    <object>
        <name>head</name>
        <pose>Unspecified</pose>
        <truncated>0</truncated>
        <difficult>0</difficult>
        <bndbox>
            <xmin>148.03666548295453</xmin>
            <ymin>79.24085582386364</ymin>
            <xmax>409.94584517045456</xmax>
            <ymax>373.09984019886326</ymax>
        </bndbox>
    </object>    <object>
        <name>body</name>
        <pose>Unspecified</pose>
        <truncated>0</truncated>
        <difficult>0</difficult>
        <bndbox>
            <xmin>504.94761618589746</xmin>
            <ymin>325.4676983173077</ymin>
            <xmax>732.7476161858967</xmax>
            <ymax>489.16771052433893</ymax>
        </bndbox>
    </object>
</annotation>
