<annotation>
    <folder></folder>
    <filename>frame_000330</filename>
    <path></path>
    <source>
        <database>Unknown</database>
    </source>
    <size>
        <width>1280</width>
        <height>720</height>
        <depth>3</depth>
    </size>
    <segmented>0</segmented>
    <object>
        <name>head</name>
        <pose>Unspecified</pose>
        <truncated>0</truncated>
        <difficult>0</difficult>
        <bndbox>
            <xmin>582.433203125</xmin>
            <ymin>210.6681640625</ymin>
            <xmax>682.3175781250014</xmax>
            <ymax>322.84726562499856</ymax>
        </bndbox>
    </object>    <object>
        <name>body</name>
        <pose>Unspecified</pose>
        <truncated>0</truncated>
        <difficult>0</difficult>
        <bndbox>
            <xmin>674.7779017857143</xmin>
            <ymin>340.576171875</ymin>
            <xmax>1248.415338010204</xmax>
            <ymax>714.3726562500015</ymax>
        </bndbox>
    </object>    <object>
        <name>body</name>
        <pose>Unspecified</pose>
        <truncated>0</truncated>
        <difficult>0</difficult>
        <bndbox>
            <xmin>12.617431640625</xmin>
            <ymin>364.48193359375</ymin>
            <xmax>504.41216125488336</xmax>
            <ymax>716.96044921875</ymax>
        </bndbox>
    </object>    <object>
        <name>head</name>
        <pose>Unspecified</pose>
        <truncated>0</truncated>
        <difficult>0</difficult>
        <bndbox>
            <xmin>867.5651633522727</xmin>
            <ymin>54.951171875</ymin>
            <xmax>1182.4565696022735</xmax>
            <ymax>355.15330810546766</ymax>
        </bndbox>
    </object>    <object>
        <name>head</name>
        <pose>Unspecified</pose>
        <truncated>0</truncated>
        <difficult>0</difficult>
        <bndbox>
            <xmin>183.51708984375</xmin>
            <ymin>80.21826171875</ymin>
            <xmax>461.2170898437507</xmax>
            <ymax>385.40048828125146</ymax>
        </bndbox>
    </object>    <object>
        <name>body</name>
        <pose>Unspecified</pose>
        <truncated>0</truncated>
        <difficult>0</difficult>
        <bndbox>
            <xmin>533.7994791666666</xmin>
            <ymin>312.80078125</ymin>
            <xmax>713.5726982964419</xmax>
            <ymax>472.0287353515596</ymax>
        </bndbox>
    </object>
</annotation>
