<annotation>
    <folder></folder>
    <filename>frame_000237</filename>
    <path></path>
    <source>
        <database>Unknown</database>
    </source>
    <size>
        <width>1280</width>
        <height>720</height>
        <depth>3</depth>
    </size>
    <segmented>0</segmented>
    <object>
        <name>head</name>
        <pose>Unspecified</pose>
        <truncated>0</truncated>
        <difficult>0</difficult>
        <bndbox>
            <xmin>560.205078125</xmin>
            <ymin>187.0068359375</ymin>
            <xmax>688.1378906249993</xmax>
            <ymax>321.619149780272</ymax>
        </bndbox>
    </object>    <object>
        <name>body</name>
        <pose>Unspecified</pose>
        <truncated>0</truncated>
        <difficult>0</difficult>
        <bndbox>
            <xmin>701.513671875</xmin>
            <ymin>359.3576766304348</ymin>
            <xmax>1275.513671875</xmax>
            <ymax>714.4793563179356</ymax>
        </bndbox>
    </object>    <object>
        <name>body</name>
        <pose>Unspecified</pose>
        <truncated>0</truncated>
        <difficult>0</difficult>
        <bndbox>
            <xmin>5.6083984375</xmin>
            <ymin>324.90000000000146</ymin>
            <xmax>533.2000000000007</xmax>
            <ymax>708.7369079589844</ymax>
        </bndbox>
    </object>    <object>
        <name>head</name>
        <pose>Unspecified</pose>
        <truncated>0</truncated>
        <difficult>0</difficult>
        <bndbox>
            <xmin>837.8284313725491</xmin>
            <ymin>56.264763327205884</ymin>
            <xmax>1152.7198376225497</xmax>
            <ymax>356.4668995576735</ymax>
        </bndbox>
    </object>    <object>
        <name>head</name>
        <pose>Unspecified</pose>
        <truncated>0</truncated>
        <difficult>0</difficult>
        <bndbox>
            <xmin>132.3486328125</xmin>
            <ymin>47.7900390625</ymin>
            <xmax>368.41562500000146</xmax>
            <ymax>300.1654235839833</ymax>
        </bndbox>
    </object>    <object>
        <name>body</name>
        <pose>Unspecified</pose>
        <truncated>0</truncated>
        <difficult>0</difficult>
        <bndbox>
            <xmin>493.93359375</xmin>
            <ymin>311.4375</ymin>
            <xmax>721.7335937499993</xmax>
            <ymax>509.90587158202834</ymax>
        </bndbox>
    </object>
</annotation>
