<annotation>
    <folder></folder>
    <filename>frame_000429</filename>
    <path></path>
    <source>
        <database>Unknown</database>
    </source>
    <size>
        <width>1280</width>
        <height>720</height>
        <depth>3</depth>
    </size>
    <segmented>0</segmented>
    <object>
        <name>head</name>
        <pose>Unspecified</pose>
        <truncated>0</truncated>
        <difficult>0</difficult>
        <bndbox>
            <xmin>595.345703125</xmin>
            <ymin>201.5927734375</ymin>
            <xmax>695.2300781250015</xmax>
            <ymax>313.77187499999854</ymax>
        </bndbox>
    </object>    <object>
        <name>body</name>
        <pose>Unspecified</pose>
        <truncated>0</truncated>
        <difficult>0</difficult>
        <bndbox>
            <xmin>688.244140625</xmin>
            <ymin>345.11669921875</ymin>
            <xmax>1262.244140625</xmax>
            <ymax>717.7892578125005</ymax>
        </bndbox>
    </object>    <object>
        <name>body</name>
        <pose>Unspecified</pose>
        <truncated>0</truncated>
        <difficult>0</difficult>
        <bndbox>
            <xmin>25.08797940340909</xmin>
            <ymin>362.3687500000003</ymin>
            <xmax>517.8339863478581</xmax>
            <ymax>707.9866312662754</ymax>
        </bndbox>
    </object>    <object>
        <name>head</name>
        <pose>Unspecified</pose>
        <truncated>0</truncated>
        <difficult>0</difficult>
        <bndbox>
            <xmin>821.1330818965517</xmin>
            <ymin>58.7928677262931</ymin>
            <xmax>1136.0244881465524</xmax>
            <ymax>358.99500395676074</ymax>
        </bndbox>
    </object>    <object>
        <name>head</name>
        <pose>Unspecified</pose>
        <truncated>0</truncated>
        <difficult>0</difficult>
        <bndbox>
            <xmin>122.824951171875</xmin>
            <ymin>56.377685546875</ymin>
            <xmax>422.73168945312455</xmax>
            <ymax>372.0701644897472</ymax>
        </bndbox>
    </object>    <object>
        <name>body</name>
        <pose>Unspecified</pose>
        <truncated>0</truncated>
        <difficult>0</difficult>
        <bndbox>
            <xmin>525.231796875</xmin>
            <ymin>309.5449609375</ymin>
            <xmax>725.2216406250014</xmax>
            <ymax>480.43376098632535</ymax>
        </bndbox>
    </object>
</annotation>
