<annotation>
    <folder></folder>
    <filename>frame_000242</filename>
    <path></path>
    <source>
        <database>Unknown</database>
    </source>
    <size>
        <width>1280</width>
        <height>720</height>
        <depth>3</depth>
    </size>
    <segmented>0</segmented>
    <object>
        <name>head</name>
        <pose>Unspecified</pose>
        <truncated>0</truncated>
        <difficult>0</difficult>
        <bndbox>
            <xmin>578.6259765625</xmin>
            <ymin>207.7578125</ymin>
            <xmax>692.5345703125022</xmax>
            <ymax>331.1535202026362</ymax>
        </bndbox>
    </object>    <object>
        <name>body</name>
        <pose>Unspecified</pose>
        <truncated>0</truncated>
        <difficult>0</difficult>
        <bndbox>
            <xmin>701.513671875</xmin>
            <ymin>355.8509680706522</ymin>
            <xmax>1275.513671875</xmax>
            <ymax>712.8401282269034</ymax>
        </bndbox>
    </object>    <object>
        <name>body</name>
        <pose>Unspecified</pose>
        <truncated>0</truncated>
        <difficult>0</difficult>
        <bndbox>
            <xmin>12.980773925781477</xmin>
            <ymin>336.962500000001</ymin>
            <xmax>530.3961631774907</xmax>
            <ymax>706.493989944458</ymax>
        </bndbox>
    </object>    <object>
        <name>head</name>
        <pose>Unspecified</pose>
        <truncated>0</truncated>
        <difficult>0</difficult>
        <bndbox>
            <xmin>838.1055070465686</xmin>
            <ymin>55.99391084558823</ymin>
            <xmax>1152.9969132965693</xmax>
            <ymax>356.1960470760559</ymax>
        </bndbox>
    </object>    <object>
        <name>head</name>
        <pose>Unspecified</pose>
        <truncated>0</truncated>
        <difficult>0</difficult>
        <bndbox>
            <xmin>160.13899739583334</xmin>
            <ymin>91.19965277777777</ymin>
            <xmax>396.20598958333477</xmax>
            <ymax>343.57503729926106</ymax>
        </bndbox>
    </object>    <object>
        <name>body</name>
        <pose>Unspecified</pose>
        <truncated>0</truncated>
        <difficult>0</difficult>
        <bndbox>
            <xmin>501.78515625</xmin>
            <ymin>318.7275390625</ymin>
            <xmax>729.5851562499993</xmax>
            <ymax>517.1959106445283</ymax>
        </bndbox>
    </object>
</annotation>
