<annotation>
    <folder></folder>
    <filename>frame_000296</filename>
    <path></path>
    <source>
        <database>Unknown</database>
    </source>
    <size>
        <width>1280</width>
        <height>720</height>
        <depth>3</depth>
    </size>
    <segmented>0</segmented>
    <object>
        <name>head</name>
        <pose>Unspecified</pose>
        <truncated>0</truncated>
        <difficult>0</difficult>
        <bndbox>
            <xmin>606.08203125</xmin>
            <ymin>219.2685546875</ymin>
            <xmax>705.9664062500015</xmax>
            <ymax>331.44765624999854</ymax>
        </bndbox>
    </object>    <object>
        <name>body</name>
        <pose>Unspecified</pose>
        <truncated>0</truncated>
        <difficult>0</difficult>
        <bndbox>
            <xmin>705.056640625</xmin>
            <ymin>370.37890625</ymin>
            <xmax>1275.1399739583358</xmax>
            <ymax>720.0</ymax>
        </bndbox>
    </object>    <object>
        <name>body</name>
        <pose>Unspecified</pose>
        <truncated>0</truncated>
        <difficult>0</difficult>
        <bndbox>
            <xmin>21.3134765625</xmin>
            <ymin>392.8681640625</ymin>
            <xmax>542.8317886352561</xmax>
            <ymax>720.0</ymax>
        </bndbox>
    </object>    <object>
        <name>head</name>
        <pose>Unspecified</pose>
        <truncated>0</truncated>
        <difficult>0</difficult>
        <bndbox>
            <xmin>887.0390625</xmin>
            <ymin>89.07421875</ymin>
            <xmax>1201.257087053571</xmax>
            <ymax>389.27635498046766</ymax>
        </bndbox>
    </object>    <object>
        <name>head</name>
        <pose>Unspecified</pose>
        <truncated>0</truncated>
        <difficult>0</difficult>
        <bndbox>
            <xmin>184.6875</xmin>
            <ymin>120.7265625</ymin>
            <xmax>456.6774522569467</xmax>
            <ymax>417.8772555881078</ymax>
        </bndbox>
    </object>    <object>
        <name>body</name>
        <pose>Unspecified</pose>
        <truncated>0</truncated>
        <difficult>0</difficult>
        <bndbox>
            <xmin>515.4296875</xmin>
            <ymin>324.4677734375</ymin>
            <xmax>737.7063210227279</xmax>
            <ymax>520.2196155894853</ymax>
        </bndbox>
    </object>
</annotation>
