<annotation>
    <folder></folder>
    <filename>frame_000191</filename>
    <path></path>
    <source>
        <database>Unknown</database>
    </source>
    <size>
        <width>1280</width>
        <height>720</height>
        <depth>3</depth>
    </size>
    <segmented>0</segmented>
    <object>
        <name>head</name>
        <pose>Unspecified</pose>
        <truncated>0</truncated>
        <difficult>0</difficult>
        <bndbox>
            <xmin>577.64453125</xmin>
            <ymin>182.4658203125</ymin>
            <xmax>705.5773437499993</xmax>
            <ymax>317.078134155272</ymax>
        </bndbox>
    </object>    <object>
        <name>body</name>
        <pose>Unspecified</pose>
        <truncated>0</truncated>
        <difficult>0</difficult>
        <bndbox>
            <xmin>667.1939174107143</xmin>
            <ymin>366.51981026785717</ymin>
            <xmax>1241.1939174107142</xmax>
            <ymax>717.9065290178571</ymax>
        </bndbox>
    </object>    <object>
        <name>body</name>
        <pose>Unspecified</pose>
        <truncated>0</truncated>
        <difficult>0</difficult>
        <bndbox>
            <xmin>22.4482421875</xmin>
            <ymin>392.869140625</ymin>
            <xmax>468.29238281249854</xmax>
            <ymax>710.4402465820312</ymax>
        </bndbox>
    </object>    <object>
        <name>head</name>
        <pose>Unspecified</pose>
        <truncated>0</truncated>
        <difficult>0</difficult>
        <bndbox>
            <xmin>835.2799479166666</xmin>
            <ymin>49.78331163194444</ymin>
            <xmax>1150.1713541666675</xmax>
            <ymax>349.9854478624121</ymax>
        </bndbox>
    </object>    <object>
        <name>head</name>
        <pose>Unspecified</pose>
        <truncated>0</truncated>
        <difficult>0</difficult>
        <bndbox>
            <xmin>176.0908203125</xmin>
            <ymin>97.3095703125</ymin>
            <xmax>437.9999999999982</xmax>
            <ymax>391.16855468749964</ymax>
        </bndbox>
    </object>    <object>
        <name>body</name>
        <pose>Unspecified</pose>
        <truncated>0</truncated>
        <difficult>0</difficult>
        <bndbox>
            <xmin>511.4765625</xmin>
            <ymin>317.5380859375</ymin>
            <xmax>737.4000000000015</xmax>
            <ymax>479.6212088448665</ymax>
        </bndbox>
    </object>
</annotation>
