<annotation>
    <folder></folder>
    <filename>frame_000279</filename>
    <path></path>
    <source>
        <database>Unknown</database>
    </source>
    <size>
        <width>1280</width>
        <height>720</height>
        <depth>3</depth>
    </size>
    <segmented>0</segmented>
    <object>
        <name>head</name>
        <pose>Unspecified</pose>
        <truncated>0</truncated>
        <difficult>0</difficult>
        <bndbox>
            <xmin>593.9067007211538</xmin>
            <ymin>216.4522485977564</ymin>
            <xmax>693.7910757211553</xmax>
            <ymax>328.63135016025495</ymax>
        </bndbox>
    </object>    <object>
        <name>body</name>
        <pose>Unspecified</pose>
        <truncated>0</truncated>
        <difficult>0</difficult>
        <bndbox>
            <xmin>701.513671875</xmin>
            <ymin>366.02305871212184</ymin>
            <xmax>1275.513671875</xmax>
            <ymax>706.4423256983904</ymax>
        </bndbox>
    </object>    <object>
        <name>body</name>
        <pose>Unspecified</pose>
        <truncated>0</truncated>
        <difficult>0</difficult>
        <bndbox>
            <xmin>2.6357421875</xmin>
            <ymin>322.937255859375</ymin>
            <xmax>524.6199218750007</xmax>
            <ymax>715.8000000000011</ymax>
        </bndbox>
    </object>    <object>
        <name>head</name>
        <pose>Unspecified</pose>
        <truncated>0</truncated>
        <difficult>0</difficult>
        <bndbox>
            <xmin>836.130078125</xmin>
            <ymin>67.81803385416667</ymin>
            <xmax>1151.0214843750007</xmax>
            <ymax>368.02017008463434</ymax>
        </bndbox>
    </object>    <object>
        <name>head</name>
        <pose>Unspecified</pose>
        <truncated>0</truncated>
        <difficult>0</difficult>
        <bndbox>
            <xmin>172.51692708333334</xmin>
            <ymin>76.74251302083333</ymin>
            <xmax>437.60841145833666</xmax>
            <ymax>356.3056380208333</ymax>
        </bndbox>
    </object>    <object>
        <name>body</name>
        <pose>Unspecified</pose>
        <truncated>0</truncated>
        <difficult>0</difficult>
        <bndbox>
            <xmin>525.7889623397436</xmin>
            <ymin>318.4446614583333</ymin>
            <xmax>703.7370392628204</xmax>
            <ymax>492.3946135692102</ymax>
        </bndbox>
    </object>
</annotation>
