<annotation>
    <folder></folder>
    <filename>frame_000149</filename>
    <path></path>
    <source>
        <database>Unknown</database>
    </source>
    <size>
        <width>1280</width>
        <height>720</height>
        <depth>3</depth>
    </size>
    <segmented>0</segmented>
    <object>
        <name>head</name>
        <pose>Unspecified</pose>
        <truncated>0</truncated>
        <difficult>0</difficult>
        <bndbox>
            <xmin>599.56640625</xmin>
            <ymin>185.125</ymin>
            <xmax>724.502031250001</xmax>
            <ymax>318.6636779785149</ymax>
        </bndbox>
    </object>    <object>
        <name>body</name>
        <pose>Unspecified</pose>
        <truncated>0</truncated>
        <difficult>0</difficult>
        <bndbox>
            <xmin>672.3689014668367</xmin>
            <ymin>368.3229698129252</ymin>
            <xmax>1246.3689014668366</xmax>
            <ymax>720.0</ymax>
        </bndbox>
    </object>    <object>
        <name>body</name>
        <pose>Unspecified</pose>
        <truncated>0</truncated>
        <difficult>0</difficult>
        <bndbox>
            <xmin>15.03591579861111</xmin>
            <ymin>370.91026475694446</ymin>
            <xmax>513.3250578703739</xmax>
            <ymax>718.6819521303527</ymax>
        </bndbox>
    </object>    <object>
        <name>head</name>
        <pose>Unspecified</pose>
        <truncated>0</truncated>
        <difficult>0</difficult>
        <bndbox>
            <xmin>832.9539008989726</xmin>
            <ymin>51.096499090325345</ymin>
            <xmax>1147.8453071489732</xmax>
            <ymax>351.298635320793</ymax>
        </bndbox>
    </object>    <object>
        <name>head</name>
        <pose>Unspecified</pose>
        <truncated>0</truncated>
        <difficult>0</difficult>
        <bndbox>
            <xmin>131.95348011363637</xmin>
            <ymin>77.42755681818181</ymin>
            <xmax>393.8626598011364</xmax>
            <ymax>371.28654119318213</ymax>
        </bndbox>
    </object>    <object>
        <name>body</name>
        <pose>Unspecified</pose>
        <truncated>0</truncated>
        <difficult>0</difficult>
        <bndbox>
            <xmin>514.1521381578947</xmin>
            <ymin>317.8704255756579</ymin>
            <xmax>741.952138157894</xmax>
            <ymax>500.113985948458</ymax>
        </bndbox>
    </object>
</annotation>
