<annotation>
    <folder></folder>
    <filename>frame_000462</filename>
    <path></path>
    <source>
        <database>Unknown</database>
    </source>
    <size>
        <width>1280</width>
        <height>720</height>
        <depth>3</depth>
    </size>
    <segmented>0</segmented>
    <object>
        <name>head</name>
        <pose>Unspecified</pose>
        <truncated>0</truncated>
        <difficult>0</difficult>
        <bndbox>
            <xmin>569.7275390625</xmin>
            <ymin>206.43109375000077</ymin>
            <xmax>682.7112109375005</xmax>
            <ymax>325.1281239318843</ymax>
        </bndbox>
    </object>    <object>
        <name>body</name>
        <pose>Unspecified</pose>
        <truncated>0</truncated>
        <difficult>0</difficult>
        <bndbox>
            <xmin>688.244140625</xmin>
            <ymin>348.0546875</ymin>
            <xmax>1262.244140625</xmax>
            <ymax>720.0</ymax>
        </bndbox>
    </object>    <object>
        <name>body</name>
        <pose>Unspecified</pose>
        <truncated>0</truncated>
        <difficult>0</difficult>
        <bndbox>
            <xmin>5.506417410714286</xmin>
            <ymin>358.25341796875</ymin>
            <xmax>528.2102325148808</xmax>
            <ymax>719.4285714285714</ymax>
        </bndbox>
    </object>    <object>
        <name>head</name>
        <pose>Unspecified</pose>
        <truncated>0</truncated>
        <difficult>0</difficult>
        <bndbox>
            <xmin>787.099609375</xmin>
            <ymin>62.3837890625</ymin>
            <xmax>1079.6030288461552</xmax>
            <ymax>353.13339806190015</ymax>
        </bndbox>
    </object>    <object>
        <name>head</name>
        <pose>Unspecified</pose>
        <truncated>0</truncated>
        <difficult>0</difficult>
        <bndbox>
            <xmin>117.720947265625</xmin>
            <ymin>55.356689453125</ymin>
            <xmax>395.4209472656257</xmax>
            <ymax>360.53891601562646</ymax>
        </bndbox>
    </object>    <object>
        <name>body</name>
        <pose>Unspecified</pose>
        <truncated>0</truncated>
        <difficult>0</difficult>
        <bndbox>
            <xmin>515.294921875</xmin>
            <ymin>326.09095982142856</ymin>
            <xmax>719.530828169705</xmax>
            <ymax>489.0031135543707</ymax>
        </bndbox>
    </object>
</annotation>
