<annotation>
    <folder></folder>
    <filename>frame_000241</filename>
    <path></path>
    <source>
        <database>Unknown</database>
    </source>
    <size>
        <width>1280</width>
        <height>720</height>
        <depth>3</depth>
    </size>
    <segmented>0</segmented>
    <object>
        <name>head</name>
        <pose>Unspecified</pose>
        <truncated>0</truncated>
        <difficult>0</difficult>
        <bndbox>
            <xmin>597.115234375</xmin>
            <ymin>196.8779296875</ymin>
            <xmax>713.8286718750023</xmax>
            <ymax>322.5169586181637</ymax>
        </bndbox>
    </object>    <object>
        <name>body</name>
        <pose>Unspecified</pose>
        <truncated>0</truncated>
        <difficult>0</difficult>
        <bndbox>
            <xmin>701.513671875</xmin>
            <ymin>356.5523097826087</ymin>
            <xmax>1275.513671875</xmax>
            <ymax>713.1679738451098</ymax>
        </bndbox>
    </object>    <object>
        <name>body</name>
        <pose>Unspecified</pose>
        <truncated>0</truncated>
        <difficult>0</difficult>
        <bndbox>
            <xmin>11.506298828125182</xmin>
            <ymin>334.5500000000011</ymin>
            <xmax>530.9569305419927</xmax>
            <ymax>706.9425735473633</ymax>
        </bndbox>
    </object>    <object>
        <name>head</name>
        <pose>Unspecified</pose>
        <truncated>0</truncated>
        <difficult>0</difficult>
        <bndbox>
            <xmin>838.0500919117648</xmin>
            <ymin>56.04808134191177</ymin>
            <xmax>1152.9414981617654</xmax>
            <ymax>356.2502175723794</ymax>
        </bndbox>
    </object>    <object>
        <name>head</name>
        <pose>Unspecified</pose>
        <truncated>0</truncated>
        <difficult>0</difficult>
        <bndbox>
            <xmin>155.8271484375</xmin>
            <ymin>89.78743489583333</ymin>
            <xmax>391.89414062500146</xmax>
            <ymax>342.1628194173166</ymax>
        </bndbox>
    </object>    <object>
        <name>body</name>
        <pose>Unspecified</pose>
        <truncated>0</truncated>
        <difficult>0</difficult>
        <bndbox>
            <xmin>500.21484375</xmin>
            <ymin>317.26953125</ymin>
            <xmax>728.0148437499993</xmax>
            <ymax>515.7379028320283</ymax>
        </bndbox>
    </object>
</annotation>
