<annotation>
    <folder></folder>
    <filename>frame_000386</filename>
    <path></path>
    <source>
        <database>Unknown</database>
    </source>
    <size>
        <width>1280</width>
        <height>720</height>
        <depth>3</depth>
    </size>
    <segmented>0</segmented>
    <object>
        <name>head</name>
        <pose>Unspecified</pose>
        <truncated>0</truncated>
        <difficult>0</difficult>
        <bndbox>
            <xmin>553.35546875</xmin>
            <ymin>207.220703125</ymin>
            <xmax>653.2398437500015</xmax>
            <ymax>319.39980468749854</ymax>
        </bndbox>
    </object>    <object>
        <name>body</name>
        <pose>Unspecified</pose>
        <truncated>0</truncated>
        <difficult>0</difficult>
        <bndbox>
            <xmin>688.244140625</xmin>
            <ymin>341.2884114583333</ymin>
            <xmax>1262.244140625</xmax>
            <ymax>714.9085937500013</ymax>
        </bndbox>
    </object>    <object>
        <name>body</name>
        <pose>Unspecified</pose>
        <truncated>0</truncated>
        <difficult>0</difficult>
        <bndbox>
            <xmin>23.422025240384617</xmin>
            <ymin>332.909525240385</ymin>
            <xmax>522.4000000000015</xmax>
            <ymax>706.4199016864479</ymax>
        </bndbox>
    </object>    <object>
        <name>head</name>
        <pose>Unspecified</pose>
        <truncated>0</truncated>
        <difficult>0</difficult>
        <bndbox>
            <xmin>904.2759486607143</xmin>
            <ymin>42.360770089285715</ymin>
            <xmax>1219.167354910715</xmax>
            <ymax>342.5629063197534</ymax>
        </bndbox>
    </object>    <object>
        <name>head</name>
        <pose>Unspecified</pose>
        <truncated>0</truncated>
        <difficult>0</difficult>
        <bndbox>
            <xmin>100.09993489583333</xmin>
            <ymin>62.1328125</ymin>
            <xmax>358.860351562503</xmax>
            <ymax>339.8123250325516</ymax>
        </bndbox>
    </object>    <object>
        <name>body</name>
        <pose>Unspecified</pose>
        <truncated>0</truncated>
        <difficult>0</difficult>
        <bndbox>
            <xmin>521.565234375</xmin>
            <ymin>326.9396484375</ymin>
            <xmax>721.5550781250015</xmax>
            <ymax>495.12329589843574</ymax>
        </bndbox>
    </object>
</annotation>
