<annotation>
    <folder></folder>
    <filename>frame_000329</filename>
    <path></path>
    <source>
        <database>Unknown</database>
    </source>
    <size>
        <width>1280</width>
        <height>720</height>
        <depth>3</depth>
    </size>
    <segmented>0</segmented>
    <object>
        <name>head</name>
        <pose>Unspecified</pose>
        <truncated>0</truncated>
        <difficult>0</difficult>
        <bndbox>
            <xmin>576.89296875</xmin>
            <ymin>209.5125</ymin>
            <xmax>676.7773437500015</xmax>
            <ymax>321.69160156249853</ymax>
        </bndbox>
    </object>    <object>
        <name>body</name>
        <pose>Unspecified</pose>
        <truncated>0</truncated>
        <difficult>0</difficult>
        <bndbox>
            <xmin>673.9704241071429</xmin>
            <ymin>340.576171875</ymin>
            <xmax>1247.7287149234694</xmax>
            <ymax>714.3726562500015</ymax>
        </bndbox>
    </object>    <object>
        <name>body</name>
        <pose>Unspecified</pose>
        <truncated>0</truncated>
        <difficult>0</difficult>
        <bndbox>
            <xmin>14.7203369140625</xmin>
            <ymin>364.131591796875</ymin>
            <xmax>500.29973297119204</xmax>
            <ymax>716.610107421875</ymax>
        </bndbox>
    </object>    <object>
        <name>head</name>
        <pose>Unspecified</pose>
        <truncated>0</truncated>
        <difficult>0</difficult>
        <bndbox>
            <xmin>868.6697443181819</xmin>
            <ymin>54.951171875</ymin>
            <xmax>1183.5611505681825</xmax>
            <ymax>355.15330810546766</ymax>
        </bndbox>
    </object>    <object>
        <name>head</name>
        <pose>Unspecified</pose>
        <truncated>0</truncated>
        <difficult>0</difficult>
        <bndbox>
            <xmin>173.539794921875</xmin>
            <ymin>75.218017578125</ymin>
            <xmax>451.2397949218757</xmax>
            <ymax>380.40024414062646</ymax>
        </bndbox>
    </object>    <object>
        <name>body</name>
        <pose>Unspecified</pose>
        <truncated>0</truncated>
        <difficult>0</difficult>
        <bndbox>
            <xmin>536.263671875</xmin>
            <ymin>310.8466796875</ymin>
            <xmax>717.6000000000022</xmax>
            <ymax>470.0746337890596</ymax>
        </bndbox>
    </object>
</annotation>
