<annotation>
    <folder></folder>
    <filename>frame_000285</filename>
    <path></path>
    <source>
        <database>Unknown</database>
    </source>
    <size>
        <width>1280</width>
        <height>720</height>
        <depth>3</depth>
    </size>
    <segmented>0</segmented>
    <object>
        <name>head</name>
        <pose>Unspecified</pose>
        <truncated>0</truncated>
        <difficult>0</difficult>
        <bndbox>
            <xmin>598.2038762019231</xmin>
            <ymin>217.4462389823718</ymin>
            <xmax>698.0882512019245</xmax>
            <ymax>329.6253405448703</ymax>
        </bndbox>
    </object>    <object>
        <name>body</name>
        <pose>Unspecified</pose>
        <truncated>0</truncated>
        <difficult>0</difficult>
        <bndbox>
            <xmin>701.513671875</xmin>
            <ymin>349.90175781250036</ymin>
            <xmax>1275.513671875</xmax>
            <ymax>705.6608154296882</ymax>
        </bndbox>
    </object>    <object>
        <name>body</name>
        <pose>Unspecified</pose>
        <truncated>0</truncated>
        <difficult>0</difficult>
        <bndbox>
            <xmin>4.592447916666667</xmin>
            <ymin>338.5406901041667</ymin>
            <xmax>525.3343139648447</xmax>
            <ymax>712.7072326660164</ymax>
        </bndbox>
    </object>    <object>
        <name>head</name>
        <pose>Unspecified</pose>
        <truncated>0</truncated>
        <difficult>0</difficult>
        <bndbox>
            <xmin>838.5927734375</xmin>
            <ymin>46.2509765625</ymin>
            <xmax>1153.4841796875007</xmax>
            <ymax>346.45311279296766</ymax>
        </bndbox>
    </object>    <object>
        <name>head</name>
        <pose>Unspecified</pose>
        <truncated>0</truncated>
        <difficult>0</difficult>
        <bndbox>
            <xmin>118.529296875</xmin>
            <ymin>51.15234375</ymin>
            <xmax>386.305781250001</xmax>
            <ymax>341.4927343750005</ymax>
        </bndbox>
    </object>    <object>
        <name>body</name>
        <pose>Unspecified</pose>
        <truncated>0</truncated>
        <difficult>0</difficult>
        <bndbox>
            <xmin>528.8175080128206</xmin>
            <ymin>317.0247395833333</ymin>
            <xmax>697.4183493589743</xmax>
            <ymax>486.37748804336934</ymax>
        </bndbox>
    </object>
</annotation>
