<annotation>
    <folder></folder>
    <filename>frame_000375</filename>
    <path></path>
    <source>
        <database>Unknown</database>
    </source>
    <size>
        <width>1280</width>
        <height>720</height>
        <depth>3</depth>
    </size>
    <segmented>0</segmented>
    <object>
        <name>head</name>
        <pose>Unspecified</pose>
        <truncated>0</truncated>
        <difficult>0</difficult>
        <bndbox>
            <xmin>594.73046875</xmin>
            <ymin>214.158203125</ymin>
            <xmax>694.6148437500015</xmax>
            <ymax>326.33730468749854</ymax>
        </bndbox>
    </object>    <object>
        <name>body</name>
        <pose>Unspecified</pose>
        <truncated>0</truncated>
        <difficult>0</difficult>
        <bndbox>
            <xmin>711.1143973214286</xmin>
            <ymin>340.576171875</ymin>
            <xmax>1279.3133769132653</xmax>
            <ymax>714.3726562500015</ymax>
        </bndbox>
    </object>    <object>
        <name>body</name>
        <pose>Unspecified</pose>
        <truncated>0</truncated>
        <difficult>0</difficult>
        <bndbox>
            <xmin>34.248046875</xmin>
            <ymin>336.2666015625</ymin>
            <xmax>515.7301562499997</xmax>
            <ymax>708.3244567871079</ymax>
        </bndbox>
    </object>    <object>
        <name>head</name>
        <pose>Unspecified</pose>
        <truncated>0</truncated>
        <difficult>0</difficult>
        <bndbox>
            <xmin>895.9384765625</xmin>
            <ymin>45.76774088541667</ymin>
            <xmax>1210.8298828125007</xmax>
            <ymax>345.96987711588434</ymax>
        </bndbox>
    </object>    <object>
        <name>head</name>
        <pose>Unspecified</pose>
        <truncated>0</truncated>
        <difficult>0</difficult>
        <bndbox>
            <xmin>102.6962890625</xmin>
            <ymin>40.486328125</ymin>
            <xmax>372.8170703124997</xmax>
            <ymax>328.7298001098643</ymax>
        </bndbox>
    </object>    <object>
        <name>body</name>
        <pose>Unspecified</pose>
        <truncated>0</truncated>
        <difficult>0</difficult>
        <bndbox>
            <xmin>515.255859375</xmin>
            <ymin>321.04248046875</ymin>
            <xmax>735.5423332214359</xmax>
            <ymax>517.690728759766</ymax>
        </bndbox>
    </object>
</annotation>
