<annotation>
    <folder></folder>
    <filename>frame_000345</filename>
    <path></path>
    <source>
        <database>Unknown</database>
    </source>
    <size>
        <width>1280</width>
        <height>720</height>
        <depth>3</depth>
    </size>
    <segmented>0</segmented>
    <object>
        <name>head</name>
        <pose>Unspecified</pose>
        <truncated>0</truncated>
        <difficult>0</difficult>
        <bndbox>
            <xmin>605.488037109375</xmin>
            <ymin>209.654541015625</ymin>
            <xmax>705.3724121093765</xmax>
            <ymax>321.83364257812354</ymax>
        </bndbox>
    </object>    <object>
        <name>body</name>
        <pose>Unspecified</pose>
        <truncated>0</truncated>
        <difficult>0</difficult>
        <bndbox>
            <xmin>686.8900669642857</xmin>
            <ymin>340.576171875</ymin>
            <xmax>1258.7146843112246</xmax>
            <ymax>714.3726562500015</ymax>
        </bndbox>
    </object>    <object>
        <name>body</name>
        <pose>Unspecified</pose>
        <truncated>0</truncated>
        <difficult>0</difficult>
        <bndbox>
            <xmin>28.76220703125</xmin>
            <ymin>389.5906250000007</ymin>
            <xmax>504.8356445312511</xmax>
            <ymax>714.7792205810547</ymax>
        </bndbox>
    </object>    <object>
        <name>head</name>
        <pose>Unspecified</pose>
        <truncated>0</truncated>
        <difficult>0</difficult>
        <bndbox>
            <xmin>844.802890625</xmin>
            <ymin>55.7925390625</ymin>
            <xmax>1159.6942968750006</xmax>
            <ymax>355.99467529296766</ymax>
        </bndbox>
    </object>    <object>
        <name>head</name>
        <pose>Unspecified</pose>
        <truncated>0</truncated>
        <difficult>0</difficult>
        <bndbox>
            <xmin>99.2998046875</xmin>
            <ymin>52.0</ymin>
            <xmax>350.5</xmax>
            <ymax>355.724365234375</ymax>
        </bndbox>
    </object>    <object>
        <name>body</name>
        <pose>Unspecified</pose>
        <truncated>0</truncated>
        <difficult>0</difficult>
        <bndbox>
            <xmin>530.9025390625011</xmin>
            <ymin>314.744384765625</ymin>
            <xmax>732.183329772949</xmax>
            <ymax>503.065634155274</ymax>
        </bndbox>
    </object>
</annotation>
