<annotation>
    <folder></folder>
    <filename>frame_000365</filename>
    <path></path>
    <source>
        <database>Unknown</database>
    </source>
    <size>
        <width>1280</width>
        <height>720</height>
        <depth>3</depth>
    </size>
    <segmented>0</segmented>
    <object>
        <name>head</name>
        <pose>Unspecified</pose>
        <truncated>0</truncated>
        <difficult>0</difficult>
        <bndbox>
            <xmin>596.419921875</xmin>
            <ymin>204.4306640625</ymin>
            <xmax>696.3042968750015</xmax>
            <ymax>316.60976562499854</ymax>
        </bndbox>
    </object>    <object>
        <name>body</name>
        <pose>Unspecified</pose>
        <truncated>0</truncated>
        <difficult>0</difficult>
        <bndbox>
            <xmin>703.0396205357143</xmin>
            <ymin>340.576171875</ymin>
            <xmax>1272.4471460459183</xmax>
            <ymax>714.3726562500015</ymax>
        </bndbox>
    </object>    <object>
        <name>body</name>
        <pose>Unspecified</pose>
        <truncated>0</truncated>
        <difficult>0</difficult>
        <bndbox>
            <xmin>1.6689453125</xmin>
            <ymin>338.6240234375</ymin>
            <xmax>497.5</xmax>
            <ymax>710.0695315551711</ymax>
        </bndbox>
    </object>    <object>
        <name>head</name>
        <pose>Unspecified</pose>
        <truncated>0</truncated>
        <difficult>0</difficult>
        <bndbox>
            <xmin>826.865234375</xmin>
            <ymin>58.1962890625</ymin>
            <xmax>1141.7566406250007</xmax>
            <ymax>358.39842529296766</ymax>
        </bndbox>
    </object>    <object>
        <name>head</name>
        <pose>Unspecified</pose>
        <truncated>0</truncated>
        <difficult>0</difficult>
        <bndbox>
            <xmin>107.26171875</xmin>
            <ymin>70.48046875</ymin>
            <xmax>374.08718749999935</xmax>
            <ymax>351.35926483154253</ymax>
        </bndbox>
    </object>    <object>
        <name>body</name>
        <pose>Unspecified</pose>
        <truncated>0</truncated>
        <difficult>0</difficult>
        <bndbox>
            <xmin>537.4609375</xmin>
            <ymin>320.900390625</ymin>
            <xmax>737.3481538471424</xmax>
            <ymax>499.6112499036317</ymax>
        </bndbox>
    </object>
</annotation>
