<annotation>
    <folder></folder>
    <filename>frame_000288</filename>
    <path></path>
    <source>
        <database>Unknown</database>
    </source>
    <size>
        <width>1280</width>
        <height>720</height>
        <depth>3</depth>
    </size>
    <segmented>0</segmented>
    <object>
        <name>head</name>
        <pose>Unspecified</pose>
        <truncated>0</truncated>
        <difficult>0</difficult>
        <bndbox>
            <xmin>600.3524639423077</xmin>
            <ymin>217.94323417467947</ymin>
            <xmax>700.2368389423092</xmax>
            <ymax>330.12233573717805</ymax>
        </bndbox>
    </object>    <object>
        <name>body</name>
        <pose>Unspecified</pose>
        <truncated>0</truncated>
        <difficult>0</difficult>
        <bndbox>
            <xmin>711.439453125</xmin>
            <ymin>377.34423828125</ymin>
            <xmax>1277.7568359375</xmax>
            <ymax>712.7000000000007</ymax>
        </bndbox>
    </object>    <object>
        <name>body</name>
        <pose>Unspecified</pose>
        <truncated>0</truncated>
        <difficult>0</difficult>
        <bndbox>
            <xmin>10.695963541666668</xmin>
            <ymin>383.6764322916667</ymin>
            <xmax>529.5743591308607</xmax>
            <ymax>710.1680816650387</ymax>
        </bndbox>
    </object>    <object>
        <name>head</name>
        <pose>Unspecified</pose>
        <truncated>0</truncated>
        <difficult>0</difficult>
        <bndbox>
            <xmin>866.060546875</xmin>
            <ymin>60.3349609375</ymin>
            <xmax>1194.0851562499993</xmax>
            <ymax>360.53709716796766</ymax>
        </bndbox>
    </object>    <object>
        <name>head</name>
        <pose>Unspecified</pose>
        <truncated>0</truncated>
        <difficult>0</difficult>
        <bndbox>
            <xmin>150.107421875</xmin>
            <ymin>54.1572265625</ymin>
            <xmax>448.64511718750146</xmax>
            <ymax>377.05096435546875</ymax>
        </bndbox>
    </object>    <object>
        <name>body</name>
        <pose>Unspecified</pose>
        <truncated>0</truncated>
        <difficult>0</difficult>
        <bndbox>
            <xmin>537.3782552083334</xmin>
            <ymin>319.1578776041667</ymin>
            <xmax>715.4679569128784</xmax>
            <ymax>493.1774843158152</ymax>
        </bndbox>
    </object>
</annotation>
