<annotation>
    <folder></folder>
    <filename>frame_000236</filename>
    <path></path>
    <source>
        <database>Unknown</database>
    </source>
    <size>
        <width>1280</width>
        <height>720</height>
        <depth>3</depth>
    </size>
    <segmented>0</segmented>
    <object>
        <name>head</name>
        <pose>Unspecified</pose>
        <truncated>0</truncated>
        <difficult>0</difficult>
        <bndbox>
            <xmin>562.896875</xmin>
            <ymin>188.12841796875</ymin>
            <xmax>690.8296874999993</xmax>
            <ymax>322.740731811522</ymax>
        </bndbox>
    </object>    <object>
        <name>body</name>
        <pose>Unspecified</pose>
        <truncated>0</truncated>
        <difficult>0</difficult>
        <bndbox>
            <xmin>701.513671875</xmin>
            <ymin>360.0590183423913</ymin>
            <xmax>1275.513671875</xmax>
            <ymax>714.8072019361421</ymax>
        </bndbox>
    </object>    <object>
        <name>body</name>
        <pose>Unspecified</pose>
        <truncated>0</truncated>
        <difficult>0</difficult>
        <bndbox>
            <xmin>5.6083984375</xmin>
            <ymin>327.0313867187513</ymin>
            <xmax>533.2000000000007</xmax>
            <ymax>708.7369061279296</ymax>
        </bndbox>
    </object>    <object>
        <name>head</name>
        <pose>Unspecified</pose>
        <truncated>0</truncated>
        <difficult>0</difficult>
        <bndbox>
            <xmin>837.7730162377451</xmin>
            <ymin>56.31893382352941</ymin>
            <xmax>1152.664422487746</xmax>
            <ymax>356.52107005399705</ymax>
        </bndbox>
    </object>    <object>
        <name>head</name>
        <pose>Unspecified</pose>
        <truncated>0</truncated>
        <difficult>0</difficult>
        <bndbox>
            <xmin>165.5458984375</xmin>
            <ymin>108.1357421875</ymin>
            <xmax>439.03593139648365</xmax>
            <ymax>390.3777252197251</ymax>
        </bndbox>
    </object>    <object>
        <name>body</name>
        <pose>Unspecified</pose>
        <truncated>0</truncated>
        <difficult>0</difficult>
        <bndbox>
            <xmin>495.1673828125</xmin>
            <ymin>313.7927734375</ymin>
            <xmax>722.9673828124993</xmax>
            <ymax>512.2611450195284</ymax>
        </bndbox>
    </object>
</annotation>
