<annotation>
    <folder></folder>
    <filename>frame_000534</filename>
    <path></path>
    <source>
        <database>Unknown</database>
    </source>
    <size>
        <width>1280</width>
        <height>720</height>
        <depth>3</depth>
    </size>
    <segmented>0</segmented>
    <object>
        <name>head</name>
        <pose>Unspecified</pose>
        <truncated>0</truncated>
        <difficult>0</difficult>
        <bndbox>
            <xmin>574.2275390625</xmin>
            <ymin>194.11865234375</ymin>
            <xmax>683.4177734375007</xmax>
            <ymax>306.29775390624854</ymax>
        </bndbox>
    </object>    <object>
        <name>body</name>
        <pose>Unspecified</pose>
        <truncated>0</truncated>
        <difficult>0</difficult>
        <bndbox>
            <xmin>711.5996372767859</xmin>
            <ymin>348.91676897321435</ymin>
            <xmax>1279.0660435267837</xmax>
            <ymax>705.8626251220703</ymax>
        </bndbox>
    </object>    <object>
        <name>body</name>
        <pose>Unspecified</pose>
        <truncated>0</truncated>
        <difficult>0</difficult>
        <bndbox>
            <xmin>31.25634765625</xmin>
            <ymin>318.4755859375012</ymin>
            <xmax>521.5983428955084</xmax>
            <ymax>714.9163309733073</ymax>
        </bndbox>
    </object>    <object>
        <name>head</name>
        <pose>Unspecified</pose>
        <truncated>0</truncated>
        <difficult>0</difficult>
        <bndbox>
            <xmin>845.2393798828125</xmin>
            <ymin>44.0274658203125</ymin>
            <xmax>1160.1307861328132</xmax>
            <ymax>344.22960205078016</ymax>
        </bndbox>
    </object>    <object>
        <name>head</name>
        <pose>Unspecified</pose>
        <truncated>0</truncated>
        <difficult>0</difficult>
        <bndbox>
            <xmin>186.76953125</xmin>
            <ymin>42.14892578125</ymin>
            <xmax>430.8401475694445</xmax>
            <ymax>316.93505588107746</ymax>
        </bndbox>
    </object>    <object>
        <name>body</name>
        <pose>Unspecified</pose>
        <truncated>0</truncated>
        <difficult>0</difficult>
        <bndbox>
            <xmin>511.248046875</xmin>
            <ymin>304.62109375</ymin>
            <xmax>732.771493530272</xmax>
            <ymax>503.0751953125</ymax>
        </bndbox>
    </object>
</annotation>
