<annotation>
    <folder></folder>
    <filename>frame_000225</filename>
    <path></path>
    <source>
        <database>Unknown</database>
    </source>
    <size>
        <width>1280</width>
        <height>720</height>
        <depth>3</depth>
    </size>
    <segmented>0</segmented>
    <object>
        <name>head</name>
        <pose>Unspecified</pose>
        <truncated>0</truncated>
        <difficult>0</difficult>
        <bndbox>
            <xmin>572.6803385416666</xmin>
            <ymin>187.443359375</ymin>
            <xmax>700.6131510416659</xmax>
            <ymax>322.055673217772</ymax>
        </bndbox>
    </object>    <object>
        <name>body</name>
        <pose>Unspecified</pose>
        <truncated>0</truncated>
        <difficult>0</difficult>
        <bndbox>
            <xmin>699.6069711538462</xmin>
            <ymin>365.97994290865387</ymin>
            <xmax>1273.6069711538462</xmax>
            <ymax>717.3666616586538</ymax>
        </bndbox>
    </object>    <object>
        <name>body</name>
        <pose>Unspecified</pose>
        <truncated>0</truncated>
        <difficult>0</difficult>
        <bndbox>
            <xmin>4.806966145833333</xmin>
            <ymin>327.8046223958336</ymin>
            <xmax>532.3985677083341</xmax>
            <ymax>702.7766153971352</ymax>
        </bndbox>
    </object>    <object>
        <name>head</name>
        <pose>Unspecified</pose>
        <truncated>0</truncated>
        <difficult>0</difficult>
        <bndbox>
            <xmin>837.163449754902</xmin>
            <ymin>56.91480928308823</ymin>
            <xmax>1152.0548560049026</xmax>
            <ymax>357.1169455135559</ymax>
        </bndbox>
    </object>    <object>
        <name>head</name>
        <pose>Unspecified</pose>
        <truncated>0</truncated>
        <difficult>0</difficult>
        <bndbox>
            <xmin>181.83333333333334</xmin>
            <ymin>55.05533854166667</ymin>
            <xmax>423.068763020834</xmax>
            <ymax>324.32517862955683</ymax>
        </bndbox>
    </object>    <object>
        <name>body</name>
        <pose>Unspecified</pose>
        <truncated>0</truncated>
        <difficult>0</difficult>
        <bndbox>
            <xmin>498.4368489583333</xmin>
            <ymin>325.533203125</ymin>
            <xmax>726.2368489583326</xmax>
            <ymax>524.0015747070283</ymax>
        </bndbox>
    </object>
</annotation>
