<annotation>
    <folder></folder>
    <filename>frame_000220</filename>
    <path></path>
    <source>
        <database>Unknown</database>
    </source>
    <size>
        <width>1280</width>
        <height>720</height>
        <depth>3</depth>
    </size>
    <segmented>0</segmented>
    <object>
        <name>head</name>
        <pose>Unspecified</pose>
        <truncated>0</truncated>
        <difficult>0</difficult>
        <bndbox>
            <xmin>561.654296875</xmin>
            <ymin>195.388671875</ymin>
            <xmax>689.5871093749993</xmax>
            <ymax>330.000985717772</ymax>
        </bndbox>
    </object>    <object>
        <name>body</name>
        <pose>Unspecified</pose>
        <truncated>0</truncated>
        <difficult>0</difficult>
        <bndbox>
            <xmin>694.8402193509615</xmin>
            <ymin>365.00206580528845</ymin>
            <xmax>1268.8402193509614</xmax>
            <ymax>716.3887845552885</ymax>
        </bndbox>
    </object>    <object>
        <name>body</name>
        <pose>Unspecified</pose>
        <truncated>0</truncated>
        <difficult>0</difficult>
        <bndbox>
            <xmin>2.8046875</xmin>
            <ymin>325.3525390625</ymin>
            <xmax>530.3962890625007</xmax>
            <ymax>687.8755615234404</ymax>
        </bndbox>
    </object>    <object>
        <name>head</name>
        <pose>Unspecified</pose>
        <truncated>0</truncated>
        <difficult>0</difficult>
        <bndbox>
            <xmin>836.8863740808823</xmin>
            <ymin>57.185661764705884</ymin>
            <xmax>1151.7777803308832</xmax>
            <ymax>357.3877979951735</ymax>
        </bndbox>
    </object>    <object>
        <name>head</name>
        <pose>Unspecified</pose>
        <truncated>0</truncated>
        <difficult>0</difficult>
        <bndbox>
            <xmin>102.291015625</xmin>
            <ymin>52.3994140625</ymin>
            <xmax>356.44753906249935</xmax>
            <ymax>333.8133184814451</ymax>
        </bndbox>
    </object>    <object>
        <name>body</name>
        <pose>Unspecified</pose>
        <truncated>0</truncated>
        <difficult>0</difficult>
        <bndbox>
            <xmin>507.20703125</xmin>
            <ymin>310.6142578125</ymin>
            <xmax>735.0070312499993</xmax>
            <ymax>509.08262939452834</ymax>
        </bndbox>
    </object>
</annotation>
