<annotation>
    <folder></folder>
    <filename>frame_000127</filename>
    <path></path>
    <source>
        <database>Unknown</database>
    </source>
    <size>
        <width>1280</width>
        <height>720</height>
        <depth>3</depth>
    </size>
    <segmented>0</segmented>
    <object>
        <name>head</name>
        <pose>Unspecified</pose>
        <truncated>0</truncated>
        <difficult>0</difficult>
        <bndbox>
            <xmin>575.3017578125</xmin>
            <ymin>187.91943359375</ymin>
            <xmax>691.9951171875018</xmax>
            <ymax>321.4581115722649</ymax>
        </bndbox>
    </object>    <object>
        <name>body</name>
        <pose>Unspecified</pose>
        <truncated>0</truncated>
        <difficult>0</difficult>
        <bndbox>
            <xmin>677.5725047831633</xmin>
            <ymin>368.1548947704082</ymin>
            <xmax>1251.5725047831634</xmax>
            <ymax>720.0</ymax>
        </bndbox>
    </object>    <object>
        <name>body</name>
        <pose>Unspecified</pose>
        <truncated>0</truncated>
        <difficult>0</difficult>
        <bndbox>
            <xmin>18.6119140625</xmin>
            <ymin>379.22890625</ymin>
            <xmax>524.5042968750029</xmax>
            <ymax>716.8800000000003</ymax>
        </bndbox>
    </object>    <object>
        <name>head</name>
        <pose>Unspecified</pose>
        <truncated>0</truncated>
        <difficult>0</difficult>
        <bndbox>
            <xmin>831.7354719606165</xmin>
            <ymin>52.373936483304796</ymin>
            <xmax>1146.6268782106172</xmax>
            <ymax>352.5760727137725</ymax>
        </bndbox>
    </object>    <object>
        <name>head</name>
        <pose>Unspecified</pose>
        <truncated>0</truncated>
        <difficult>0</difficult>
        <bndbox>
            <xmin>167.9560546875</xmin>
            <ymin>62.62548828125</ymin>
            <xmax>429.865234375</xmax>
            <ymax>356.48447265625146</ymax>
        </bndbox>
    </object>    <object>
        <name>body</name>
        <pose>Unspecified</pose>
        <truncated>0</truncated>
        <difficult>0</difficult>
        <bndbox>
            <xmin>510.5133634868421</xmin>
            <ymin>312.0278063322368</ymin>
            <xmax>738.3133634868414</xmax>
            <ymax>490.26526775947326</ymax>
        </bndbox>
    </object>
</annotation>
