<annotation>
    <folder></folder>
    <filename>frame_000383</filename>
    <path></path>
    <source>
        <database>Unknown</database>
    </source>
    <size>
        <width>1280</width>
        <height>720</height>
        <depth>3</depth>
    </size>
    <segmented>0</segmented>
    <object>
        <name>head</name>
        <pose>Unspecified</pose>
        <truncated>0</truncated>
        <difficult>0</difficult>
        <bndbox>
            <xmin>624.083984375</xmin>
            <ymin>219.79296875</ymin>
            <xmax>723.9683593750015</xmax>
            <ymax>331.97207031249854</ymax>
        </bndbox>
    </object>    <object>
        <name>body</name>
        <pose>Unspecified</pose>
        <truncated>0</truncated>
        <difficult>0</difficult>
        <bndbox>
            <xmin>688.244140625</xmin>
            <ymin>341.0213216145833</ymin>
            <xmax>1262.244140625</xmax>
            <ymax>714.7076171875013</ymax>
        </bndbox>
    </object>    <object>
        <name>body</name>
        <pose>Unspecified</pose>
        <truncated>0</truncated>
        <difficult>0</difficult>
        <bndbox>
            <xmin>23.400615985576923</xmin>
            <ymin>328.01428786057716</ymin>
            <xmax>522.4000000000015</xmax>
            <ymax>706.9105074368986</ymax>
        </bndbox>
    </object>    <object>
        <name>head</name>
        <pose>Unspecified</pose>
        <truncated>0</truncated>
        <difficult>0</difficult>
        <bndbox>
            <xmin>915.2024274553571</xmin>
            <ymin>39.496791294642854</ymin>
            <xmax>1230.0938337053578</xmax>
            <ymax>339.6989275251105</ymax>
        </bndbox>
    </object>    <object>
        <name>head</name>
        <pose>Unspecified</pose>
        <truncated>0</truncated>
        <difficult>0</difficult>
        <bndbox>
            <xmin>70.3701171875</xmin>
            <ymin>68.4453125</ymin>
            <xmax>324.3956380208365</xmax>
            <ymax>339.24914652506413</ymax>
        </bndbox>
    </object>    <object>
        <name>body</name>
        <pose>Unspecified</pose>
        <truncated>0</truncated>
        <difficult>0</difficult>
        <bndbox>
            <xmin>542.595703125</xmin>
            <ymin>314.8828125</ymin>
            <xmax>742.5855468750015</xmax>
            <ymax>496.5</ymax>
        </bndbox>
    </object>
</annotation>
