<annotation>
    <folder></folder>
    <filename>frame_000052</filename>
    <path></path>
    <source>
        <database>Unknown</database>
    </source>
    <size>
        <width>1280</width>
        <height>720</height>
        <depth>3</depth>
    </size>
    <segmented>0</segmented>
    <object>
        <name>head</name>
        <pose>Unspecified</pose>
        <truncated>0</truncated>
        <difficult>0</difficult>
        <bndbox>
            <xmin>604.2627604166667</xmin>
            <ymin>193.68958333333333</ymin>
            <xmax>709.7166666666674</xmax>
            <ymax>327.22826131184826</ymax>
        </bndbox>
    </object>    <object>
        <name>body</name>
        <pose>Unspecified</pose>
        <truncated>0</truncated>
        <difficult>0</difficult>
        <bndbox>
            <xmin>695.3120615433673</xmin>
            <ymin>367.5819116709184</ymin>
            <xmax>1269.3120615433672</xmax>
            <ymax>720.0</ymax>
        </bndbox>
    </object>    <object>
        <name>body</name>
        <pose>Unspecified</pose>
        <truncated>0</truncated>
        <difficult>0</difficult>
        <bndbox>
            <xmin>4.229966517857143</xmin>
            <ymin>356.2556640625</ymin>
            <xmax>571.0614397321435</xmax>
            <ymax>712.2414397321438</ymax>
        </bndbox>
    </object>    <object>
        <name>head</name>
        <pose>Unspecified</pose>
        <truncated>0</truncated>
        <difficult>0</difficult>
        <bndbox>
            <xmin>827.5817369434932</xmin>
            <ymin>56.72883668664384</ymin>
            <xmax>1142.4731431934938</xmax>
            <ymax>356.9309729171115</ymax>
        </bndbox>
    </object>    <object>
        <name>head</name>
        <pose>Unspecified</pose>
        <truncated>0</truncated>
        <difficult>0</difficult>
        <bndbox>
            <xmin>171.4775390625</xmin>
            <ymin>66.49728732638889</ymin>
            <xmax>433.38671875</xmax>
            <ymax>360.35627170138855</ymax>
        </bndbox>
    </object>    <object>
        <name>body</name>
        <pose>Unspecified</pose>
        <truncated>0</truncated>
        <difficult>0</difficult>
        <bndbox>
            <xmin>507.47836538461536</xmin>
            <ymin>327.04927884615387</ymin>
            <xmax>735.2783653846146</xmax>
            <ymax>490.7492910531851</ymax>
        </bndbox>
    </object>
</annotation>
