<annotation>
    <folder></folder>
    <filename>frame_000157</filename>
    <path></path>
    <source>
        <database>Unknown</database>
    </source>
    <size>
        <width>1280</width>
        <height>720</height>
        <depth>3</depth>
    </size>
    <segmented>0</segmented>
    <object>
        <name>head</name>
        <pose>Unspecified</pose>
        <truncated>0</truncated>
        <difficult>0</difficult>
        <bndbox>
            <xmin>536.65234375</xmin>
            <ymin>182.4736328125</ymin>
            <xmax>664.5851562499993</xmax>
            <ymax>316.0123107910149</ymax>
        </bndbox>
    </object>    <object>
        <name>body</name>
        <pose>Unspecified</pose>
        <truncated>0</truncated>
        <difficult>0</difficult>
        <bndbox>
            <xmin>670.4766820790817</xmin>
            <ymin>368.3840880102041</ymin>
            <xmax>1244.4766820790817</xmax>
            <ymax>720.0</ymax>
        </bndbox>
    </object>    <object>
        <name>body</name>
        <pose>Unspecified</pose>
        <truncated>0</truncated>
        <difficult>0</difficult>
        <bndbox>
            <xmin>13.73556857638889</xmin>
            <ymin>360.90809461805554</ymin>
            <xmax>506.4400462962995</xmax>
            <ymax>717.9287819191255</ymax>
        </bndbox>
    </object>    <object>
        <name>head</name>
        <pose>Unspecified</pose>
        <truncated>0</truncated>
        <difficult>0</difficult>
        <bndbox>
            <xmin>833.3969659674658</xmin>
            <ymin>50.631976401969176</ymin>
            <xmax>1148.2883722174665</xmax>
            <ymax>350.8341126324368</ymax>
        </bndbox>
    </object>    <object>
        <name>head</name>
        <pose>Unspecified</pose>
        <truncated>0</truncated>
        <difficult>0</difficult>
        <bndbox>
            <xmin>130.10546875</xmin>
            <ymin>66.87109375</ymin>
            <xmax>392.0146484375</xmax>
            <ymax>360.73007812499964</ymax>
        </bndbox>
    </object>    <object>
        <name>body</name>
        <pose>Unspecified</pose>
        <truncated>0</truncated>
        <difficult>0</difficult>
        <bndbox>
            <xmin>514.1338778409091</xmin>
            <ymin>322.8123224431818</ymin>
            <xmax>741.9338778409084</xmax>
            <ymax>504.36335338245675</ymax>
        </bndbox>
    </object>
</annotation>
