<annotation>
    <folder></folder>
    <filename>frame_000358</filename>
    <path></path>
    <source>
        <database>Unknown</database>
    </source>
    <size>
        <width>1280</width>
        <height>720</height>
        <depth>3</depth>
    </size>
    <segmented>0</segmented>
    <object>
        <name>head</name>
        <pose>Unspecified</pose>
        <truncated>0</truncated>
        <difficult>0</difficult>
        <bndbox>
            <xmin>597.201171875</xmin>
            <ymin>203.34765625</ymin>
            <xmax>697.0855468750015</xmax>
            <ymax>315.52675781249854</ymax>
        </bndbox>
    </object>    <object>
        <name>body</name>
        <pose>Unspecified</pose>
        <truncated>0</truncated>
        <difficult>0</difficult>
        <bndbox>
            <xmin>697.3872767857143</xmin>
            <ymin>340.576171875</ymin>
            <xmax>1267.6407844387754</xmax>
            <ymax>714.3726562500015</ymax>
        </bndbox>
    </object>    <object>
        <name>body</name>
        <pose>Unspecified</pose>
        <truncated>0</truncated>
        <difficult>0</difficult>
        <bndbox>
            <xmin>11.060546875</xmin>
            <ymin>354.40000000000146</ymin>
            <xmax>510.2634765625007</xmax>
            <ymax>717.9668273925781</ymax>
        </bndbox>
    </object>    <object>
        <name>head</name>
        <pose>Unspecified</pose>
        <truncated>0</truncated>
        <difficult>0</difficult>
        <bndbox>
            <xmin>818.941015625</xmin>
            <ymin>57.355078125</ymin>
            <xmax>1133.8324218750008</xmax>
            <ymax>357.55721435546764</ymax>
        </bndbox>
    </object>    <object>
        <name>head</name>
        <pose>Unspecified</pose>
        <truncated>0</truncated>
        <difficult>0</difficult>
        <bndbox>
            <xmin>157.62109375</xmin>
            <ymin>72.02734375</ymin>
            <xmax>422.1398437500011</xmax>
            <ymax>347.750866699218</ymax>
        </bndbox>
    </object>    <object>
        <name>body</name>
        <pose>Unspecified</pose>
        <truncated>0</truncated>
        <difficult>0</difficult>
        <bndbox>
            <xmin>527.009765625</xmin>
            <ymin>328.0810546875</ymin>
            <xmax>727.7837318420352</xmax>
            <ymax>508.4420501709028</ymax>
        </bndbox>
    </object>
</annotation>
