<annotation>
    <folder></folder>
    <filename>frame_000162</filename>
    <path></path>
    <source>
        <database>Unknown</database>
    </source>
    <size>
        <width>1280</width>
        <height>720</height>
        <depth>3</depth>
    </size>
    <segmented>0</segmented>
    <object>
        <name>head</name>
        <pose>Unspecified</pose>
        <truncated>0</truncated>
        <difficult>0</difficult>
        <bndbox>
            <xmin>588.1825086805555</xmin>
            <ymin>187.89724392361111</ymin>
            <xmax>716.1153211805548</xmax>
            <ymax>321.97273983425515</ymax>
        </bndbox>
    </object>    <object>
        <name>body</name>
        <pose>Unspecified</pose>
        <truncated>0</truncated>
        <difficult>0</difficult>
        <bndbox>
            <xmin>669.2940449617347</xmin>
            <ymin>368.4222868835034</ymin>
            <xmax>1243.2940449617347</xmax>
            <ymax>720.0</ymax>
        </bndbox>
    </object>    <object>
        <name>body</name>
        <pose>Unspecified</pose>
        <truncated>0</truncated>
        <difficult>0</difficult>
        <bndbox>
            <xmin>12.9228515625</xmin>
            <ymin>354.65673828125</ymin>
            <xmax>502.1369140625029</xmax>
            <ymax>717.4580505371086</ymax>
        </bndbox>
    </object>    <object>
        <name>head</name>
        <pose>Unspecified</pose>
        <truncated>0</truncated>
        <difficult>0</difficult>
        <bndbox>
            <xmin>833.673881635274</xmin>
            <ymin>50.34164972174658</ymin>
            <xmax>1148.5652878852748</xmax>
            <ymax>350.54378595221425</ymax>
        </bndbox>
    </object>    <object>
        <name>head</name>
        <pose>Unspecified</pose>
        <truncated>0</truncated>
        <difficult>0</difficult>
        <bndbox>
            <xmin>149.73291015625</xmin>
            <ymin>70.79638671875</ymin>
            <xmax>411.64208984375</xmax>
            <ymax>364.65537109374964</ymax>
        </bndbox>
    </object>    <object>
        <name>body</name>
        <pose>Unspecified</pose>
        <truncated>0</truncated>
        <difficult>0</difficult>
        <bndbox>
            <xmin>511.6072443181818</xmin>
            <ymin>331.1834605823864</ymin>
            <xmax>739.4072443181811</xmax>
            <ymax>508.27173683860036</ymax>
        </bndbox>
    </object>
</annotation>
