<annotation>
    <folder></folder>
    <filename>frame_000522</filename>
    <path></path>
    <source>
        <database>Unknown</database>
    </source>
    <size>
        <width>1280</width>
        <height>720</height>
        <depth>3</depth>
    </size>
    <segmented>0</segmented>
    <object>
        <name>head</name>
        <pose>Unspecified</pose>
        <truncated>0</truncated>
        <difficult>0</difficult>
        <bndbox>
            <xmin>575.0143229166666</xmin>
            <ymin>203.81814236111111</ymin>
            <xmax>684.2045572916674</xmax>
            <ymax>315.99724392360963</ymax>
        </bndbox>
    </object>    <object>
        <name>body</name>
        <pose>Unspecified</pose>
        <truncated>0</truncated>
        <difficult>0</difficult>
        <bndbox>
            <xmin>711.5999720982163</xmin>
            <ymin>359.3320591517864</ymin>
            <xmax>1279.0663783482141</xmax>
            <ymax>692.2141265869141</ymax>
        </bndbox>
    </object>    <object>
        <name>body</name>
        <pose>Unspecified</pose>
        <truncated>0</truncated>
        <difficult>0</difficult>
        <bndbox>
            <xmin>16.649609375000182</xmin>
            <ymin>330.97802734375</ymin>
            <xmax>533.3386431884755</xmax>
            <ymax>714.3924804687504</ymax>
        </bndbox>
    </object>    <object>
        <name>head</name>
        <pose>Unspecified</pose>
        <truncated>0</truncated>
        <difficult>0</difficult>
        <bndbox>
            <xmin>817.9010009765625</xmin>
            <ymin>58.7476806640625</ymin>
            <xmax>1132.7924072265632</xmax>
            <ymax>358.94981689453016</ymax>
        </bndbox>
    </object>    <object>
        <name>head</name>
        <pose>Unspecified</pose>
        <truncated>0</truncated>
        <difficult>0</difficult>
        <bndbox>
            <xmin>170.798828125</xmin>
            <ymin>70.8037109375</ymin>
            <xmax>414.8966796875011</xmax>
            <ymax>336.7607360839829</ymax>
        </bndbox>
    </object>    <object>
        <name>body</name>
        <pose>Unspecified</pose>
        <truncated>0</truncated>
        <difficult>0</difficult>
        <bndbox>
            <xmin>514.5712890625</xmin>
            <ymin>317.07958984375</ymin>
            <xmax>736.094735717772</xmax>
            <ymax>502.57503255208394</ymax>
        </bndbox>
    </object>
</annotation>
