<annotation>
    <folder></folder>
    <filename>frame_000399</filename>
    <path></path>
    <source>
        <database>Unknown</database>
    </source>
    <size>
        <width>1280</width>
        <height>720</height>
        <depth>3</depth>
    </size>
    <segmented>0</segmented>
    <object>
        <name>head</name>
        <pose>Unspecified</pose>
        <truncated>0</truncated>
        <difficult>0</difficult>
        <bndbox>
            <xmin>572.728125</xmin>
            <ymin>225.0525390625</ymin>
            <xmax>672.6125000000014</xmax>
            <ymax>337.23164062499853</ymax>
        </bndbox>
    </object>    <object>
        <name>body</name>
        <pose>Unspecified</pose>
        <truncated>0</truncated>
        <difficult>0</difficult>
        <bndbox>
            <xmin>688.244140625</xmin>
            <ymin>342.44580078125</ymin>
            <xmax>1262.244140625</xmax>
            <ymax>715.7794921875011</ymax>
        </bndbox>
    </object>    <object>
        <name>body</name>
        <pose>Unspecified</pose>
        <truncated>0</truncated>
        <difficult>0</difficult>
        <bndbox>
            <xmin>23.514705882352942</xmin>
            <ymin>365.01764705882454</ymin>
            <xmax>521.2789419934663</xmax>
            <ymax>703.7343929515165</ymax>
        </bndbox>
    </object>    <object>
        <name>head</name>
        <pose>Unspecified</pose>
        <truncated>0</truncated>
        <difficult>0</difficult>
        <bndbox>
            <xmin>856.9278738839286</xmin>
            <ymin>54.77134486607143</ymin>
            <xmax>1171.8192801339294</xmax>
            <ymax>354.9734810965391</ymax>
        </bndbox>
    </object>    <object>
        <name>head</name>
        <pose>Unspecified</pose>
        <truncated>0</truncated>
        <difficult>0</difficult>
        <bndbox>
            <xmin>170.92328559027777</xmin>
            <ymin>65.54220920138889</ymin>
            <xmax>448.6232855902785</xmax>
            <ymax>370.72443576389037</ymax>
        </bndbox>
    </object>    <object>
        <name>body</name>
        <pose>Unspecified</pose>
        <truncated>0</truncated>
        <difficult>0</difficult>
        <bndbox>
            <xmin>515.4266690340909</xmin>
            <ymin>338.42604758522725</ymin>
            <xmax>715.4165127840923</xmax>
            <ymax>497.65400168678684</ymax>
        </bndbox>
    </object>
</annotation>
