<annotation>
    <folder></folder>
    <filename>frame_000011</filename>
    <path></path>
    <source>
        <database>Unknown</database>
    </source>
    <size>
        <width>1280</width>
        <height>720</height>
        <depth>3</depth>
    </size>
    <segmented>0</segmented>
    <object>
        <name>head</name>
        <pose>Unspecified</pose>
        <truncated>0</truncated>
        <difficult>0</difficult>
        <bndbox>
            <xmin>455.33984375</xmin>
            <ymin>182.46240234375</ymin>
            <xmax>588.8332031249993</xmax>
            <ymax>357.4267883300781</ymax>
        </bndbox>
    </object>    <object>
        <name>body</name>
        <pose>Unspecified</pose>
        <truncated>0</truncated>
        <difficult>0</difficult>
        <bndbox>
            <xmin>836.1000000000022</xmin>
            <ymin>339.4833984375</ymin>
            <xmax>1279.9999694824219</xmax>
            <ymax>720.0</ymax>
        </bndbox>
    </object>    <object>
        <name>body</name>
        <pose>Unspecified</pose>
        <truncated>0</truncated>
        <difficult>0</difficult>
        <bndbox>
            <xmin>64.474609375</xmin>
            <ymin>301.3000000000011</ymin>
            <xmax>537.7000000000007</xmax>
            <ymax>719.9994201660156</ymax>
        </bndbox>
    </object>    <object>
        <name>head</name>
        <pose>Unspecified</pose>
        <truncated>0</truncated>
        <difficult>0</difficult>
        <bndbox>
            <xmin>1124.353515625</xmin>
            <ymin>103.953125</ymin>
            <xmax>1280.0</xmax>
            <ymax>400.04669189453125</ymax>
        </bndbox>
    </object>    <object>
        <name>head</name>
        <pose>Unspecified</pose>
        <truncated>0</truncated>
        <difficult>0</difficult>
        <bndbox>
            <xmin>0.0</xmin>
            <ymin>83.765625</ymin>
            <xmax>157.56300354003906</xmax>
            <ymax>508.83935546875</ymax>
        </bndbox>
    </object>
</annotation>
