<annotation>
    <folder></folder>
    <filename>frame_000470</filename>
    <path></path>
    <source>
        <database>Unknown</database>
    </source>
    <size>
        <width>1280</width>
        <height>720</height>
        <depth>3</depth>
    </size>
    <segmented>0</segmented>
    <object>
        <name>head</name>
        <pose>Unspecified</pose>
        <truncated>0</truncated>
        <difficult>0</difficult>
        <bndbox>
            <xmin>575.252734375</xmin>
            <ymin>209.7248046875</ymin>
            <xmax>675.1371093750015</xmax>
            <ymax>321.90390624999856</ymax>
        </bndbox>
    </object>    <object>
        <name>body</name>
        <pose>Unspecified</pose>
        <truncated>0</truncated>
        <difficult>0</difficult>
        <bndbox>
            <xmin>688.244140625</xmin>
            <ymin>364.08058035714305</ymin>
            <xmax>1262.244140625</xmax>
            <ymax>720.0</ymax>
        </bndbox>
    </object>    <object>
        <name>body</name>
        <pose>Unspecified</pose>
        <truncated>0</truncated>
        <difficult>0</difficult>
        <bndbox>
            <xmin>8.705255681818182</xmin>
            <ymin>360.30886008522725</ymin>
            <xmax>524.0320916193166</xmax>
            <ymax>720.0</ymax>
        </bndbox>
    </object>    <object>
        <name>head</name>
        <pose>Unspecified</pose>
        <truncated>0</truncated>
        <difficult>0</difficult>
        <bndbox>
            <xmin>830.752734375</xmin>
            <ymin>61.61953125</ymin>
            <xmax>1127.066875000004</xmax>
            <ymax>353.978081054689</ymax>
        </bndbox>
    </object>    <object>
        <name>head</name>
        <pose>Unspecified</pose>
        <truncated>0</truncated>
        <difficult>0</difficult>
        <bndbox>
            <xmin>128.609375</xmin>
            <ymin>58.2509765625</ymin>
            <xmax>402.94916015625057</xmax>
            <ymax>359.5106829833996</ymax>
        </bndbox>
    </object>    <object>
        <name>body</name>
        <pose>Unspecified</pose>
        <truncated>0</truncated>
        <difficult>0</difficult>
        <bndbox>
            <xmin>521.998046875</xmin>
            <ymin>324.7334449404762</ymin>
            <xmax>728.6602746238198</xmax>
            <ymax>489.7508556056377</ymax>
        </bndbox>
    </object>
</annotation>
