<annotation>
    <folder></folder>
    <filename>frame_000234</filename>
    <path></path>
    <source>
        <database>Unknown</database>
    </source>
    <size>
        <width>1280</width>
        <height>720</height>
        <depth>3</depth>
    </size>
    <segmented>0</segmented>
    <object>
        <name>head</name>
        <pose>Unspecified</pose>
        <truncated>0</truncated>
        <difficult>0</difficult>
        <bndbox>
            <xmin>568.28046875</xmin>
            <ymin>190.37158203125</ymin>
            <xmax>696.2132812499992</xmax>
            <ymax>324.983895874022</ymax>
        </bndbox>
    </object>    <object>
        <name>body</name>
        <pose>Unspecified</pose>
        <truncated>0</truncated>
        <difficult>0</difficult>
        <bndbox>
            <xmin>701.513671875</xmin>
            <ymin>361.4617017663044</ymin>
            <xmax>1275.513671875</xmax>
            <ymax>715.4628931725549</ymax>
        </bndbox>
    </object>    <object>
        <name>body</name>
        <pose>Unspecified</pose>
        <truncated>0</truncated>
        <difficult>0</difficult>
        <bndbox>
            <xmin>5.6083984375</xmin>
            <ymin>331.294160156251</ymin>
            <xmax>533.2000000000007</xmax>
            <ymax>708.7369024658201</ymax>
        </bndbox>
    </object>    <object>
        <name>head</name>
        <pose>Unspecified</pose>
        <truncated>0</truncated>
        <difficult>0</difficult>
        <bndbox>
            <xmin>837.6621859681372</xmin>
            <ymin>56.42727481617647</ymin>
            <xmax>1152.553592218138</xmax>
            <ymax>356.6294110466441</ymax>
        </bndbox>
    </object>    <object>
        <name>head</name>
        <pose>Unspecified</pose>
        <truncated>0</truncated>
        <difficult>0</difficult>
        <bndbox>
            <xmin>173.87076822916666</xmin>
            <ymin>106.19064670138889</ymin>
            <xmax>439.04456990559873</xmax>
            <ymax>381.79560784233803</ymax>
        </bndbox>
    </object>    <object>
        <name>body</name>
        <pose>Unspecified</pose>
        <truncated>0</truncated>
        <difficult>0</difficult>
        <bndbox>
            <xmin>497.6349609375</xmin>
            <ymin>318.5033203125</ymin>
            <xmax>725.4349609374992</xmax>
            <ymax>516.9716918945284</ymax>
        </bndbox>
    </object>
</annotation>
