<annotation>
    <folder></folder>
    <filename>frame_000318</filename>
    <path></path>
    <source>
        <database>Unknown</database>
    </source>
    <size>
        <width>1280</width>
        <height>720</height>
        <depth>3</depth>
    </size>
    <segmented>0</segmented>
    <object>
        <name>head</name>
        <pose>Unspecified</pose>
        <truncated>0</truncated>
        <difficult>0</difficult>
        <bndbox>
            <xmin>598.8409598214286</xmin>
            <ymin>215.46847098214286</ymin>
            <xmax>698.72533482143</xmax>
            <ymax>327.6475725446414</ymax>
        </bndbox>
    </object>    <object>
        <name>body</name>
        <pose>Unspecified</pose>
        <truncated>0</truncated>
        <difficult>0</difficult>
        <bndbox>
            <xmin>681.4402204241071</xmin>
            <ymin>348.8316127232143</ymin>
            <xmax>1255.440220424107</xmax>
            <ymax>716.181445312501</ymax>
        </bndbox>
    </object>    <object>
        <name>body</name>
        <pose>Unspecified</pose>
        <truncated>0</truncated>
        <difficult>0</difficult>
        <bndbox>
            <xmin>34.222493489583336</xmin>
            <ymin>355.3797200520842</ymin>
            <xmax>526.372591145835</xmax>
            <ymax>718.1272033691408</ymax>
        </bndbox>
    </object>    <object>
        <name>head</name>
        <pose>Unspecified</pose>
        <truncated>0</truncated>
        <difficult>0</difficult>
        <bndbox>
            <xmin>870.87890625</xmin>
            <ymin>61.00771484375</ymin>
            <xmax>1185.7703125000007</xmax>
            <ymax>361.2098510742177</ymax>
        </bndbox>
    </object>    <object>
        <name>head</name>
        <pose>Unspecified</pose>
        <truncated>0</truncated>
        <difficult>0</difficult>
        <bndbox>
            <xmin>141.772265625</xmin>
            <ymin>86.0322265625</ymin>
            <xmax>411.34660156250175</xmax>
            <ymax>381.0899804687513</ymax>
        </bndbox>
    </object>    <object>
        <name>body</name>
        <pose>Unspecified</pose>
        <truncated>0</truncated>
        <difficult>0</difficult>
        <bndbox>
            <xmin>506.26708984375</xmin>
            <ymin>319.3623046875</ymin>
            <xmax>713.9852539062495</xmax>
            <ymax>513.9066345214815</ymax>
        </bndbox>
    </object>
</annotation>
