<annotation>
    <folder></folder>
    <filename>frame_000025</filename>
    <path></path>
    <source>
        <database>Unknown</database>
    </source>
    <size>
        <width>1280</width>
        <height>720</height>
        <depth>3</depth>
    </size>
    <segmented>0</segmented>
    <object>
        <name>head</name>
        <pose>Unspecified</pose>
        <truncated>0</truncated>
        <difficult>0</difficult>
        <bndbox>
            <xmin>505.24609375</xmin>
            <ymin>230.70000000000073</ymin>
            <xmax>610.7000000000007</xmax>
            <ymax>364.2386779785156</ymax>
        </bndbox>
    </object>    <object>
        <name>body</name>
        <pose>Unspecified</pose>
        <truncated>0</truncated>
        <difficult>0</difficult>
        <bndbox>
            <xmin>726.4949776785714</xmin>
            <ymin>333.36356026785717</ymin>
            <xmax>1270.8714285714289</xmax>
            <ymax>699.3303571428571</ymax>
        </bndbox>
    </object>    <object>
        <name>body</name>
        <pose>Unspecified</pose>
        <truncated>0</truncated>
        <difficult>0</difficult>
        <bndbox>
            <xmin>4.1669921875</xmin>
            <ymin>383.7646484375</ymin>
            <xmax>602.7136718750007</xmax>
            <ymax>714.9500000000007</ymax>
        </bndbox>
    </object>    <object>
        <name>head</name>
        <pose>Unspecified</pose>
        <truncated>0</truncated>
        <difficult>0</difficult>
        <bndbox>
            <xmin>931.443359375</xmin>
            <ymin>54.94921875</ymin>
            <xmax>1246.3347656250007</xmax>
            <ymax>355.15135498046766</ymax>
        </bndbox>
    </object>    <object>
        <name>head</name>
        <pose>Unspecified</pose>
        <truncated>0</truncated>
        <difficult>0</difficult>
        <bndbox>
            <xmin>244.50390625</xmin>
            <ymin>108.3857421875</ymin>
            <xmax>503.0</xmax>
            <ymax>448.2000000000007</ymax>
        </bndbox>
    </object>    <object>
        <name>body</name>
        <pose>Unspecified</pose>
        <truncated>0</truncated>
        <difficult>0</difficult>
        <bndbox>
            <xmin>532.508203125</xmin>
            <ymin>330.5</ymin>
            <xmax>709.8400000000001</xmax>
            <ymax>481.4200048828134</ymax>
        </bndbox>
    </object>
</annotation>
