<annotation>
    <folder></folder>
    <filename>frame_000083</filename>
    <path></path>
    <source>
        <database>Unknown</database>
    </source>
    <size>
        <width>1280</width>
        <height>720</height>
        <depth>3</depth>
    </size>
    <segmented>0</segmented>
    <object>
        <name>head</name>
        <pose>Unspecified</pose>
        <truncated>0</truncated>
        <difficult>0</difficult>
        <bndbox>
            <xmin>598.302734375</xmin>
            <ymin>194.65625</ymin>
            <xmax>703.7566406250007</xmax>
            <ymax>328.1949279785149</ymax>
        </bndbox>
    </object>    <object>
        <name>body</name>
        <pose>Unspecified</pose>
        <truncated>0</truncated>
        <difficult>0</difficult>
        <bndbox>
            <xmin>687.9797114158164</xmin>
            <ymin>367.81874468537416</ymin>
            <xmax>1261.9797114158164</xmax>
            <ymax>720.0</ymax>
        </bndbox>
    </object>    <object>
        <name>body</name>
        <pose>Unspecified</pose>
        <truncated>0</truncated>
        <difficult>0</difficult>
        <bndbox>
            <xmin>1.5295632102272727</xmin>
            <ymin>344.2970525568182</ymin>
            <xmax>538.2824751420462</xmax>
            <ymax>717.8454545454551</ymax>
        </bndbox>
    </object>    <object>
        <name>head</name>
        <pose>Unspecified</pose>
        <truncated>0</truncated>
        <difficult>0</difficult>
        <bndbox>
            <xmin>829.2986140839041</xmin>
            <ymin>54.9288112692637</ymin>
            <xmax>1144.1900203339048</xmax>
            <ymax>355.13094749973135</ymax>
        </bndbox>
    </object>    <object>
        <name>head</name>
        <pose>Unspecified</pose>
        <truncated>0</truncated>
        <difficult>0</difficult>
        <bndbox>
            <xmin>103.0419921875</xmin>
            <ymin>57.1279296875</ymin>
            <xmax>364.951171875</xmax>
            <ymax>350.98691406249964</ymax>
        </bndbox>
    </object>    <object>
        <name>body</name>
        <pose>Unspecified</pose>
        <truncated>0</truncated>
        <difficult>0</difficult>
        <bndbox>
            <xmin>522.5859375</xmin>
            <ymin>333.7194010416667</ymin>
            <xmax>750.3859374999993</xmax>
            <ymax>517.3419223233626</ymax>
        </bndbox>
    </object>
</annotation>
