<annotation>
    <folder></folder>
    <filename>frame_000496</filename>
    <path></path>
    <source>
        <database>Unknown</database>
    </source>
    <size>
        <width>1280</width>
        <height>720</height>
        <depth>3</depth>
    </size>
    <segmented>0</segmented>
    <object>
        <name>head</name>
        <pose>Unspecified</pose>
        <truncated>0</truncated>
        <difficult>0</difficult>
        <bndbox>
            <xmin>545.580078125</xmin>
            <ymin>229.80078125</ymin>
            <xmax>672.0496093750007</xmax>
            <ymax>337.27949066162</ymax>
        </bndbox>
    </object>    <object>
        <name>body</name>
        <pose>Unspecified</pose>
        <truncated>0</truncated>
        <difficult>0</difficult>
        <bndbox>
            <xmin>679.9471028645834</xmin>
            <ymin>356.9408365885417</ymin>
            <xmax>1257.6482747395833</xmax>
            <ymax>706.4980631510431</ymax>
        </bndbox>
    </object>    <object>
        <name>body</name>
        <pose>Unspecified</pose>
        <truncated>0</truncated>
        <difficult>0</difficult>
        <bndbox>
            <xmin>19.179850260416668</xmin>
            <ymin>348.0048828125</ymin>
            <xmax>510.53150390624734</xmax>
            <ymax>718.7170898437498</ymax>
        </bndbox>
    </object>    <object>
        <name>head</name>
        <pose>Unspecified</pose>
        <truncated>0</truncated>
        <difficult>0</difficult>
        <bndbox>
            <xmin>806.2307477678571</xmin>
            <ymin>59.169503348214285</ymin>
            <xmax>1114.9297321428571</xmax>
            <ymax>356.7571107700877</ymax>
        </bndbox>
    </object>    <object>
        <name>head</name>
        <pose>Unspecified</pose>
        <truncated>0</truncated>
        <difficult>0</difficult>
        <bndbox>
            <xmin>112.9660481770836</xmin>
            <ymin>61.925944010416664</ymin>
            <xmax>423.47152116563615</xmax>
            <ymax>359.49833509657077</ymax>
        </bndbox>
    </object>    <object>
        <name>body</name>
        <pose>Unspecified</pose>
        <truncated>0</truncated>
        <difficult>0</difficult>
        <bndbox>
            <xmin>518.085205078125</xmin>
            <ymin>316.08599853515625</ymin>
            <xmax>732.6329775528163</xmax>
            <ymax>487.94549423002763</ymax>
        </bndbox>
    </object>
</annotation>
