<annotation>
    <folder></folder>
    <filename>frame_000280</filename>
    <path></path>
    <source>
        <database>Unknown</database>
    </source>
    <size>
        <width>1280</width>
        <height>720</height>
        <depth>3</depth>
    </size>
    <segmented>0</segmented>
    <object>
        <name>head</name>
        <pose>Unspecified</pose>
        <truncated>0</truncated>
        <difficult>0</difficult>
        <bndbox>
            <xmin>594.6228966346154</xmin>
            <ymin>216.61791366185898</ymin>
            <xmax>694.5072716346168</xmax>
            <ymax>328.7970152243575</ymax>
        </bndbox>
    </object>    <object>
        <name>body</name>
        <pose>Unspecified</pose>
        <truncated>0</truncated>
        <difficult>0</difficult>
        <bndbox>
            <xmin>701.513671875</xmin>
            <ymin>366.56729403409156</ymin>
            <xmax>1275.513671875</xmax>
            <ymax>706.3121519886365</ymax>
        </bndbox>
    </object>    <object>
        <name>body</name>
        <pose>Unspecified</pose>
        <truncated>0</truncated>
        <difficult>0</difficult>
        <bndbox>
            <xmin>2.107666015625</xmin>
            <ymin>319.31549072265625</ymin>
            <xmax>524.0918457031257</xmax>
            <ymax>715.4500000000012</ymax>
        </bndbox>
    </object>    <object>
        <name>head</name>
        <pose>Unspecified</pose>
        <truncated>0</truncated>
        <difficult>0</difficult>
        <bndbox>
            <xmin>836.24453125</xmin>
            <ymin>68.6630859375</ymin>
            <xmax>1151.1359375000006</xmax>
            <ymax>368.86522216796766</ymax>
        </bndbox>
    </object>    <object>
        <name>head</name>
        <pose>Unspecified</pose>
        <truncated>0</truncated>
        <difficult>0</difficult>
        <bndbox>
            <xmin>155.58935546875</xmin>
            <ymin>69.9111328125</ymin>
            <xmax>421.12833984375357</xmax>
            <ymax>351.27046874999996</ymax>
        </bndbox>
    </object>    <object>
        <name>body</name>
        <pose>Unspecified</pose>
        <truncated>0</truncated>
        <difficult>0</difficult>
        <bndbox>
            <xmin>526.2937199519231</xmin>
            <ymin>318.2080078125</ymin>
            <xmax>702.683924278846</xmax>
            <ymax>491.3917593149034</ymax>
        </bndbox>
    </object>
</annotation>
