<annotation>
    <folder></folder>
    <filename>frame_000316</filename>
    <path></path>
    <source>
        <database>Unknown</database>
    </source>
    <size>
        <width>1280</width>
        <height>720</height>
        <depth>3</depth>
    </size>
    <segmented>0</segmented>
    <object>
        <name>head</name>
        <pose>Unspecified</pose>
        <truncated>0</truncated>
        <difficult>0</difficult>
        <bndbox>
            <xmin>598.2532958984375</xmin>
            <ymin>214.17999267578125</ymin>
            <xmax>698.137670898439</xmax>
            <ymax>326.3590942382798</ymax>
        </bndbox>
    </object>    <object>
        <name>body</name>
        <pose>Unspecified</pose>
        <truncated>0</truncated>
        <difficult>0</difficult>
        <bndbox>
            <xmin>683.4590541294643</xmin>
            <ymin>350.66615513392856</ymin>
            <xmax>1257.4590541294642</xmax>
            <ymax>716.5833984375009</ymax>
        </bndbox>
    </object>    <object>
        <name>body</name>
        <pose>Unspecified</pose>
        <truncated>0</truncated>
        <difficult>0</difficult>
        <bndbox>
            <xmin>38.0205078125</xmin>
            <ymin>256.822265625</ymin>
            <xmax>533.0119466145843</xmax>
            <ymax>718.1000000000022</ymax>
        </bndbox>
    </object>    <object>
        <name>head</name>
        <pose>Unspecified</pose>
        <truncated>0</truncated>
        <difficult>0</difficult>
        <bndbox>
            <xmin>870.87890625</xmin>
            <ymin>62.35361328125</ymin>
            <xmax>1185.7703125000007</xmax>
            <ymax>362.55574951171764</ymax>
        </bndbox>
    </object>    <object>
        <name>head</name>
        <pose>Unspecified</pose>
        <truncated>0</truncated>
        <difficult>0</difficult>
        <bndbox>
            <xmin>81.25</xmin>
            <ymin>63.00390625</ymin>
            <xmax>349.92148437500146</xmax>
            <ymax>356.9367187500011</ymax>
        </bndbox>
    </object>    <object>
        <name>body</name>
        <pose>Unspecified</pose>
        <truncated>0</truncated>
        <difficult>0</difficult>
        <bndbox>
            <xmin>508.513671875</xmin>
            <ymin>323.9431640625</ymin>
            <xmax>736.3136718749993</xmax>
            <ymax>522.4115356445284</ymax>
        </bndbox>
    </object>
</annotation>
