<annotation>
    <folder></folder>
    <filename>frame_000555</filename>
    <path></path>
    <source>
        <database>Unknown</database>
    </source>
    <size>
        <width>1280</width>
        <height>720</height>
        <depth>3</depth>
    </size>
    <segmented>0</segmented>
    <object>
        <name>head</name>
        <pose>Unspecified</pose>
        <truncated>0</truncated>
        <difficult>0</difficult>
        <bndbox>
            <xmin>553.6171875</xmin>
            <ymin>203.1201171875</ymin>
            <xmax>697.9125045776345</xmax>
            <ymax>315.29921874999854</ymax>
        </bndbox>
    </object>    <object>
        <name>body</name>
        <pose>Unspecified</pose>
        <truncated>0</truncated>
        <difficult>0</difficult>
        <bndbox>
            <xmin>711.599609375</xmin>
            <ymin>348.048828125</ymin>
            <xmax>1279.0660156249978</xmax>
            <ymax>707.0</ymax>
        </bndbox>
    </object>    <object>
        <name>body</name>
        <pose>Unspecified</pose>
        <truncated>0</truncated>
        <difficult>0</difficult>
        <bndbox>
            <xmin>0.0</xmin>
            <ymin>347.074951171875</ymin>
            <xmax>508.75</xmax>
            <ymax>712.9823730468743</ymax>
        </bndbox>
    </object>    <object>
        <name>head</name>
        <pose>Unspecified</pose>
        <truncated>0</truncated>
        <difficult>0</difficult>
        <bndbox>
            <xmin>805.4140625</xmin>
            <ymin>41.0458984375</ymin>
            <xmax>1120.3054687500007</xmax>
            <ymax>341.24803466796766</ymax>
        </bndbox>
    </object>    <object>
        <name>head</name>
        <pose>Unspecified</pose>
        <truncated>0</truncated>
        <difficult>0</difficult>
        <bndbox>
            <xmin>171.1884765625</xmin>
            <ymin>63.2236328125</ymin>
            <xmax>457.763671875</xmax>
            <ymax>368.4599548339829</ymax>
        </bndbox>
    </object>    <object>
        <name>body</name>
        <pose>Unspecified</pose>
        <truncated>0</truncated>
        <difficult>0</difficult>
        <bndbox>
            <xmin>531.388671875</xmin>
            <ymin>317.8056640625</ymin>
            <xmax>737.2000000000007</xmax>
            <ymax>524.1203124999993</ymax>
        </bndbox>
    </object>
</annotation>
