<annotation>
    <folder></folder>
    <filename>frame_000291</filename>
    <path></path>
    <source>
        <database>Unknown</database>
    </source>
    <size>
        <width>1280</width>
        <height>720</height>
        <depth>3</depth>
    </size>
    <segmented>0</segmented>
    <object>
        <name>head</name>
        <pose>Unspecified</pose>
        <truncated>0</truncated>
        <difficult>0</difficult>
        <bndbox>
            <xmin>602.5010516826923</xmin>
            <ymin>218.44022936698718</ymin>
            <xmax>702.3854266826937</xmax>
            <ymax>330.6193309294857</ymax>
        </bndbox>
    </object>    <object>
        <name>body</name>
        <pose>Unspecified</pose>
        <truncated>0</truncated>
        <difficult>0</difficult>
        <bndbox>
            <xmin>729.5</xmin>
            <ymin>389.291015625</ymin>
            <xmax>1280.0</xmax>
            <ymax>705.4264160156235</ymax>
        </bndbox>
    </object>    <object>
        <name>body</name>
        <pose>Unspecified</pose>
        <truncated>0</truncated>
        <difficult>0</difficult>
        <bndbox>
            <xmin>15.182756696428571</xmin>
            <ymin>397.0492466517857</ymin>
            <xmax>534.3717306954537</xmax>
            <ymax>712.3726414271758</ymax>
        </bndbox>
    </object>    <object>
        <name>head</name>
        <pose>Unspecified</pose>
        <truncated>0</truncated>
        <difficult>0</difficult>
        <bndbox>
            <xmin>822.033203125</xmin>
            <ymin>73.513671875</ymin>
            <xmax>1132.8843191964297</xmax>
            <ymax>373.71580810546766</ymax>
        </bndbox>
    </object>    <object>
        <name>head</name>
        <pose>Unspecified</pose>
        <truncated>0</truncated>
        <difficult>0</difficult>
        <bndbox>
            <xmin>109.9013671875</xmin>
            <ymin>70.447265625</ymin>
            <xmax>398.4836588541675</xmax>
            <ymax>383.6873616536468</ymax>
        </bndbox>
    </object>    <object>
        <name>body</name>
        <pose>Unspecified</pose>
        <truncated>0</truncated>
        <difficult>0</difficult>
        <bndbox>
            <xmin>533.984375</xmin>
            <ymin>321.52134486607144</ymin>
            <xmax>728.6441761363634</xmax>
            <ymax>503.6905398678469</ymax>
        </bndbox>
    </object>
</annotation>
