<annotation>
    <folder></folder>
    <filename>frame_000184</filename>
    <path></path>
    <source>
        <database>Unknown</database>
    </source>
    <size>
        <width>1280</width>
        <height>720</height>
        <depth>3</depth>
    </size>
    <segmented>0</segmented>
    <object>
        <name>head</name>
        <pose>Unspecified</pose>
        <truncated>0</truncated>
        <difficult>0</difficult>
        <bndbox>
            <xmin>579.3837890625</xmin>
            <ymin>199.34423828125</ymin>
            <xmax>707.3166015624993</xmax>
            <ymax>333.956552124022</ymax>
        </bndbox>
    </object>    <object>
        <name>body</name>
        <pose>Unspecified</pose>
        <truncated>0</truncated>
        <difficult>0</difficult>
        <bndbox>
            <xmin>664.0904416454082</xmin>
            <ymin>368.5903619260204</ymin>
            <xmax>1238.0904416454082</xmax>
            <ymax>720.0</ymax>
        </bndbox>
    </object>    <object>
        <name>body</name>
        <pose>Unspecified</pose>
        <truncated>0</truncated>
        <difficult>0</difficult>
        <bndbox>
            <xmin>9.34689670138889</xmin>
            <ymin>327.15077039930554</ymin>
            <xmax>483.20313223379804</xmax>
            <ymax>715.3868324562342</ymax>
        </bndbox>
    </object>    <object>
        <name>head</name>
        <pose>Unspecified</pose>
        <truncated>0</truncated>
        <difficult>0</difficult>
        <bndbox>
            <xmin>834.8923105736301</xmin>
            <ymin>49.06421232876713</ymin>
            <xmax>1149.7837168236308</xmax>
            <ymax>349.26634855923476</ymax>
        </bndbox>
    </object>    <object>
        <name>head</name>
        <pose>Unspecified</pose>
        <truncated>0</truncated>
        <difficult>0</difficult>
        <bndbox>
            <xmin>188.8951083096591</xmin>
            <ymin>44.12801846590909</ymin>
            <xmax>450.8042879971591</xmax>
            <ymax>337.98700284090876</ymax>
        </bndbox>
    </object>    <object>
        <name>body</name>
        <pose>Unspecified</pose>
        <truncated>0</truncated>
        <difficult>0</difficult>
        <bndbox>
            <xmin>494.6060546875</xmin>
            <ymin>312.33154296875</ymin>
            <xmax>722.4060546874992</xmax>
            <ymax>476.03155517578125</ymax>
        </bndbox>
    </object>
</annotation>
