<annotation>
    <folder></folder>
    <filename>frame_000465</filename>
    <path></path>
    <source>
        <database>Unknown</database>
    </source>
    <size>
        <width>1280</width>
        <height>720</height>
        <depth>3</depth>
    </size>
    <segmented>0</segmented>
    <object>
        <name>head</name>
        <pose>Unspecified</pose>
        <truncated>0</truncated>
        <difficult>0</difficult>
        <bndbox>
            <xmin>570.052734375</xmin>
            <ymin>207.56218750000045</ymin>
            <xmax>677.4224218750009</xmax>
            <ymax>323.46581970214754</ymax>
        </bndbox>
    </object>    <object>
        <name>body</name>
        <pose>Unspecified</pose>
        <truncated>0</truncated>
        <difficult>0</difficult>
        <bndbox>
            <xmin>688.244140625</xmin>
            <ymin>354.06439732142866</ymin>
            <xmax>1262.244140625</xmax>
            <ymax>720.0</ymax>
        </bndbox>
    </object>    <object>
        <name>body</name>
        <pose>Unspecified</pose>
        <truncated>0</truncated>
        <difficult>0</difficult>
        <bndbox>
            <xmin>6.705965909090909</xmin>
            <ymin>360.1907848011364</ymin>
            <xmax>526.643413825757</xmax>
            <ymax>720.0</ymax>
        </bndbox>
    </object>    <object>
        <name>head</name>
        <pose>Unspecified</pose>
        <truncated>0</truncated>
        <difficult>0</difficult>
        <bndbox>
            <xmin>783.728515625</xmin>
            <ymin>60.8349609375</ymin>
            <xmax>1077.6609555288487</xmax>
            <ymax>352.1879227388845</ymax>
        </bndbox>
    </object>    <object>
        <name>head</name>
        <pose>Unspecified</pose>
        <truncated>0</truncated>
        <difficult>0</difficult>
        <bndbox>
            <xmin>121.8486328125</xmin>
            <ymin>59.5625</ymin>
            <xmax>399.5486328125007</xmax>
            <ymax>364.74472656250146</ymax>
        </bndbox>
    </object>    <object>
        <name>body</name>
        <pose>Unspecified</pose>
        <truncated>0</truncated>
        <difficult>0</difficult>
        <bndbox>
            <xmin>517.80859375</xmin>
            <ymin>325.58189174107144</ymin>
            <xmax>722.954370589998</xmax>
            <ymax>489.2835168235958</ymax>
        </bndbox>
    </object>
</annotation>
