<annotation>
    <folder></folder>
    <filename>frame_000536</filename>
    <path></path>
    <source>
        <database>Unknown</database>
    </source>
    <size>
        <width>1280</width>
        <height>720</height>
        <depth>3</depth>
    </size>
    <segmented>0</segmented>
    <object>
        <name>head</name>
        <pose>Unspecified</pose>
        <truncated>0</truncated>
        <difficult>0</difficult>
        <bndbox>
            <xmin>574.6840625000004</xmin>
            <ymin>197.857421875</ymin>
            <xmax>690.8953134155279</xmax>
            <ymax>310.03652343749854</ymax>
        </bndbox>
    </object>    <object>
        <name>body</name>
        <pose>Unspecified</pose>
        <truncated>0</truncated>
        <difficult>0</difficult>
        <bndbox>
            <xmin>711.599609375</xmin>
            <ymin>348.048828125</ymin>
            <xmax>1279.0660156249978</xmax>
            <ymax>707.0</ymax>
        </bndbox>
    </object>    <object>
        <name>body</name>
        <pose>Unspecified</pose>
        <truncated>0</truncated>
        <difficult>0</difficult>
        <bndbox>
            <xmin>35.95068359375</xmin>
            <ymin>327.6267578125007</ymin>
            <xmax>521.9015057373053</xmax>
            <ymax>716.9497985839844</ymax>
        </bndbox>
    </object>    <object>
        <name>head</name>
        <pose>Unspecified</pose>
        <truncated>0</truncated>
        <difficult>0</difficult>
        <bndbox>
            <xmin>846.348046875</xmin>
            <ymin>42.976236979166664</ymin>
            <xmax>1161.2394531250006</xmax>
            <ymax>343.17837320963434</ymax>
        </bndbox>
    </object>    <object>
        <name>head</name>
        <pose>Unspecified</pose>
        <truncated>0</truncated>
        <difficult>0</difficult>
        <bndbox>
            <xmin>208.890625</xmin>
            <ymin>95.05078125</ymin>
            <xmax>452.9721354166686</xmax>
            <ymax>366.30526936848946</ymax>
        </bndbox>
    </object>    <object>
        <name>body</name>
        <pose>Unspecified</pose>
        <truncated>0</truncated>
        <difficult>0</difficult>
        <bndbox>
            <xmin>510.0023763020833</xmin>
            <ymin>312.8032877604167</ymin>
            <xmax>732.186857350666</xmax>
            <ymax>511.9124348958333</ymax>
        </bndbox>
    </object>
</annotation>
