<annotation>
    <folder></folder>
    <filename>frame_000505</filename>
    <path></path>
    <source>
        <database>Unknown</database>
    </source>
    <size>
        <width>1280</width>
        <height>720</height>
        <depth>3</depth>
    </size>
    <segmented>0</segmented>
    <object>
        <name>head</name>
        <pose>Unspecified</pose>
        <truncated>0</truncated>
        <difficult>0</difficult>
        <bndbox>
            <xmin>556.201171875</xmin>
            <ymin>197.58677455357142</ymin>
            <xmax>665.3914062500007</xmax>
            <ymax>309.76587611607</ymax>
        </bndbox>
    </object>    <object>
        <name>body</name>
        <pose>Unspecified</pose>
        <truncated>0</truncated>
        <difficult>0</difficult>
        <bndbox>
            <xmin>697.4710286458334</xmin>
            <ymin>344.3234049479167</ymin>
            <xmax>1275.1722005208333</xmax>
            <ymax>693.8806315104181</ymax>
        </bndbox>
    </object>    <object>
        <name>body</name>
        <pose>Unspecified</pose>
        <truncated>0</truncated>
        <difficult>0</difficult>
        <bndbox>
            <xmin>23.479166666666668</xmin>
            <ymin>325.8212890625</ymin>
            <xmax>506.531718749998</xmax>
            <ymax>707.1708984374982</ymax>
        </bndbox>
    </object>    <object>
        <name>head</name>
        <pose>Unspecified</pose>
        <truncated>0</truncated>
        <difficult>0</difficult>
        <bndbox>
            <xmin>871.6941964285714</xmin>
            <ymin>44.60226004464286</ymin>
            <xmax>1184.680242101649</xmax>
            <ymax>343.9999258724661</ymax>
        </bndbox>
    </object>    <object>
        <name>head</name>
        <pose>Unspecified</pose>
        <truncated>0</truncated>
        <difficult>0</difficult>
        <bndbox>
            <xmin>141.5249348958334</xmin>
            <ymin>57.292643229166664</ymin>
            <xmax>406.0559007432734</xmax>
            <ymax>332.9774732801638</ymax>
        </bndbox>
    </object>    <object>
        <name>body</name>
        <pose>Unspecified</pose>
        <truncated>0</truncated>
        <difficult>0</difficult>
        <bndbox>
            <xmin>515.1134033203125</xmin>
            <ymin>312.8260803222656</ymin>
            <xmax>732.3907874308824</xmax>
            <ymax>487.05399006588254</ymax>
        </bndbox>
    </object>
</annotation>
