<annotation>
    <folder></folder>
    <filename>frame_000108</filename>
    <path></path>
    <source>
        <database>Unknown</database>
    </source>
    <size>
        <width>1280</width>
        <height>720</height>
        <depth>3</depth>
    </size>
    <segmented>0</segmented>
    <object>
        <name>head</name>
        <pose>Unspecified</pose>
        <truncated>0</truncated>
        <difficult>0</difficult>
        <bndbox>
            <xmin>591.9830729166666</xmin>
            <ymin>193.5458984375</ymin>
            <xmax>701.5581119791677</xmax>
            <ymax>327.0845764160149</ymax>
        </bndbox>
    </object>    <object>
        <name>body</name>
        <pose>Unspecified</pose>
        <truncated>0</truncated>
        <difficult>0</difficult>
        <bndbox>
            <xmin>682.0665258290817</xmin>
            <ymin>368.0097390518707</ymin>
            <xmax>1256.0665258290817</xmax>
            <ymax>720.0</ymax>
        </bndbox>
    </object>    <object>
        <name>body</name>
        <pose>Unspecified</pose>
        <truncated>0</truncated>
        <difficult>0</difficult>
        <bndbox>
            <xmin>5.6083984375</xmin>
            <ymin>333.73388671875</ymin>
            <xmax>576.5018066406255</xmax>
            <ymax>712.111473083497</ymax>
        </bndbox>
    </object>    <object>
        <name>head</name>
        <pose>Unspecified</pose>
        <truncated>0</truncated>
        <difficult>0</difficult>
        <bndbox>
            <xmin>830.6831924229452</xmin>
            <ymin>53.47717786815068</ymin>
            <xmax>1145.574598672946</xmax>
            <ymax>353.67931409861836</ymax>
        </bndbox>
    </object>    <object>
        <name>head</name>
        <pose>Unspecified</pose>
        <truncated>0</truncated>
        <difficult>0</difficult>
        <bndbox>
            <xmin>100.56103515625</xmin>
            <ymin>30.8974609375</ymin>
            <xmax>362.47021484375</xmax>
            <ymax>324.75644531249964</ymax>
        </bndbox>
    </object>    <object>
        <name>body</name>
        <pose>Unspecified</pose>
        <truncated>0</truncated>
        <difficult>0</difficult>
        <bndbox>
            <xmin>509.58384486607144</xmin>
            <ymin>312.907470703125</ymin>
            <xmax>737.3838448660707</xmax>
            <ymax>491.23145233730276</ymax>
        </bndbox>
    </object>
</annotation>
