<annotation>
    <folder></folder>
    <filename>frame_000037</filename>
    <path></path>
    <source>
        <database>Unknown</database>
    </source>
    <size>
        <width>1280</width>
        <height>720</height>
        <depth>3</depth>
    </size>
    <segmented>0</segmented>
    <object>
        <name>head</name>
        <pose>Unspecified</pose>
        <truncated>0</truncated>
        <difficult>0</difficult>
        <bndbox>
            <xmin>603.71875</xmin>
            <ymin>190.99765625</ymin>
            <xmax>709.1726562500007</xmax>
            <ymax>324.5363342285149</ymax>
        </bndbox>
    </object>    <object>
        <name>body</name>
        <pose>Unspecified</pose>
        <truncated>0</truncated>
        <difficult>0</difficult>
        <bndbox>
            <xmin>702.0751953125</xmin>
            <ymin>345.6201171875</ymin>
            <xmax>1276.0751953125</xmax>
            <ymax>704.8583984375</ymax>
        </bndbox>
    </object>    <object>
        <name>body</name>
        <pose>Unspecified</pose>
        <truncated>0</truncated>
        <difficult>0</difficult>
        <bndbox>
            <xmin>5.60791015625</xmin>
            <ymin>356.6599934895833</ymin>
            <xmax>603.8352539062507</xmax>
            <ymax>708.0306966145848</ymax>
        </bndbox>
    </object>    <object>
        <name>head</name>
        <pose>Unspecified</pose>
        <truncated>0</truncated>
        <difficult>0</difficult>
        <bndbox>
            <xmin>873.4947916666666</xmin>
            <ymin>54.76318359375</ymin>
            <xmax>1188.3861979166675</xmax>
            <ymax>354.96531982421766</ymax>
        </bndbox>
    </object>    <object>
        <name>head</name>
        <pose>Unspecified</pose>
        <truncated>0</truncated>
        <difficult>0</difficult>
        <bndbox>
            <xmin>200.01529947916666</xmin>
            <ymin>55.661458333333336</ymin>
            <xmax>461.9244791666667</xmax>
            <ymax>367.45937499999974</ymax>
        </bndbox>
    </object>    <object>
        <name>body</name>
        <pose>Unspecified</pose>
        <truncated>0</truncated>
        <difficult>0</difficult>
        <bndbox>
            <xmin>510.9293870192308</xmin>
            <ymin>329.2059795673077</ymin>
            <xmax>738.72938701923</xmax>
            <ymax>492.90599177433893</ymax>
        </bndbox>
    </object>
</annotation>
