<annotation>
    <folder></folder>
    <filename>frame_000384</filename>
    <path></path>
    <source>
        <database>Unknown</database>
    </source>
    <size>
        <width>1280</width>
        <height>720</height>
        <depth>3</depth>
    </size>
    <segmented>0</segmented>
    <object>
        <name>head</name>
        <pose>Unspecified</pose>
        <truncated>0</truncated>
        <difficult>0</difficult>
        <bndbox>
            <xmin>558.033203125</xmin>
            <ymin>210.357421875</ymin>
            <xmax>657.9175781250015</xmax>
            <ymax>322.53652343749854</ymax>
        </bndbox>
    </object>    <object>
        <name>body</name>
        <pose>Unspecified</pose>
        <truncated>0</truncated>
        <difficult>0</difficult>
        <bndbox>
            <xmin>688.244140625</xmin>
            <ymin>341.1103515625</ymin>
            <xmax>1262.244140625</xmax>
            <ymax>714.7746093750013</ymax>
        </bndbox>
    </object>    <object>
        <name>body</name>
        <pose>Unspecified</pose>
        <truncated>0</truncated>
        <difficult>0</difficult>
        <bndbox>
            <xmin>23.407752403846153</xmin>
            <ymin>329.6460336538464</ymin>
            <xmax>522.4000000000015</xmax>
            <ymax>706.7469721867484</ymax>
        </bndbox>
    </object>    <object>
        <name>head</name>
        <pose>Unspecified</pose>
        <truncated>0</truncated>
        <difficult>0</difficult>
        <bndbox>
            <xmin>911.5602678571429</xmin>
            <ymin>40.451450892857146</ymin>
            <xmax>1226.4516741071436</xmax>
            <ymax>340.6535871233248</ymax>
        </bndbox>
    </object>    <object>
        <name>head</name>
        <pose>Unspecified</pose>
        <truncated>0</truncated>
        <difficult>0</difficult>
        <bndbox>
            <xmin>80.28005642361111</xmin>
            <ymin>66.34114583333333</ymin>
            <xmax>335.8838758680587</xmax>
            <ymax>339.4368726942266</ymax>
        </bndbox>
    </object>    <object>
        <name>body</name>
        <pose>Unspecified</pose>
        <truncated>0</truncated>
        <difficult>0</difficult>
        <bndbox>
            <xmin>535.585546875</xmin>
            <ymin>318.9017578125</ymin>
            <xmax>735.5753906250014</xmax>
            <ymax>496.0410986328119</ymax>
        </bndbox>
    </object>
</annotation>
