<annotation>
    <folder></folder>
    <filename>frame_000188</filename>
    <path></path>
    <source>
        <database>Unknown</database>
    </source>
    <size>
        <width>1280</width>
        <height>720</height>
        <depth>3</depth>
    </size>
    <segmented>0</segmented>
    <object>
        <name>head</name>
        <pose>Unspecified</pose>
        <truncated>0</truncated>
        <difficult>0</difficult>
        <bndbox>
            <xmin>560.615234375</xmin>
            <ymin>190.166015625</ymin>
            <xmax>688.5480468749993</xmax>
            <ymax>324.778329467772</ymax>
        </bndbox>
    </object>    <object>
        <name>body</name>
        <pose>Unspecified</pose>
        <truncated>0</truncated>
        <difficult>0</difficult>
        <bndbox>
            <xmin>664.3341238839286</xmin>
            <ymin>368.0899135044643</ymin>
            <xmax>1238.3341238839287</xmax>
            <ymax>719.4766322544643</ymax>
        </bndbox>
    </object>    <object>
        <name>body</name>
        <pose>Unspecified</pose>
        <truncated>0</truncated>
        <difficult>0</difficult>
        <bndbox>
            <xmin>8.696723090277777</xmin>
            <ymin>322.1496853298611</ymin>
            <xmax>479.7606264467608</xmax>
            <ymax>715.0102473506207</ymax>
        </bndbox>
    </object>    <object>
        <name>head</name>
        <pose>Unspecified</pose>
        <truncated>0</truncated>
        <difficult>0</difficult>
        <bndbox>
            <xmin>835.1138431078767</xmin>
            <ymin>48.83195098458904</ymin>
            <xmax>1150.0052493578773</xmax>
            <ymax>349.0340872150567</ymax>
        </bndbox>
    </object>    <object>
        <name>head</name>
        <pose>Unspecified</pose>
        <truncated>0</truncated>
        <difficult>0</difficult>
        <bndbox>
            <xmin>193.4915216619318</xmin>
            <ymin>36.92950994318182</ymin>
            <xmax>455.4007013494318</xmax>
            <ymax>330.78849431818145</ymax>
        </bndbox>
    </object>    <object>
        <name>body</name>
        <pose>Unspecified</pose>
        <truncated>0</truncated>
        <difficult>0</difficult>
        <bndbox>
            <xmin>491.1298828125</xmin>
            <ymin>314.0446289062502</ymin>
            <xmax>718.9298828124993</xmax>
            <ymax>462.79718017578125</ymax>
        </bndbox>
    </object>
</annotation>
