<annotation>
    <folder></folder>
    <filename>frame_000103</filename>
    <path></path>
    <source>
        <database>Unknown</database>
    </source>
    <size>
        <width>1280</width>
        <height>720</height>
        <depth>3</depth>
    </size>
    <segmented>0</segmented>
    <object>
        <name>head</name>
        <pose>Unspecified</pose>
        <truncated>0</truncated>
        <difficult>0</difficult>
        <bndbox>
            <xmin>573.3782552083334</xmin>
            <ymin>190.0068359375</ymin>
            <xmax>681.0800520833363</xmax>
            <ymax>323.5455139160149</ymax>
        </bndbox>
    </object>    <object>
        <name>body</name>
        <pose>Unspecified</pose>
        <truncated>0</truncated>
        <difficult>0</difficult>
        <bndbox>
            <xmin>683.2491629464286</xmin>
            <ymin>367.97154017857144</ymin>
            <xmax>1257.2491629464287</xmax>
            <ymax>720.0</ymax>
        </bndbox>
    </object>    <object>
        <name>body</name>
        <pose>Unspecified</pose>
        <truncated>0</truncated>
        <difficult>0</difficult>
        <bndbox>
            <xmin>4.928592566287879</xmin>
            <ymin>317.836943655303</ymin>
            <xmax>592.910197679925</xmax>
            <ymax>713.0575757575776</ymax>
        </bndbox>
    </object>    <object>
        <name>head</name>
        <pose>Unspecified</pose>
        <truncated>0</truncated>
        <difficult>0</difficult>
        <bndbox>
            <xmin>830.406276755137</xmin>
            <ymin>53.76750454837329</ymin>
            <xmax>1145.2976830051377</xmax>
            <ymax>353.9696407788409</ymax>
        </bndbox>
    </object>    <object>
        <name>head</name>
        <pose>Unspecified</pose>
        <truncated>0</truncated>
        <difficult>0</difficult>
        <bndbox>
            <xmin>228.0361328125</xmin>
            <ymin>77.43391927083333</ymin>
            <xmax>489.9453125</xmax>
            <ymax>371.29290364583295</ymax>
        </bndbox>
    </object>    <object>
        <name>body</name>
        <pose>Unspecified</pose>
        <truncated>0</truncated>
        <difficult>0</difficult>
        <bndbox>
            <xmin>509.986328125</xmin>
            <ymin>314.87158203125</ymin>
            <xmax>737.7863281249993</xmax>
            <ymax>494.2552715949314</ymax>
        </bndbox>
    </object>
</annotation>
