<annotation>
    <folder></folder>
    <filename>frame_000308</filename>
    <path></path>
    <source>
        <database>Unknown</database>
    </source>
    <size>
        <width>1280</width>
        <height>720</height>
        <depth>3</depth>
    </size>
    <segmented>0</segmented>
    <object>
        <name>head</name>
        <pose>Unspecified</pose>
        <truncated>0</truncated>
        <difficult>0</difficult>
        <bndbox>
            <xmin>579.6234130859375</xmin>
            <ymin>207.20587158203125</ymin>
            <xmax>679.507788085939</xmax>
            <ymax>319.3849731445298</ymax>
        </bndbox>
    </object>    <object>
        <name>body</name>
        <pose>Unspecified</pose>
        <truncated>0</truncated>
        <difficult>0</difficult>
        <bndbox>
            <xmin>691.5343889508929</xmin>
            <ymin>358.0043247767857</ymin>
            <xmax>1265.534388950893</xmax>
            <ymax>718.1912109375005</ymax>
        </bndbox>
    </object>    <object>
        <name>body</name>
        <pose>Unspecified</pose>
        <truncated>0</truncated>
        <difficult>0</difficult>
        <bndbox>
            <xmin>32.40085320723684</xmin>
            <ymin>302.9596011513158</ymin>
            <xmax>538.7576565926544</xmax>
            <ymax>718.9000000000012</ymax>
        </bndbox>
    </object>    <object>
        <name>head</name>
        <pose>Unspecified</pose>
        <truncated>0</truncated>
        <difficult>0</difficult>
        <bndbox>
            <xmin>870.87890625</xmin>
            <ymin>67.73720703125</ymin>
            <xmax>1185.7703125000007</xmax>
            <ymax>367.9393432617177</ymax>
        </bndbox>
    </object>    <object>
        <name>head</name>
        <pose>Unspecified</pose>
        <truncated>0</truncated>
        <difficult>0</difficult>
        <bndbox>
            <xmin>172.654296875</xmin>
            <ymin>75.9384765625</ymin>
            <xmax>441.32578125000146</xmax>
            <ymax>369.8712890625011</ymax>
        </bndbox>
    </object>    <object>
        <name>body</name>
        <pose>Unspecified</pose>
        <truncated>0</truncated>
        <difficult>0</difficult>
        <bndbox>
            <xmin>508.513671875</xmin>
            <ymin>316.3166015625</ymin>
            <xmax>736.3136718749993</xmax>
            <ymax>514.7849731445283</ymax>
        </bndbox>
    </object>
</annotation>
