<annotation>
    <folder></folder>
    <filename>frame_000449</filename>
    <path></path>
    <source>
        <database>Unknown</database>
    </source>
    <size>
        <width>1280</width>
        <height>720</height>
        <depth>3</depth>
    </size>
    <segmented>0</segmented>
    <object>
        <name>head</name>
        <pose>Unspecified</pose>
        <truncated>0</truncated>
        <difficult>0</difficult>
        <bndbox>
            <xmin>584.131640625</xmin>
            <ymin>209.8181640625</ymin>
            <xmax>684.0160156250015</xmax>
            <ymax>321.99726562499853</ymax>
        </bndbox>
    </object>    <object>
        <name>body</name>
        <pose>Unspecified</pose>
        <truncated>0</truncated>
        <difficult>0</difficult>
        <bndbox>
            <xmin>688.244140625</xmin>
            <ymin>346.8972981770833</ymin>
            <xmax>1262.244140625</xmax>
            <ymax>719.1291015625002</ymax>
        </bndbox>
    </object>    <object>
        <name>body</name>
        <pose>Unspecified</pose>
        <truncated>0</truncated>
        <difficult>0</difficult>
        <bndbox>
            <xmin>0.30859375</xmin>
            <ymin>333.681640625</ymin>
            <xmax>535.0</xmax>
            <ymax>712.0</ymax>
        </bndbox>
    </object>    <object>
        <name>head</name>
        <pose>Unspecified</pose>
        <truncated>0</truncated>
        <difficult>0</difficult>
        <bndbox>
            <xmin>836.345703125</xmin>
            <ymin>59.847873263888886</ymin>
            <xmax>1122.6567007211581</xmax>
            <ymax>347.982953454693</ymax>
        </bndbox>
    </object>    <object>
        <name>head</name>
        <pose>Unspecified</pose>
        <truncated>0</truncated>
        <difficult>0</difficult>
        <bndbox>
            <xmin>110.2900390625</xmin>
            <ymin>13.205078125</ymin>
            <xmax>387.9900390625007</xmax>
            <ymax>318.38730468750146</ymax>
        </bndbox>
    </object>    <object>
        <name>body</name>
        <pose>Unspecified</pose>
        <truncated>0</truncated>
        <difficult>0</difficult>
        <bndbox>
            <xmin>520.29765625</xmin>
            <ymin>320.7939453125</ymin>
            <xmax>720.5907901817664</xmax>
            <ymax>480.28505653058676</ymax>
        </bndbox>
    </object>
</annotation>
