<annotation>
    <folder></folder>
    <filename>frame_000378</filename>
    <path></path>
    <source>
        <database>Unknown</database>
    </source>
    <size>
        <width>1280</width>
        <height>720</height>
        <depth>3</depth>
    </size>
    <segmented>0</segmented>
    <object>
        <name>head</name>
        <pose>Unspecified</pose>
        <truncated>0</truncated>
        <difficult>0</difficult>
        <bndbox>
            <xmin>607.87109375</xmin>
            <ymin>213.744140625</ymin>
            <xmax>707.7554687500015</xmax>
            <ymax>325.92324218749854</ymax>
        </bndbox>
    </object>    <object>
        <name>body</name>
        <pose>Unspecified</pose>
        <truncated>0</truncated>
        <difficult>0</difficult>
        <bndbox>
            <xmin>688.244140625</xmin>
            <ymin>340.576171875</ymin>
            <xmax>1262.244140625</xmax>
            <ymax>714.3726562500015</ymax>
        </bndbox>
    </object>    <object>
        <name>body</name>
        <pose>Unspecified</pose>
        <truncated>0</truncated>
        <difficult>0</difficult>
        <bndbox>
            <xmin>23.365234375</xmin>
            <ymin>321.72265625</ymin>
            <xmax>502.7292968750007</xmax>
            <ymax>707.7999999999993</ymax>
        </bndbox>
    </object>    <object>
        <name>head</name>
        <pose>Unspecified</pose>
        <truncated>0</truncated>
        <difficult>0</difficult>
        <bndbox>
            <xmin>914.052734375</xmin>
            <ymin>40.28678385416667</ymin>
            <xmax>1228.9441406250007</xmax>
            <ymax>340.48892008463434</ymax>
        </bndbox>
    </object>    <object>
        <name>head</name>
        <pose>Unspecified</pose>
        <truncated>0</truncated>
        <difficult>0</difficult>
        <bndbox>
            <xmin>116.5</xmin>
            <ymin>67.5751953125</ymin>
            <xmax>387.60937500000364</xmax>
            <ymax>358.02807006836156</ymax>
        </bndbox>
    </object>    <object>
        <name>body</name>
        <pose>Unspecified</pose>
        <truncated>0</truncated>
        <difficult>0</difficult>
        <bndbox>
            <xmin>538.388671875</xmin>
            <ymin>322.8271484375</ymin>
            <xmax>738.3785156250015</xmax>
            <ymax>482.0551025390596</ymax>
        </bndbox>
    </object>
</annotation>
