<annotation>
    <folder></folder>
    <filename>frame_000095</filename>
    <path></path>
    <source>
        <database>Unknown</database>
    </source>
    <size>
        <width>1280</width>
        <height>720</height>
        <depth>3</depth>
    </size>
    <segmented>0</segmented>
    <object>
        <name>head</name>
        <pose>Unspecified</pose>
        <truncated>0</truncated>
        <difficult>0</difficult>
        <bndbox>
            <xmin>591.0615234375</xmin>
            <ymin>188.410400390625</ymin>
            <xmax>696.5154296875007</xmax>
            <ymax>321.9490783691399</ymax>
        </bndbox>
    </object>    <object>
        <name>body</name>
        <pose>Unspecified</pose>
        <truncated>0</truncated>
        <difficult>0</difficult>
        <bndbox>
            <xmin>685.1413823341836</xmin>
            <ymin>367.91042198129253</ymin>
            <xmax>1259.1413823341836</xmax>
            <ymax>720.0</ymax>
        </bndbox>
    </object>    <object>
        <name>body</name>
        <pose>Unspecified</pose>
        <truncated>0</truncated>
        <difficult>0</difficult>
        <bndbox>
            <xmin>3.5689808238636362</xmin>
            <ymin>328.42098721590907</ymin>
            <xmax>571.0591086647735</xmax>
            <ymax>714.9727272727287</ymax>
        </bndbox>
    </object>    <object>
        <name>head</name>
        <pose>Unspecified</pose>
        <truncated>0</truncated>
        <difficult>0</difficult>
        <bndbox>
            <xmin>829.9632116866438</xmin>
            <ymin>54.23202723672945</ymin>
            <xmax>1144.8546179366447</xmax>
            <ymax>354.4341634671971</ymax>
        </bndbox>
    </object>    <object>
        <name>head</name>
        <pose>Unspecified</pose>
        <truncated>0</truncated>
        <difficult>0</difficult>
        <bndbox>
            <xmin>184.67938701923077</xmin>
            <ymin>63.67420372596154</ymin>
            <xmax>446.5885667067308</xmax>
            <ymax>357.5331881009612</ymax>
        </bndbox>
    </object>    <object>
        <name>body</name>
        <pose>Unspecified</pose>
        <truncated>0</truncated>
        <difficult>0</difficult>
        <bndbox>
            <xmin>510.6303013392857</xmin>
            <ymin>318.01416015625</ymin>
            <xmax>738.4303013392849</xmax>
            <ymax>499.09338240713726</ymax>
        </bndbox>
    </object>
</annotation>
