<annotation>
    <folder></folder>
    <filename>frame_000116</filename>
    <path></path>
    <source>
        <database>Unknown</database>
    </source>
    <size>
        <width>1280</width>
        <height>720</height>
        <depth>3</depth>
    </size>
    <segmented>0</segmented>
    <object>
        <name>head</name>
        <pose>Unspecified</pose>
        <truncated>0</truncated>
        <difficult>0</difficult>
        <bndbox>
            <xmin>575.486328125</xmin>
            <ymin>182.1767578125</ymin>
            <xmax>688.0585546875009</xmax>
            <ymax>315.7154357910149</ymax>
        </bndbox>
    </object>    <object>
        <name>body</name>
        <pose>Unspecified</pose>
        <truncated>0</truncated>
        <difficult>0</difficult>
        <bndbox>
            <xmin>680.1743064413265</xmin>
            <ymin>368.07085724914964</ymin>
            <xmax>1254.1743064413265</xmax>
            <ymax>720.0</ymax>
        </bndbox>
    </object>    <object>
        <name>body</name>
        <pose>Unspecified</pose>
        <truncated>0</truncated>
        <difficult>0</difficult>
        <bndbox>
            <xmin>20.399951171875</xmin>
            <ymin>366.59931640625</ymin>
            <xmax>523.3086914062509</xmax>
            <ymax>712.5900000000007</ymax>
        </bndbox>
    </object>    <object>
        <name>head</name>
        <pose>Unspecified</pose>
        <truncated>0</truncated>
        <difficult>0</difficult>
        <bndbox>
            <xmin>831.1262574914383</xmin>
            <ymin>53.01265517979452</ymin>
            <xmax>1146.017663741439</xmax>
            <ymax>353.2147914102622</ymax>
        </bndbox>
    </object>    <object>
        <name>head</name>
        <pose>Unspecified</pose>
        <truncated>0</truncated>
        <difficult>0</difficult>
        <bndbox>
            <xmin>170.22607421875</xmin>
            <ymin>67.18929036458333</ymin>
            <xmax>432.13525390625</xmax>
            <ymax>361.04827473958295</ymax>
        </bndbox>
    </object>    <object>
        <name>body</name>
        <pose>Unspecified</pose>
        <truncated>0</truncated>
        <difficult>0</difficult>
        <bndbox>
            <xmin>508.9398716517857</xmin>
            <ymin>309.764892578125</ymin>
            <xmax>736.7398716517849</xmax>
            <ymax>486.39334152509684</ymax>
        </bndbox>
    </object>
</annotation>
