<annotation>
    <folder></folder>
    <filename>frame_000121</filename>
    <path></path>
    <source>
        <database>Unknown</database>
    </source>
    <size>
        <width>1280</width>
        <height>720</height>
        <depth>3</depth>
    </size>
    <segmented>0</segmented>
    <object>
        <name>head</name>
        <pose>Unspecified</pose>
        <truncated>0</truncated>
        <difficult>0</difficult>
        <bndbox>
            <xmin>609.66796875</xmin>
            <ymin>175.46549479166666</ymin>
            <xmax>724.1134375000014</xmax>
            <ymax>309.0041727701816</ymax>
        </bndbox>
    </object>    <object>
        <name>body</name>
        <pose>Unspecified</pose>
        <truncated>0</truncated>
        <difficult>0</difficult>
        <bndbox>
            <xmin>678.9916693239796</xmin>
            <ymin>368.109056122449</ymin>
            <xmax>1252.9916693239795</xmax>
            <ymax>720.0</ymax>
        </bndbox>
    </object>    <object>
        <name>body</name>
        <pose>Unspecified</pose>
        <truncated>0</truncated>
        <difficult>0</difficult>
        <bndbox>
            <xmin>19.58720703125</xmin>
            <ymin>372.3400390625</ymin>
            <xmax>523.8521484375018</xmax>
            <ymax>714.5400000000005</ymax>
        </bndbox>
    </object>    <object>
        <name>head</name>
        <pose>Unspecified</pose>
        <truncated>0</truncated>
        <difficult>0</difficult>
        <bndbox>
            <xmin>831.4031731592465</xmin>
            <ymin>52.722328499571915</ymin>
            <xmax>1146.2945794092473</xmax>
            <ymax>352.9244647300396</ymax>
        </bndbox>
    </object>    <object>
        <name>head</name>
        <pose>Unspecified</pose>
        <truncated>0</truncated>
        <difficult>0</difficult>
        <bndbox>
            <xmin>211.96916852678572</xmin>
            <ymin>65.14606584821429</ymin>
            <xmax>473.8783482142857</xmax>
            <ymax>359.0050502232139</ymax>
        </bndbox>
    </object>    <object>
        <name>body</name>
        <pose>Unspecified</pose>
        <truncated>0</truncated>
        <difficult>0</difficult>
        <bndbox>
            <xmin>509.5209703947368</xmin>
            <ymin>310.43436472039474</ymin>
            <xmax>737.3209703947362</xmax>
            <ymax>487.57925370793197</ymax>
        </bndbox>
    </object>
</annotation>
