<annotation>
    <folder></folder>
    <filename>frame_000331</filename>
    <path></path>
    <source>
        <database>Unknown</database>
    </source>
    <size>
        <width>1280</width>
        <height>720</height>
        <depth>3</depth>
    </size>
    <segmented>0</segmented>
    <object>
        <name>head</name>
        <pose>Unspecified</pose>
        <truncated>0</truncated>
        <difficult>0</difficult>
        <bndbox>
            <xmin>587.9734375</xmin>
            <ymin>211.823828125</ymin>
            <xmax>687.8578125000015</xmax>
            <ymax>324.0029296874985</ymax>
        </bndbox>
    </object>    <object>
        <name>body</name>
        <pose>Unspecified</pose>
        <truncated>0</truncated>
        <difficult>0</difficult>
        <bndbox>
            <xmin>675.5853794642857</xmin>
            <ymin>340.576171875</ymin>
            <xmax>1249.1019610969388</xmax>
            <ymax>714.3726562500015</ymax>
        </bndbox>
    </object>    <object>
        <name>body</name>
        <pose>Unspecified</pose>
        <truncated>0</truncated>
        <difficult>0</difficult>
        <bndbox>
            <xmin>10.5145263671875</xmin>
            <ymin>364.832275390625</ymin>
            <xmax>508.5245895385747</xmax>
            <ymax>717.310791015625</ymax>
        </bndbox>
    </object>    <object>
        <name>head</name>
        <pose>Unspecified</pose>
        <truncated>0</truncated>
        <difficult>0</difficult>
        <bndbox>
            <xmin>866.4605823863636</xmin>
            <ymin>54.951171875</ymin>
            <xmax>1181.3519886363645</xmax>
            <ymax>355.15330810546766</ymax>
        </bndbox>
    </object>    <object>
        <name>head</name>
        <pose>Unspecified</pose>
        <truncated>0</truncated>
        <difficult>0</difficult>
        <bndbox>
            <xmin>193.494384765625</xmin>
            <ymin>85.218505859375</ymin>
            <xmax>471.1943847656257</xmax>
            <ymax>390.40073242187646</ymax>
        </bndbox>
    </object>    <object>
        <name>body</name>
        <pose>Unspecified</pose>
        <truncated>0</truncated>
        <difficult>0</difficult>
        <bndbox>
            <xmin>531.3352864583334</xmin>
            <ymin>314.7548828125</ymin>
            <xmax>709.5453965928815</xmax>
            <ymax>473.9828369140596</ymax>
        </bndbox>
    </object>
</annotation>
