<annotation>
    <folder></folder>
    <filename>frame_000275</filename>
    <path></path>
    <source>
        <database>Unknown</database>
    </source>
    <size>
        <width>1280</width>
        <height>720</height>
        <depth>3</depth>
    </size>
    <segmented>0</segmented>
    <object>
        <name>head</name>
        <pose>Unspecified</pose>
        <truncated>0</truncated>
        <difficult>0</difficult>
        <bndbox>
            <xmin>591.0419170673077</xmin>
            <ymin>215.78958834134616</ymin>
            <xmax>690.9262920673092</xmax>
            <ymax>327.9686899038447</ymax>
        </bndbox>
    </object>    <object>
        <name>body</name>
        <pose>Unspecified</pose>
        <truncated>0</truncated>
        <difficult>0</difficult>
        <bndbox>
            <xmin>701.513671875</xmin>
            <ymin>363.84611742424295</ymin>
            <xmax>1275.513671875</xmax>
            <ymax>706.9630205374058</ymax>
        </bndbox>
    </object>    <object>
        <name>body</name>
        <pose>Unspecified</pose>
        <truncated>0</truncated>
        <difficult>0</difficult>
        <bndbox>
            <xmin>4.748046875</xmin>
            <ymin>337.42431640625</ymin>
            <xmax>526.7322265625007</xmax>
            <ymax>717.2000000000007</ymax>
        </bndbox>
    </object>    <object>
        <name>head</name>
        <pose>Unspecified</pose>
        <truncated>0</truncated>
        <difficult>0</difficult>
        <bndbox>
            <xmin>835.672265625</xmin>
            <ymin>64.43782552083333</ymin>
            <xmax>1150.5636718750006</xmax>
            <ymax>364.639961751301</ymax>
        </bndbox>
    </object>    <object>
        <name>head</name>
        <pose>Unspecified</pose>
        <truncated>0</truncated>
        <difficult>0</difficult>
        <bndbox>
            <xmin>208.16634114583334</xmin>
            <ymin>89.75965711805556</ymin>
            <xmax>467.9977647569467</xmax>
            <ymax>371.95062934027777</ymax>
        </bndbox>
    </object>    <object>
        <name>body</name>
        <pose>Unspecified</pose>
        <truncated>0</truncated>
        <difficult>0</difficult>
        <bndbox>
            <xmin>523.7699318910256</xmin>
            <ymin>319.3912760416667</ymin>
            <xmax>707.9494991987177</xmax>
            <ymax>496.4060305864375</ymax>
        </bndbox>
    </object>
</annotation>
