<annotation>
    <folder></folder>
    <filename>frame_000119</filename>
    <path></path>
    <source>
        <database>Unknown</database>
    </source>
    <size>
        <width>1280</width>
        <height>720</height>
        <depth>3</depth>
    </size>
    <segmented>0</segmented>
    <object>
        <name>head</name>
        <pose>Unspecified</pose>
        <truncated>0</truncated>
        <difficult>0</difficult>
        <bndbox>
            <xmin>593.30078125</xmin>
            <ymin>174.03743489583334</ymin>
            <xmax>706.9969531250014</xmax>
            <ymax>307.5761128743482</ymax>
        </bndbox>
    </object>    <object>
        <name>body</name>
        <pose>Unspecified</pose>
        <truncated>0</truncated>
        <difficult>0</difficult>
        <bndbox>
            <xmin>679.4647241709183</xmin>
            <ymin>368.0937765731293</ymin>
            <xmax>1253.4647241709183</xmax>
            <ymax>720.0</ymax>
        </bndbox>
    </object>    <object>
        <name>body</name>
        <pose>Unspecified</pose>
        <truncated>0</truncated>
        <difficult>0</difficult>
        <bndbox>
            <xmin>19.9123046875</xmin>
            <ymin>370.04375</ymin>
            <xmax>523.6347656250015</xmax>
            <ymax>713.7600000000006</ymax>
        </bndbox>
    </object>    <object>
        <name>head</name>
        <pose>Unspecified</pose>
        <truncated>0</truncated>
        <difficult>0</difficult>
        <bndbox>
            <xmin>831.2924068921233</xmin>
            <ymin>52.83845917166096</ymin>
            <xmax>1146.183813142124</xmax>
            <ymax>353.04059540212864</ymax>
        </bndbox>
    </object>    <object>
        <name>head</name>
        <pose>Unspecified</pose>
        <truncated>0</truncated>
        <difficult>0</difficult>
        <bndbox>
            <xmin>200.19796316964286</xmin>
            <ymin>62.083286830357146</ymin>
            <xmax>462.10714285714283</xmax>
            <ymax>355.9422712053568</ymax>
        </bndbox>
    </object>    <object>
        <name>body</name>
        <pose>Unspecified</pose>
        <truncated>0</truncated>
        <difficult>0</difficult>
        <bndbox>
            <xmin>509.19017269736844</xmin>
            <ymin>309.90321751644734</ymin>
            <xmax>736.9901726973677</xmax>
            <ymax>486.6839156907516</ymax>
        </bndbox>
    </object>
</annotation>
