<annotation>
    <folder></folder>
    <filename>frame_000397</filename>
    <path></path>
    <source>
        <database>Unknown</database>
    </source>
    <size>
        <width>1280</width>
        <height>720</height>
        <depth>3</depth>
    </size>
    <segmented>0</segmented>
    <object>
        <name>head</name>
        <pose>Unspecified</pose>
        <truncated>0</truncated>
        <difficult>0</difficult>
        <bndbox>
            <xmin>571.42626953125</xmin>
            <ymin>220.1683105468751</ymin>
            <xmax>681.1819335937516</xmax>
            <ymax>335.6109859466542</ymax>
        </bndbox>
    </object>    <object>
        <name>body</name>
        <pose>Unspecified</pose>
        <truncated>0</truncated>
        <difficult>0</difficult>
        <bndbox>
            <xmin>688.244140625</xmin>
            <ymin>342.2677408854167</ymin>
            <xmax>1262.244140625</xmax>
            <ymax>715.6455078125011</ymax>
        </bndbox>
    </object>    <object>
        <name>body</name>
        <pose>Unspecified</pose>
        <truncated>0</truncated>
        <difficult>0</difficult>
        <bndbox>
            <xmin>23.50045955882353</xmin>
            <ymin>358.6411764705892</ymin>
            <xmax>521.5992442810478</xmax>
            <ymax>704.2213350183823</ymax>
        </bndbox>
    </object>    <object>
        <name>head</name>
        <pose>Unspecified</pose>
        <truncated>0</truncated>
        <difficult>0</difficult>
        <bndbox>
            <xmin>864.2121930803571</xmin>
            <ymin>52.86202566964286</ymin>
            <xmax>1179.1035993303578</xmax>
            <ymax>353.0641619001105</ymax>
        </bndbox>
    </object>    <object>
        <name>head</name>
        <pose>Unspecified</pose>
        <truncated>0</truncated>
        <difficult>0</difficult>
        <bndbox>
            <xmin>158.220458984375</xmin>
            <ymin>59.679931640625</ymin>
            <xmax>444.15807952880914</xmax>
            <ymax>369.1115234375011</ymax>
        </bndbox>
    </object>    <object>
        <name>body</name>
        <pose>Unspecified</pose>
        <truncated>0</truncated>
        <difficult>0</difficult>
        <bndbox>
            <xmin>516.205859375</xmin>
            <ymin>336.503125</ymin>
            <xmax>716.1957031250015</xmax>
            <ymax>504.5265820312481</ymax>
        </bndbox>
    </object>
</annotation>
