<annotation>
    <folder></folder>
    <filename>frame_000211</filename>
    <path></path>
    <source>
        <database>Unknown</database>
    </source>
    <size>
        <width>1280</width>
        <height>720</height>
        <depth>3</depth>
    </size>
    <segmented>0</segmented>
    <object>
        <name>head</name>
        <pose>Unspecified</pose>
        <truncated>0</truncated>
        <difficult>0</difficult>
        <bndbox>
            <xmin>560.953125</xmin>
            <ymin>181.0625</ymin>
            <xmax>688.8859374999993</xmax>
            <ymax>315.674813842772</ymax>
        </bndbox>
    </object>    <object>
        <name>body</name>
        <pose>Unspecified</pose>
        <truncated>0</truncated>
        <difficult>0</difficult>
        <bndbox>
            <xmin>686.2600661057693</xmin>
            <ymin>363.2418870192308</ymin>
            <xmax>1260.2600661057693</xmax>
            <ymax>714.6286057692307</ymax>
        </bndbox>
    </object>    <object>
        <name>body</name>
        <pose>Unspecified</pose>
        <truncated>0</truncated>
        <difficult>0</difficult>
        <bndbox>
            <xmin>4.745718149038462</xmin>
            <ymin>342.9007812500005</ymin>
            <xmax>532.3373197115392</xmax>
            <ymax>705.4238037109384</ymax>
        </bndbox>
    </object>    <object>
        <name>head</name>
        <pose>Unspecified</pose>
        <truncated>0</truncated>
        <difficult>0</difficult>
        <bndbox>
            <xmin>836.3876378676471</xmin>
            <ymin>57.673196231617645</ymin>
            <xmax>1151.2790441176478</xmax>
            <ymax>357.8753324620853</ymax>
        </bndbox>
    </object>    <object>
        <name>head</name>
        <pose>Unspecified</pose>
        <truncated>0</truncated>
        <difficult>0</difficult>
        <bndbox>
            <xmin>150.04509420955884</xmin>
            <ymin>74.4341681985294</ymin>
            <xmax>411.95427389705884</xmax>
            <ymax>368.293152573529</ymax>
        </bndbox>
    </object>    <object>
        <name>body</name>
        <pose>Unspecified</pose>
        <truncated>0</truncated>
        <difficult>0</difficult>
        <bndbox>
            <xmin>506.5593449519231</xmin>
            <ymin>308.8537409855769</ymin>
            <xmax>734.3593449519224</xmax>
            <ymax>507.32211256760525</ymax>
        </bndbox>
    </object>
</annotation>
