<annotation>
    <folder></folder>
    <filename>frame_000243</filename>
    <path></path>
    <source>
        <database>Unknown</database>
    </source>
    <size>
        <width>1280</width>
        <height>720</height>
        <depth>3</depth>
    </size>
    <segmented>0</segmented>
    <object>
        <name>head</name>
        <pose>Unspecified</pose>
        <truncated>0</truncated>
        <difficult>0</difficult>
        <bndbox>
            <xmin>560.13671875</xmin>
            <ymin>218.6376953125</ymin>
            <xmax>671.240468750002</xmax>
            <ymax>339.79008178710865</ymax>
        </bndbox>
    </object>    <object>
        <name>body</name>
        <pose>Unspecified</pose>
        <truncated>0</truncated>
        <difficult>0</difficult>
        <bndbox>
            <xmin>701.513671875</xmin>
            <ymin>355.1496263586956</ymin>
            <xmax>1275.513671875</xmax>
            <ymax>712.512282608697</ymax>
        </bndbox>
    </object>    <object>
        <name>body</name>
        <pose>Unspecified</pose>
        <truncated>0</truncated>
        <difficult>0</difficult>
        <bndbox>
            <xmin>14.455249023437773</xmin>
            <ymin>339.3750000000009</ymin>
            <xmax>529.8353958129887</xmax>
            <ymax>706.0454063415527</ymax>
        </bndbox>
    </object>    <object>
        <name>head</name>
        <pose>Unspecified</pose>
        <truncated>0</truncated>
        <difficult>0</difficult>
        <bndbox>
            <xmin>838.1609221813726</xmin>
            <ymin>55.9397403492647</ymin>
            <xmax>1153.0523284313733</xmax>
            <ymax>356.14187657973235</ymax>
        </bndbox>
    </object>    <object>
        <name>head</name>
        <pose>Unspecified</pose>
        <truncated>0</truncated>
        <difficult>0</difficult>
        <bndbox>
            <xmin>164.45084635416666</xmin>
            <ymin>92.61187065972223</ymin>
            <xmax>400.51783854166814</xmax>
            <ymax>344.9872551812055</ymax>
        </bndbox>
    </object>    <object>
        <name>body</name>
        <pose>Unspecified</pose>
        <truncated>0</truncated>
        <difficult>0</difficult>
        <bndbox>
            <xmin>503.35546875</xmin>
            <ymin>320.185546875</ymin>
            <xmax>731.1554687499993</xmax>
            <ymax>518.6539184570283</ymax>
        </bndbox>
    </object>
</annotation>
