<annotation>
    <folder></folder>
    <filename>frame_000321</filename>
    <path></path>
    <source>
        <database>Unknown</database>
    </source>
    <size>
        <width>1280</width>
        <height>720</height>
        <depth>3</depth>
    </size>
    <segmented>0</segmented>
    <object>
        <name>head</name>
        <pose>Unspecified</pose>
        <truncated>0</truncated>
        <difficult>0</difficult>
        <bndbox>
            <xmin>593.6177455357143</xmin>
            <ymin>216.71861049107142</ymin>
            <xmax>693.5021205357158</xmax>
            <ymax>328.89771205357</ymax>
        </bndbox>
    </object>    <object>
        <name>body</name>
        <pose>Unspecified</pose>
        <truncated>0</truncated>
        <difficult>0</difficult>
        <bndbox>
            <xmin>678.4119698660714</xmin>
            <ymin>346.07979910714283</ymin>
            <xmax>1252.4119698660713</xmax>
            <ymax>715.5785156250012</ymax>
        </bndbox>
    </object>    <object>
        <name>body</name>
        <pose>Unspecified</pose>
        <truncated>0</truncated>
        <difficult>0</difficult>
        <bndbox>
            <xmin>33.199544270833336</xmin>
            <ymin>337.6188802083337</ymin>
            <xmax>521.0876302083343</xmax>
            <ymax>717.6908813476572</ymax>
        </bndbox>
    </object>    <object>
        <name>head</name>
        <pose>Unspecified</pose>
        <truncated>0</truncated>
        <difficult>0</difficult>
        <bndbox>
            <xmin>870.87890625</xmin>
            <ymin>58.9888671875</ymin>
            <xmax>1185.7703125000007</xmax>
            <ymax>359.19100341796764</ymax>
        </bndbox>
    </object>    <object>
        <name>head</name>
        <pose>Unspecified</pose>
        <truncated>0</truncated>
        <difficult>0</difficult>
        <bndbox>
            <xmin>193.5861328125</xmin>
            <ymin>52.7216796875</ymin>
            <xmax>465.8690234375026</xmax>
            <ymax>351.15425781250195</ymax>
        </bndbox>
    </object>    <object>
        <name>body</name>
        <pose>Unspecified</pose>
        <truncated>0</truncated>
        <difficult>0</difficult>
        <bndbox>
            <xmin>499.52734375</xmin>
            <ymin>302.759765625</ymin>
            <xmax>647.0</xmax>
            <ymax>485.53197021484084</ymax>
        </bndbox>
    </object>
</annotation>
