<annotation>
    <folder></folder>
    <filename>frame_000435</filename>
    <path></path>
    <source>
        <database>Unknown</database>
    </source>
    <size>
        <width>1280</width>
        <height>720</height>
        <depth>3</depth>
    </size>
    <segmented>0</segmented>
    <object>
        <name>head</name>
        <pose>Unspecified</pose>
        <truncated>0</truncated>
        <difficult>0</difficult>
        <bndbox>
            <xmin>634.5078125</xmin>
            <ymin>190.751953125</ymin>
            <xmax>734.3921875000015</xmax>
            <ymax>302.93105468749854</ymax>
        </bndbox>
    </object>    <object>
        <name>body</name>
        <pose>Unspecified</pose>
        <truncated>0</truncated>
        <difficult>0</difficult>
        <bndbox>
            <xmin>688.244140625</xmin>
            <ymin>345.65087890625</ymin>
            <xmax>1262.244140625</xmax>
            <ymax>718.1912109375005</ymax>
        </bndbox>
    </object>    <object>
        <name>body</name>
        <pose>Unspecified</pose>
        <truncated>0</truncated>
        <difficult>0</difficult>
        <bndbox>
            <xmin>25.640625</xmin>
            <ymin>362.20703125</ymin>
            <xmax>517.3829861111153</xmax>
            <ymax>710.8593722025544</ymax>
        </bndbox>
    </object>    <object>
        <name>head</name>
        <pose>Unspecified</pose>
        <truncated>0</truncated>
        <difficult>0</difficult>
        <bndbox>
            <xmin>820.2715517241379</xmin>
            <ymin>57.48703529094828</ymin>
            <xmax>1135.1629579741386</xmax>
            <ymax>357.6891715214159</ymax>
        </bndbox>
    </object>    <object>
        <name>head</name>
        <pose>Unspecified</pose>
        <truncated>0</truncated>
        <difficult>0</difficult>
        <bndbox>
            <xmin>15.78515625</xmin>
            <ymin>38.6728515625</ymin>
            <xmax>382.31210937500146</xmax>
            <ymax>385.8960876464844</ymax>
        </bndbox>
    </object>    <object>
        <name>body</name>
        <pose>Unspecified</pose>
        <truncated>0</truncated>
        <difficult>0</difficult>
        <bndbox>
            <xmin>529.599609375</xmin>
            <ymin>304.4833984375</ymin>
            <xmax>729.5894531250015</xmax>
            <ymax>471.6898260819253</ymax>
        </bndbox>
    </object>
</annotation>
