<annotation>
    <folder></folder>
    <filename>frame_000232</filename>
    <path></path>
    <source>
        <database>Unknown</database>
    </source>
    <size>
        <width>1280</width>
        <height>720</height>
        <depth>3</depth>
    </size>
    <segmented>0</segmented>
    <object>
        <name>head</name>
        <pose>Unspecified</pose>
        <truncated>0</truncated>
        <difficult>0</difficult>
        <bndbox>
            <xmin>573.6640625</xmin>
            <ymin>192.61474609375</ymin>
            <xmax>701.5968749999993</xmax>
            <ymax>327.227059936522</ymax>
        </bndbox>
    </object>    <object>
        <name>body</name>
        <pose>Unspecified</pose>
        <truncated>0</truncated>
        <difficult>0</difficult>
        <bndbox>
            <xmin>701.513671875</xmin>
            <ymin>362.8643851902174</ymin>
            <xmax>1275.513671875</xmax>
            <ymax>716.1185844089678</ymax>
        </bndbox>
    </object>    <object>
        <name>body</name>
        <pose>Unspecified</pose>
        <truncated>0</truncated>
        <difficult>0</difficult>
        <bndbox>
            <xmin>5.6083984375</xmin>
            <ymin>335.5569335937507</ymin>
            <xmax>533.2000000000007</xmax>
            <ymax>708.7368988037106</ymax>
        </bndbox>
    </object>    <object>
        <name>head</name>
        <pose>Unspecified</pose>
        <truncated>0</truncated>
        <difficult>0</difficult>
        <bndbox>
            <xmin>837.5513556985294</xmin>
            <ymin>56.53561580882353</ymin>
            <xmax>1152.4427619485302</xmax>
            <ymax>356.7377520392912</ymax>
        </bndbox>
    </object>    <object>
        <name>head</name>
        <pose>Unspecified</pose>
        <truncated>0</truncated>
        <difficult>0</difficult>
        <bndbox>
            <xmin>182.19563802083334</xmin>
            <ymin>104.24555121527777</ymin>
            <xmax>439.05320841471377</xmax>
            <ymax>373.21349046495095</ymax>
        </bndbox>
    </object>    <object>
        <name>body</name>
        <pose>Unspecified</pose>
        <truncated>0</truncated>
        <difficult>0</difficult>
        <bndbox>
            <xmin>500.1025390625</xmin>
            <ymin>323.2138671875</ymin>
            <xmax>727.9025390624993</xmax>
            <ymax>521.6822387695283</ymax>
        </bndbox>
    </object>
</annotation>
