<annotation>
    <folder></folder>
    <filename>frame_000192</filename>
    <path></path>
    <source>
        <database>Unknown</database>
    </source>
    <size>
        <width>1280</width>
        <height>720</height>
        <depth>3</depth>
    </size>
    <segmented>0</segmented>
    <object>
        <name>head</name>
        <pose>Unspecified</pose>
        <truncated>0</truncated>
        <difficult>0</difficult>
        <bndbox>
            <xmin>579.037109375</xmin>
            <ymin>182.94189453125</ymin>
            <xmax>706.9699218749993</xmax>
            <ymax>317.554208374022</ymax>
        </bndbox>
    </object>    <object>
        <name>body</name>
        <pose>Unspecified</pose>
        <truncated>0</truncated>
        <difficult>0</difficult>
        <bndbox>
            <xmin>668.1471819196429</xmin>
            <ymin>365.99644252232144</ymin>
            <xmax>1242.147181919643</xmax>
            <ymax>717.3831612723214</ymax>
        </bndbox>
    </object>    <object>
        <name>body</name>
        <pose>Unspecified</pose>
        <truncated>0</truncated>
        <difficult>0</difficult>
        <bndbox>
            <xmin>0.0</xmin>
            <ymin>343.5029296875</ymin>
            <xmax>441.50609130859084</xmax>
            <ymax>663.8835304260247</ymax>
        </bndbox>
    </object>    <object>
        <name>head</name>
        <pose>Unspecified</pose>
        <truncated>0</truncated>
        <difficult>0</difficult>
        <bndbox>
            <xmin>835.3352864583334</xmin>
            <ymin>50.850802951388886</ymin>
            <xmax>1150.226692708334</xmax>
            <ymax>351.0529391818566</ymax>
        </bndbox>
    </object>    <object>
        <name>head</name>
        <pose>Unspecified</pose>
        <truncated>0</truncated>
        <difficult>0</difficult>
        <bndbox>
            <xmin>68.7509765625</xmin>
            <ymin>52.7294921875</ymin>
            <xmax>330.66015625</xmax>
            <ymax>346.58847656249964</ymax>
        </bndbox>
    </object>    <object>
        <name>body</name>
        <pose>Unspecified</pose>
        <truncated>0</truncated>
        <difficult>0</difficult>
        <bndbox>
            <xmin>508.9267578125</xmin>
            <ymin>321.00732421875</ymin>
            <xmax>735.1629557291672</xmax>
            <ymax>483.35992867606</ymax>
        </bndbox>
    </object>
</annotation>
