<annotation>
    <folder></folder>
    <filename>frame_000261</filename>
    <path></path>
    <source>
        <database>Unknown</database>
    </source>
    <size>
        <width>1280</width>
        <height>720</height>
        <depth>3</depth>
    </size>
    <segmented>0</segmented>
    <object>
        <name>head</name>
        <pose>Unspecified</pose>
        <truncated>0</truncated>
        <difficult>0</difficult>
        <bndbox>
            <xmin>581.0151742788462</xmin>
            <ymin>213.47027744391025</ymin>
            <xmax>680.8995492788476</xmax>
            <ymax>325.6493790064088</ymax>
        </bndbox>
    </object>    <object>
        <name>body</name>
        <pose>Unspecified</pose>
        <truncated>0</truncated>
        <difficult>0</difficult>
        <bndbox>
            <xmin>701.513671875</xmin>
            <ymin>356.2268229166669</ymin>
            <xmax>1275.513671875</xmax>
            <ymax>708.7854524739596</ymax>
        </bndbox>
    </object>    <object>
        <name>body</name>
        <pose>Unspecified</pose>
        <truncated>0</truncated>
        <difficult>0</difficult>
        <bndbox>
            <xmin>3.5890625</xmin>
            <ymin>336.116015625</ymin>
            <xmax>525.5732421875007</xmax>
            <ymax>707.8587854003897</ymax>
        </bndbox>
    </object>    <object>
        <name>head</name>
        <pose>Unspecified</pose>
        <truncated>0</truncated>
        <difficult>0</difficult>
        <bndbox>
            <xmin>836.3013237847222</xmin>
            <ymin>57.37060546875</ymin>
            <xmax>1151.192730034723</xmax>
            <ymax>357.57274169921766</ymax>
        </bndbox>
    </object>    <object>
        <name>head</name>
        <pose>Unspecified</pose>
        <truncated>0</truncated>
        <difficult>0</difficult>
        <bndbox>
            <xmin>166.21623883928572</xmin>
            <ymin>72.41294642857143</ymin>
            <xmax>474.5381696428563</xmax>
            <ymax>366.77817382812435</ymax>
        </bndbox>
    </object>    <object>
        <name>body</name>
        <pose>Unspecified</pose>
        <truncated>0</truncated>
        <difficult>0</difficult>
        <bndbox>
            <xmin>516.7033253205128</xmin>
            <ymin>322.7044270833333</ymin>
            <xmax>722.6931089743586</xmax>
            <ymax>510.4459901467329</ymax>
        </bndbox>
    </object>
</annotation>
