<annotation>
    <folder></folder>
    <filename>frame_000114</filename>
    <path></path>
    <source>
        <database>Unknown</database>
    </source>
    <size>
        <width>1280</width>
        <height>720</height>
        <depth>3</depth>
    </size>
    <segmented>0</segmented>
    <object>
        <name>head</name>
        <pose>Unspecified</pose>
        <truncated>0</truncated>
        <difficult>0</difficult>
        <bndbox>
            <xmin>610.3359375</xmin>
            <ymin>194.8349609375</ymin>
            <xmax>722.1588671874997</xmax>
            <ymax>328.3736389160149</ymax>
        </bndbox>
    </object>    <object>
        <name>body</name>
        <pose>Unspecified</pose>
        <truncated>0</truncated>
        <difficult>0</difficult>
        <bndbox>
            <xmin>680.6473612882653</xmin>
            <ymin>368.05557769982994</ymin>
            <xmax>1254.6473612882653</xmax>
            <ymax>720.0</ymax>
        </bndbox>
    </object>    <object>
        <name>body</name>
        <pose>Unspecified</pose>
        <truncated>0</truncated>
        <difficult>0</difficult>
        <bndbox>
            <xmin>16.823974609375</xmin>
            <ymin>373.41357421875</ymin>
            <xmax>516.0250000000005</xmax>
            <ymax>712.1864730834959</ymax>
        </bndbox>
    </object>    <object>
        <name>head</name>
        <pose>Unspecified</pose>
        <truncated>0</truncated>
        <difficult>0</difficult>
        <bndbox>
            <xmin>831.015491224315</xmin>
            <ymin>53.12878585188356</ymin>
            <xmax>1145.9068974743159</xmax>
            <ymax>353.3309220823512</ymax>
        </bndbox>
    </object>    <object>
        <name>head</name>
        <pose>Unspecified</pose>
        <truncated>0</truncated>
        <difficult>0</difficult>
        <bndbox>
            <xmin>133.82470703125</xmin>
            <ymin>83.52685546875</ymin>
            <xmax>395.73388671875</xmax>
            <ymax>377.38583984374964</ymax>
        </bndbox>
    </object>    <object>
        <name>body</name>
        <pose>Unspecified</pose>
        <truncated>0</truncated>
        <difficult>0</difficult>
        <bndbox>
            <xmin>509.10086495535717</xmin>
            <ymin>310.550537109375</ymin>
            <xmax>736.9008649553564</xmax>
            <ymax>487.60286922814834</ymax>
        </bndbox>
    </object>
</annotation>
