<annotation>
    <folder></folder>
    <filename>frame_000253</filename>
    <path></path>
    <source>
        <database>Unknown</database>
    </source>
    <size>
        <width>1280</width>
        <height>720</height>
        <depth>3</depth>
    </size>
    <segmented>0</segmented>
    <object>
        <name>head</name>
        <pose>Unspecified</pose>
        <truncated>0</truncated>
        <difficult>0</difficult>
        <bndbox>
            <xmin>596.4765625</xmin>
            <ymin>231.9697265625</ymin>
            <xmax>718.0165625000009</xmax>
            <ymax>344.14882812499854</ymax>
        </bndbox>
    </object>    <object>
        <name>body</name>
        <pose>Unspecified</pose>
        <truncated>0</truncated>
        <difficult>0</difficult>
        <bndbox>
            <xmin>701.513671875</xmin>
            <ymin>351.87294034090917</ymin>
            <xmax>1275.513671875</xmax>
            <ymax>709.8268421519904</ymax>
        </bndbox>
    </object>    <object>
        <name>body</name>
        <pose>Unspecified</pose>
        <truncated>0</truncated>
        <difficult>0</difficult>
        <bndbox>
            <xmin>29.200000000000728</xmin>
            <ymin>363.5</ymin>
            <xmax>524.2277221679688</xmax>
            <ymax>701.5595703125</ymax>
        </bndbox>
    </object>    <object>
        <name>head</name>
        <pose>Unspecified</pose>
        <truncated>0</truncated>
        <difficult>0</difficult>
        <bndbox>
            <xmin>837.9358723958334</xmin>
            <ymin>56.05419921875</ymin>
            <xmax>1152.827278645834</xmax>
            <ymax>356.25633544921766</ymax>
        </bndbox>
    </object>    <object>
        <name>head</name>
        <pose>Unspecified</pose>
        <truncated>0</truncated>
        <difficult>0</difficult>
        <bndbox>
            <xmin>238.1865234375</xmin>
            <ymin>93.5576171875</ymin>
            <xmax>492.3119140625022</xmax>
            <ymax>366.2302612304684</ymax>
        </bndbox>
    </object>    <object>
        <name>body</name>
        <pose>Unspecified</pose>
        <truncated>0</truncated>
        <difficult>0</difficult>
        <bndbox>
            <xmin>512.6652644230769</xmin>
            <ymin>324.59765625</ymin>
            <xmax>731.1180288461533</xmax>
            <ymax>518.4688241811874</ymax>
        </bndbox>
    </object>
</annotation>
