<annotation>
    <folder></folder>
    <filename>frame_000513</filename>
    <path></path>
    <source>
        <database>Unknown</database>
    </source>
    <size>
        <width>1280</width>
        <height>720</height>
        <depth>3</depth>
    </size>
    <segmented>0</segmented>
    <object>
        <name>head</name>
        <pose>Unspecified</pose>
        <truncated>0</truncated>
        <difficult>0</difficult>
        <bndbox>
            <xmin>568.1510416666666</xmin>
            <ymin>200.8779296875</ymin>
            <xmax>677.3412760416674</xmax>
            <ymax>313.05703124999854</ymax>
        </bndbox>
    </object>    <object>
        <name>body</name>
        <pose>Unspecified</pose>
        <truncated>0</truncated>
        <difficult>0</difficult>
        <bndbox>
            <xmin>705.7515625000009</xmin>
            <ymin>349.52544642857174</ymin>
            <xmax>1279.06640625</xmax>
            <ymax>691.0767551967084</ymax>
        </bndbox>
    </object>    <object>
        <name>body</name>
        <pose>Unspecified</pose>
        <truncated>0</truncated>
        <difficult>0</difficult>
        <bndbox>
            <xmin>22.699832589285766</xmin>
            <ymin>320.52315848214283</ymin>
            <xmax>508.3369995117194</xmax>
            <ymax>706.3402901785677</ymax>
        </bndbox>
    </object>    <object>
        <name>head</name>
        <pose>Unspecified</pose>
        <truncated>0</truncated>
        <difficult>0</difficult>
        <bndbox>
            <xmin>840.2260044642857</xmin>
            <ymin>52.093470982142854</ymin>
            <xmax>1155.1174107142865</xmax>
            <ymax>352.2956072126105</ymax>
        </bndbox>
    </object>    <object>
        <name>head</name>
        <pose>Unspecified</pose>
        <truncated>0</truncated>
        <difficult>0</difficult>
        <bndbox>
            <xmin>69.5</xmin>
            <ymin>21.900000000001455</ymin>
            <xmax>399.43634033203125</xmax>
            <ymax>327.92047119140625</ymax>
        </bndbox>
    </object>    <object>
        <name>body</name>
        <pose>Unspecified</pose>
        <truncated>0</truncated>
        <difficult>0</difficult>
        <bndbox>
            <xmin>519.4921875</xmin>
            <ymin>314.736328125</ymin>
            <xmax>739.195893064687</xmax>
            <ymax>491.0694948008386</ymax>
        </bndbox>
    </object>
</annotation>
