<annotation>
    <folder></folder>
    <filename>frame_000163</filename>
    <path></path>
    <source>
        <database>Unknown</database>
    </source>
    <size>
        <width>1280</width>
        <height>720</height>
        <depth>3</depth>
    </size>
    <segmented>0</segmented>
    <object>
        <name>head</name>
        <pose>Unspecified</pose>
        <truncated>0</truncated>
        <difficult>0</difficult>
        <bndbox>
            <xmin>584.1573350694445</xmin>
            <ymin>187.94357638888889</ymin>
            <xmax>712.0901475694437</xmax>
            <ymax>322.12643588595853</ymax>
        </bndbox>
    </object>    <object>
        <name>body</name>
        <pose>Unspecified</pose>
        <truncated>0</truncated>
        <difficult>0</difficult>
        <bndbox>
            <xmin>669.0575175382653</xmin>
            <ymin>368.42992665816325</ymin>
            <xmax>1243.0575175382653</xmax>
            <ymax>720.0</ymax>
        </bndbox>
    </object>    <object>
        <name>body</name>
        <pose>Unspecified</pose>
        <truncated>0</truncated>
        <difficult>0</difficult>
        <bndbox>
            <xmin>12.760308159722221</xmin>
            <ymin>353.4064670138889</ymin>
            <xmax>501.2762876157436</xmax>
            <ymax>717.3639042607052</ymax>
        </bndbox>
    </object>    <object>
        <name>head</name>
        <pose>Unspecified</pose>
        <truncated>0</truncated>
        <difficult>0</difficult>
        <bndbox>
            <xmin>833.7292647688356</xmin>
            <ymin>50.283584385702056</ymin>
            <xmax>1148.6206710188364</xmax>
            <ymax>350.4857206161697</ymax>
        </bndbox>
    </object>    <object>
        <name>head</name>
        <pose>Unspecified</pose>
        <truncated>0</truncated>
        <difficult>0</difficult>
        <bndbox>
            <xmin>153.6583984375</xmin>
            <ymin>71.5814453125</ymin>
            <xmax>415.567578125</xmax>
            <ymax>365.44042968749966</ymax>
        </bndbox>
    </object>    <object>
        <name>body</name>
        <pose>Unspecified</pose>
        <truncated>0</truncated>
        <difficult>0</difficult>
        <bndbox>
            <xmin>511.1019176136364</xmin>
            <ymin>332.85768821022725</ymin>
            <xmax>738.9019176136356</xmax>
            <ymax>509.0534135298291</ymax>
        </bndbox>
    </object>
</annotation>
