<annotation>
    <folder></folder>
    <filename>frame_000248</filename>
    <path></path>
    <source>
        <database>Unknown</database>
    </source>
    <size>
        <width>1280</width>
        <height>720</height>
        <depth>3</depth>
    </size>
    <segmented>0</segmented>
    <object>
        <name>head</name>
        <pose>Unspecified</pose>
        <truncated>0</truncated>
        <difficult>0</difficult>
        <bndbox>
            <xmin>565.5703125</xmin>
            <ymin>208.9931640625</ymin>
            <xmax>665.4546875000015</xmax>
            <ymax>321.17226562499854</ymax>
        </bndbox>
    </object>    <object>
        <name>body</name>
        <pose>Unspecified</pose>
        <truncated>0</truncated>
        <difficult>0</difficult>
        <bndbox>
            <xmin>701.513671875</xmin>
            <ymin>351.64291779891306</ymin>
            <xmax>1275.513671875</xmax>
            <ymax>710.8730545176647</ymax>
        </bndbox>
    </object>    <object>
        <name>body</name>
        <pose>Unspecified</pose>
        <truncated>0</truncated>
        <difficult>0</difficult>
        <bndbox>
            <xmin>21.82762451171925</xmin>
            <ymin>351.43750000000045</ymin>
            <xmax>527.0315589904787</xmax>
            <ymax>703.8024883270264</ymax>
        </bndbox>
    </object>    <object>
        <name>head</name>
        <pose>Unspecified</pose>
        <truncated>0</truncated>
        <difficult>0</difficult>
        <bndbox>
            <xmin>838.4379978553922</xmin>
            <ymin>55.66888786764706</ymin>
            <xmax>1153.329404105393</xmax>
            <ymax>355.87102409811473</ymax>
        </bndbox>
    </object>    <object>
        <name>head</name>
        <pose>Unspecified</pose>
        <truncated>0</truncated>
        <difficult>0</difficult>
        <bndbox>
            <xmin>134.25634765625</xmin>
            <ymin>93.97998046875</ymin>
            <xmax>376.6082226562512</xmax>
            <ymax>353.31284606933514</ymax>
        </bndbox>
    </object>    <object>
        <name>body</name>
        <pose>Unspecified</pose>
        <truncated>0</truncated>
        <difficult>0</difficult>
        <bndbox>
            <xmin>510.1414763621795</xmin>
            <ymin>325.7809244791667</ymin>
            <xmax>736.383603766025</xmax>
            <ymax>523.4830954527215</ymax>
        </bndbox>
    </object>
</annotation>
