<annotation>
    <folder></folder>
    <filename>frame_000112</filename>
    <path></path>
    <source>
        <database>Unknown</database>
    </source>
    <size>
        <width>1280</width>
        <height>720</height>
        <depth>3</depth>
    </size>
    <segmented>0</segmented>
    <object>
        <name>head</name>
        <pose>Unspecified</pose>
        <truncated>0</truncated>
        <difficult>0</difficult>
        <bndbox>
            <xmin>604.2183159722222</xmin>
            <ymin>194.4052734375</ymin>
            <xmax>715.2919487847224</xmax>
            <ymax>327.9439514160149</ymax>
        </bndbox>
    </object>    <object>
        <name>body</name>
        <pose>Unspecified</pose>
        <truncated>0</truncated>
        <difficult>0</difficult>
        <bndbox>
            <xmin>681.1204161352041</xmin>
            <ymin>368.0402981505102</ymin>
            <xmax>1255.120416135204</xmax>
            <ymax>720.0</ymax>
        </bndbox>
    </object>    <object>
        <name>body</name>
        <pose>Unspecified</pose>
        <truncated>0</truncated>
        <difficult>0</difficult>
        <bndbox>
            <xmin>9.346923828125</xmin>
            <ymin>389.33837890625</ymin>
            <xmax>501.6750000000002</xmax>
            <ymax>712.1594192504863</ymax>
        </bndbox>
    </object>    <object>
        <name>head</name>
        <pose>Unspecified</pose>
        <truncated>0</truncated>
        <difficult>0</difficult>
        <bndbox>
            <xmin>830.9047249571918</xmin>
            <ymin>53.244916523972606</ymin>
            <xmax>1145.7961312071925</xmax>
            <ymax>353.4470527544403</ymax>
        </bndbox>
    </object>    <object>
        <name>head</name>
        <pose>Unspecified</pose>
        <truncated>0</truncated>
        <difficult>0</difficult>
        <bndbox>
            <xmin>97.42333984375</xmin>
            <ymin>99.86442057291667</ymin>
            <xmax>359.33251953125</xmax>
            <ymax>393.7234049479163</ymax>
        </bndbox>
    </object>    <object>
        <name>body</name>
        <pose>Unspecified</pose>
        <truncated>0</truncated>
        <difficult>0</difficult>
        <bndbox>
            <xmin>509.26185825892856</xmin>
            <ymin>311.336181640625</ymin>
            <xmax>737.0618582589278</xmax>
            <ymax>488.81239693119977</ymax>
        </bndbox>
    </object>
</annotation>
