<annotation>
    <folder></folder>
    <filename>frame_000517</filename>
    <path></path>
    <source>
        <database>Unknown</database>
    </source>
    <size>
        <width>1280</width>
        <height>720</height>
        <depth>3</depth>
    </size>
    <segmented>0</segmented>
    <object>
        <name>head</name>
        <pose>Unspecified</pose>
        <truncated>0</truncated>
        <difficult>0</difficult>
        <bndbox>
            <xmin>554.1328125</xmin>
            <ymin>204.6787109375</ymin>
            <xmax>663.3230468750007</xmax>
            <ymax>316.85781249999854</ymax>
        </bndbox>
    </object>    <object>
        <name>body</name>
        <pose>Unspecified</pose>
        <truncated>0</truncated>
        <difficult>0</difficult>
        <bndbox>
            <xmin>708.6757812500016</xmin>
            <ymin>354.86272321428623</ymin>
            <xmax>1279.06640625</xmax>
            <ymax>691.0767534528464</ymax>
        </bndbox>
    </object>    <object>
        <name>body</name>
        <pose>Unspecified</pose>
        <truncated>0</truncated>
        <difficult>0</difficult>
        <bndbox>
            <xmin>16.299944196428832</xmin>
            <ymin>330.6704799107143</ymin>
            <xmax>527.0295288085939</xmax>
            <ymax>715.4467633928559</ymax>
        </bndbox>
    </object>    <object>
        <name>head</name>
        <pose>Unspecified</pose>
        <truncated>0</truncated>
        <difficult>0</difficult>
        <bndbox>
            <xmin>820.7862723214286</xmin>
            <ymin>58.982979910714285</ymin>
            <xmax>1135.6776785714294</xmax>
            <ymax>359.18511614118194</ymax>
        </bndbox>
    </object>    <object>
        <name>head</name>
        <pose>Unspecified</pose>
        <truncated>0</truncated>
        <difficult>0</difficult>
        <bndbox>
            <xmin>162.74088541666666</xmin>
            <ymin>54.7158203125</ymin>
            <xmax>435.45156656901173</xmax>
            <ymax>334.02732747395686</ymax>
        </bndbox>
    </object>    <object>
        <name>body</name>
        <pose>Unspecified</pose>
        <truncated>0</truncated>
        <difficult>0</difficult>
        <bndbox>
            <xmin>515.2421875</xmin>
            <ymin>318.2607421875</ymin>
            <xmax>736.1590537917436</xmax>
            <ymax>495.6465373294486</ymax>
        </bndbox>
    </object>
</annotation>
