<annotation>
    <folder></folder>
    <filename>frame_000126</filename>
    <path></path>
    <source>
        <database>Unknown</database>
    </source>
    <size>
        <width>1280</width>
        <height>720</height>
        <depth>3</depth>
    </size>
    <segmented>0</segmented>
    <object>
        <name>head</name>
        <pose>Unspecified</pose>
        <truncated>0</truncated>
        <difficult>0</difficult>
        <bndbox>
            <xmin>603.6328125</xmin>
            <ymin>183.7548828125</ymin>
            <xmax>719.951523437503</xmax>
            <ymax>317.2935607910149</ymax>
        </bndbox>
    </object>    <object>
        <name>body</name>
        <pose>Unspecified</pose>
        <truncated>0</truncated>
        <difficult>0</difficult>
        <bndbox>
            <xmin>677.8090322066327</xmin>
            <ymin>368.1472549957483</ymin>
            <xmax>1251.8090322066328</xmax>
            <ymax>720.0</ymax>
        </bndbox>
    </object>    <object>
        <name>body</name>
        <pose>Unspecified</pose>
        <truncated>0</truncated>
        <difficult>0</difficult>
        <bndbox>
            <xmin>18.774462890625</xmin>
            <ymin>378.08076171875</ymin>
            <xmax>524.3956054687527</xmax>
            <ymax>716.4900000000004</ymax>
        </bndbox>
    </object>    <object>
        <name>head</name>
        <pose>Unspecified</pose>
        <truncated>0</truncated>
        <difficult>0</difficult>
        <bndbox>
            <xmin>831.6800888270548</xmin>
            <ymin>52.43200181934932</ymin>
            <xmax>1146.5714950770555</xmax>
            <ymax>352.63413804981695</ymax>
        </bndbox>
    </object>    <object>
        <name>head</name>
        <pose>Unspecified</pose>
        <truncated>0</truncated>
        <difficult>0</difficult>
        <bndbox>
            <xmin>201.5712890625</xmin>
            <ymin>62.0009765625</ymin>
            <xmax>463.48046875</xmax>
            <ymax>355.85996093750146</ymax>
        </bndbox>
    </object>    <object>
        <name>body</name>
        <pose>Unspecified</pose>
        <truncated>0</truncated>
        <difficult>0</difficult>
        <bndbox>
            <xmin>510.3479646381579</xmin>
            <ymin>311.7622327302632</ymin>
            <xmax>738.1479646381572</xmax>
            <ymax>489.81759875088306</ymax>
        </bndbox>
    </object>
</annotation>
