<annotation>
    <folder></folder>
    <filename>frame_000390</filename>
    <path></path>
    <source>
        <database>Unknown</database>
    </source>
    <size>
        <width>1280</width>
        <height>720</height>
        <depth>3</depth>
    </size>
    <segmented>0</segmented>
    <object>
        <name>head</name>
        <pose>Unspecified</pose>
        <truncated>0</truncated>
        <difficult>0</difficult>
        <bndbox>
            <xmin>607.125</xmin>
            <ymin>246.455078125</ymin>
            <xmax>707.0093750000015</xmax>
            <ymax>358.63417968749854</ymax>
        </bndbox>
    </object>    <object>
        <name>body</name>
        <pose>Unspecified</pose>
        <truncated>0</truncated>
        <difficult>0</difficult>
        <bndbox>
            <xmin>688.244140625</xmin>
            <ymin>341.64453125</ymin>
            <xmax>1262.244140625</xmax>
            <ymax>715.1765625000013</ymax>
        </bndbox>
    </object>    <object>
        <name>body</name>
        <pose>Unspecified</pose>
        <truncated>0</truncated>
        <difficult>0</difficult>
        <bndbox>
            <xmin>23.45057091346154</xmin>
            <ymin>339.43650841346215</ymin>
            <xmax>522.4000000000015</xmax>
            <ymax>705.7657606858472</ymax>
        </bndbox>
    </object>    <object>
        <name>head</name>
        <pose>Unspecified</pose>
        <truncated>0</truncated>
        <difficult>0</difficult>
        <bndbox>
            <xmin>889.7073102678571</xmin>
            <ymin>46.17940848214286</ymin>
            <xmax>1204.5987165178578</xmax>
            <ymax>346.3815447126105</ymax>
        </bndbox>
    </object>    <object>
        <name>head</name>
        <pose>Unspecified</pose>
        <truncated>0</truncated>
        <difficult>0</difficult>
        <bndbox>
            <xmin>139.73969184027777</xmin>
            <ymin>53.716145833333336</ymin>
            <xmax>404.81330295139173</xmax>
            <ymax>340.56322970920155</ymax>
        </bndbox>
    </object>    <object>
        <name>body</name>
        <pose>Unspecified</pose>
        <truncated>0</truncated>
        <difficult>0</difficult>
        <bndbox>
            <xmin>509.6943359375</xmin>
            <ymin>353.29638671875</ymin>
            <xmax>709.6841796875015</xmax>
            <ymax>512.5243408203096</ymax>
        </bndbox>
    </object>
</annotation>
