<annotation>
    <folder></folder>
    <filename>frame_000498</filename>
    <path></path>
    <source>
        <database>Unknown</database>
    </source>
    <size>
        <width>1280</width>
        <height>720</height>
        <depth>3</depth>
    </size>
    <segmented>0</segmented>
    <object>
        <name>head</name>
        <pose>Unspecified</pose>
        <truncated>0</truncated>
        <difficult>0</difficult>
        <bndbox>
            <xmin>557.1998697916666</xmin>
            <ymin>214.734375</ymin>
            <xmax>672.1498697916674</xmax>
            <ymax>325.34667917887236</ymax>
        </bndbox>
    </object>    <object>
        <name>body</name>
        <pose>Unspecified</pose>
        <truncated>0</truncated>
        <difficult>0</difficult>
        <bndbox>
            <xmin>683.84130859375</xmin>
            <ymin>354.136962890625</ymin>
            <xmax>1261.54248046875</xmax>
            <ymax>703.6941894531265</ymax>
        </bndbox>
    </object>    <object>
        <name>body</name>
        <pose>Unspecified</pose>
        <truncated>0</truncated>
        <difficult>0</difficult>
        <bndbox>
            <xmin>20.13525390625</xmin>
            <ymin>343.0751953125</ymin>
            <xmax>509.64266276041417</xmax>
            <ymax>716.1512695312495</ymax>
        </bndbox>
    </object>    <object>
        <name>head</name>
        <pose>Unspecified</pose>
        <truncated>0</truncated>
        <difficult>0</difficult>
        <bndbox>
            <xmin>820.7781808035714</xmin>
            <ymin>55.93233816964286</ymin>
            <xmax>1130.4298454670331</xmax>
            <ymax>353.92218079283845</ymax>
        </bndbox>
    </object>    <object>
        <name>head</name>
        <pose>Unspecified</pose>
        <truncated>0</truncated>
        <difficult>0</difficult>
        <bndbox>
            <xmin>119.31246744791689</xmin>
            <ymin>60.896321614583336</ymin>
            <xmax>419.601383294</xmax>
            <ymax>353.60481024848036</ymax>
        </bndbox>
    </object>    <object>
        <name>body</name>
        <pose>Unspecified</pose>
        <truncated>0</truncated>
        <difficult>0</difficult>
        <bndbox>
            <xmin>517.4248046875</xmin>
            <ymin>315.361572265625</ymin>
            <xmax>732.5791575257199</xmax>
            <ymax>487.74738219355095</ymax>
        </bndbox>
    </object>
</annotation>
