<annotation>
    <folder></folder>
    <filename>frame_000009</filename>
    <path></path>
    <source>
        <database>Unknown</database>
    </source>
    <size>
        <width>1280</width>
        <height>720</height>
        <depth>3</depth>
    </size>
    <segmented>0</segmented>
    <object>
        <name>head</name>
        <pose>Unspecified</pose>
        <truncated>0</truncated>
        <difficult>0</difficult>
        <bndbox>
            <xmin>445.806640625</xmin>
            <ymin>180.21875</ymin>
            <xmax>565.8142623901367</xmax>
            <ymax>355.1831359863281</ymax>
        </bndbox>
    </object>
</annotation>
