<annotation>
    <folder></folder>
    <filename>frame_000185</filename>
    <path></path>
    <source>
        <database>Unknown</database>
    </source>
    <size>
        <width>1280</width>
        <height>720</height>
        <depth>3</depth>
    </size>
    <segmented>0</segmented>
    <object>
        <name>head</name>
        <pose>Unspecified</pose>
        <truncated>0</truncated>
        <difficult>0</difficult>
        <bndbox>
            <xmin>580.841796875</xmin>
            <ymin>195.9794921875</ymin>
            <xmax>708.7746093749993</xmax>
            <ymax>330.591806030272</ymax>
        </bndbox>
    </object>    <object>
        <name>body</name>
        <pose>Unspecified</pose>
        <truncated>0</truncated>
        <difficult>0</difficult>
        <bndbox>
            <xmin>663.8539142219388</xmin>
            <ymin>368.5980017006803</ymin>
            <xmax>1237.8539142219388</xmax>
            <ymax>720.0</ymax>
        </bndbox>
    </object>    <object>
        <name>body</name>
        <pose>Unspecified</pose>
        <truncated>0</truncated>
        <difficult>0</difficult>
        <bndbox>
            <xmin>9.18435329861111</xmin>
            <ymin>325.90049913194446</ymin>
            <xmax>482.3425057870387</xmax>
            <ymax>715.2926861798309</ymax>
        </bndbox>
    </object>    <object>
        <name>head</name>
        <pose>Unspecified</pose>
        <truncated>0</truncated>
        <difficult>0</difficult>
        <bndbox>
            <xmin>834.9476937071918</xmin>
            <ymin>49.006146992722606</ymin>
            <xmax>1149.8390999571925</xmax>
            <ymax>349.2082832231903</ymax>
        </bndbox>
    </object>    <object>
        <name>head</name>
        <pose>Unspecified</pose>
        <truncated>0</truncated>
        <difficult>0</difficult>
        <bndbox>
            <xmin>190.04421164772728</xmin>
            <ymin>42.32839133522727</ymin>
            <xmax>451.95339133522725</xmax>
            <ymax>336.1873757102269</ymax>
        </bndbox>
    </object>    <object>
        <name>body</name>
        <pose>Unspecified</pose>
        <truncated>0</truncated>
        <difficult>0</difficult>
        <bndbox>
            <xmin>493.26015625</xmin>
            <ymin>306.05078125</ymin>
            <xmax>721.0601562499993</xmax>
            <ymax>469.75079345703125</ymax>
        </bndbox>
    </object>
</annotation>
