<annotation>
    <folder></folder>
    <filename>frame_000214</filename>
    <path></path>
    <source>
        <database>Unknown</database>
    </source>
    <size>
        <width>1280</width>
        <height>720</height>
        <depth>3</depth>
    </size>
    <segmented>0</segmented>
    <object>
        <name>head</name>
        <pose>Unspecified</pose>
        <truncated>0</truncated>
        <difficult>0</difficult>
        <bndbox>
            <xmin>561.1868489583334</xmin>
            <ymin>185.837890625</ymin>
            <xmax>689.1196614583326</xmax>
            <ymax>320.450204467772</ymax>
        </bndbox>
    </object>    <object>
        <name>body</name>
        <pose>Unspecified</pose>
        <truncated>0</truncated>
        <difficult>0</difficult>
        <bndbox>
            <xmin>689.1201171875</xmin>
            <ymin>363.82861328125</ymin>
            <xmax>1263.1201171875</xmax>
            <ymax>715.21533203125</ymax>
        </bndbox>
    </object>    <object>
        <name>body</name>
        <pose>Unspecified</pose>
        <truncated>0</truncated>
        <difficult>0</difficult>
        <bndbox>
            <xmin>4.0987079326923075</xmin>
            <ymin>337.0513671875003</ymin>
            <xmax>531.690309495193</xmax>
            <ymax>699.574389648439</ymax>
        </bndbox>
    </object>    <object>
        <name>head</name>
        <pose>Unspecified</pose>
        <truncated>0</truncated>
        <difficult>0</difficult>
        <bndbox>
            <xmin>836.5538832720588</xmin>
            <ymin>57.51068474264706</ymin>
            <xmax>1151.4452895220595</xmax>
            <ymax>357.71282097311473</ymax>
        </bndbox>
    </object>    <object>
        <name>head</name>
        <pose>Unspecified</pose>
        <truncated>0</truncated>
        <difficult>0</difficult>
        <bndbox>
            <xmin>140.63631663602942</xmin>
            <ymin>77.38212316176471</ymin>
            <xmax>402.5454963235294</xmax>
            <ymax>371.24110753676433</ymax>
        </bndbox>
    </object>    <object>
        <name>body</name>
        <pose>Unspecified</pose>
        <truncated>0</truncated>
        <difficult>0</difficult>
        <bndbox>
            <xmin>506.77524038461536</xmin>
            <ymin>309.44057992788464</ymin>
            <xmax>734.5752403846146</xmax>
            <ymax>507.908951509913</ymax>
        </bndbox>
    </object>
</annotation>
