<annotation>
    <folder></folder>
    <filename>frame_000223</filename>
    <path></path>
    <source>
        <database>Unknown</database>
    </source>
    <size>
        <width>1280</width>
        <height>720</height>
        <depth>3</depth>
    </size>
    <segmented>0</segmented>
    <object>
        <name>head</name>
        <pose>Unspecified</pose>
        <truncated>0</truncated>
        <difficult>0</difficult>
        <bndbox>
            <xmin>571.9459635416666</xmin>
            <ymin>186.63346354166666</ymin>
            <xmax>699.8787760416659</xmax>
            <ymax>321.24577738443867</ymax>
        </bndbox>
    </object>    <object>
        <name>body</name>
        <pose>Unspecified</pose>
        <truncated>0</truncated>
        <difficult>0</difficult>
        <bndbox>
            <xmin>697.7002704326923</xmin>
            <ymin>365.5887920673077</ymin>
            <xmax>1271.7002704326924</xmax>
            <ymax>716.9755108173077</ymax>
        </bndbox>
    </object>    <object>
        <name>body</name>
        <pose>Unspecified</pose>
        <truncated>0</truncated>
        <difficult>0</difficult>
        <bndbox>
            <xmin>4.005859375</xmin>
            <ymin>320.2881347656253</ymin>
            <xmax>531.5974609375007</xmax>
            <ymax>696.8162490844734</ymax>
        </bndbox>
    </object>    <object>
        <name>head</name>
        <pose>Unspecified</pose>
        <truncated>0</truncated>
        <difficult>0</difficult>
        <bndbox>
            <xmin>837.0526194852941</xmin>
            <ymin>57.0231502757353</ymin>
            <xmax>1151.9440257352949</xmax>
            <ymax>357.22528650620296</ymax>
        </bndbox>
    </object>    <object>
        <name>head</name>
        <pose>Unspecified</pose>
        <truncated>0</truncated>
        <difficult>0</difficult>
        <bndbox>
            <xmin>142.7451171875</xmin>
            <ymin>59.795800781250364</ymin>
            <xmax>389.1489843749996</xmax>
            <ymax>345.9600964355468</ymax>
        </bndbox>
    </object>    <object>
        <name>body</name>
        <pose>Unspecified</pose>
        <truncated>0</truncated>
        <difficult>0</difficult>
        <bndbox>
            <xmin>497.69140625</xmin>
            <ymin>318.257080078125</ymin>
            <xmax>725.4914062499993</xmax>
            <ymax>516.7254516601533</ymax>
        </bndbox>
    </object>
</annotation>
