<annotation>
    <folder></folder>
    <filename>frame_000259</filename>
    <path></path>
    <source>
        <database>Unknown</database>
    </source>
    <size>
        <width>1280</width>
        <height>720</height>
        <depth>3</depth>
    </size>
    <segmented>0</segmented>
    <object>
        <name>head</name>
        <pose>Unspecified</pose>
        <truncated>0</truncated>
        <difficult>0</difficult>
        <bndbox>
            <xmin>579.5827824519231</xmin>
            <ymin>213.13894731570514</ymin>
            <xmax>679.4671574519245</xmax>
            <ymax>325.3180488782037</ymax>
        </bndbox>
    </object>    <object>
        <name>body</name>
        <pose>Unspecified</pose>
        <truncated>0</truncated>
        <difficult>0</difficult>
        <bndbox>
            <xmin>701.513671875</xmin>
            <ymin>355.13835227272745</ymin>
            <xmax>1275.513671875</xmax>
            <ymax>709.0457998934672</ymax>
        </bndbox>
    </object>    <object>
        <name>body</name>
        <pose>Unspecified</pose>
        <truncated>0</truncated>
        <difficult>0</difficult>
        <bndbox>
            <xmin>1.79453125</xmin>
            <ymin>326.021875</ymin>
            <xmax>523.7787109375007</xmax>
            <ymax>703.8117138671863</ymax>
        </bndbox>
    </object>    <object>
        <name>head</name>
        <pose>Unspecified</pose>
        <truncated>0</truncated>
        <difficult>0</difficult>
        <bndbox>
            <xmin>836.7099609375</xmin>
            <ymin>57.04150390625</ymin>
            <xmax>1151.6013671875007</xmax>
            <ymax>357.24364013671766</ymax>
        </bndbox>
    </object>    <object>
        <name>head</name>
        <pose>Unspecified</pose>
        <truncated>0</truncated>
        <difficult>0</difficult>
        <bndbox>
            <xmin>78.2724609375</xmin>
            <ymin>19.142578125</ymin>
            <xmax>430.10000000000036</xmax>
            <ymax>331.3421875000022</ymax>
        </bndbox>
    </object>    <object>
        <name>body</name>
        <pose>Unspecified</pose>
        <truncated>0</truncated>
        <difficult>0</difficult>
        <bndbox>
            <xmin>515.6938100961538</xmin>
            <ymin>323.177734375</ymin>
            <xmax>724.7993389423071</xmax>
            <ymax>512.4516986553465</ymax>
        </bndbox>
    </object>
</annotation>
