<annotation>
    <folder></folder>
    <filename>frame_000084</filename>
    <path></path>
    <source>
        <database>Unknown</database>
    </source>
    <size>
        <width>1280</width>
        <height>720</height>
        <depth>3</depth>
    </size>
    <segmented>0</segmented>
    <object>
        <name>head</name>
        <pose>Unspecified</pose>
        <truncated>0</truncated>
        <difficult>0</difficult>
        <bndbox>
            <xmin>605.0794270833334</xmin>
            <ymin>197.38216145833334</ymin>
            <xmax>710.5333333333341</xmax>
            <ymax>330.9208394368482</ymax>
        </bndbox>
    </object>    <object>
        <name>body</name>
        <pose>Unspecified</pose>
        <truncated>0</truncated>
        <difficult>0</difficult>
        <bndbox>
            <xmin>687.743183992347</xmin>
            <ymin>367.82638446003403</ymin>
            <xmax>1261.743183992347</xmax>
            <ymax>720.0</ymax>
        </bndbox>
    </object>    <object>
        <name>body</name>
        <pose>Unspecified</pose>
        <truncated>0</truncated>
        <difficult>0</difficult>
        <bndbox>
            <xmin>1.699514678030303</xmin>
            <ymin>342.97404711174244</ymin>
            <xmax>541.0138612689401</xmax>
            <ymax>717.6060606060613</ymax>
        </bndbox>
    </object>    <object>
        <name>head</name>
        <pose>Unspecified</pose>
        <truncated>0</truncated>
        <difficult>0</difficult>
        <bndbox>
            <xmin>829.3539972174658</xmin>
            <ymin>54.870745933219176</ymin>
            <xmax>1144.2454034674665</xmax>
            <ymax>355.0728821636868</ymax>
        </bndbox>
    </object>    <object>
        <name>head</name>
        <pose>Unspecified</pose>
        <truncated>0</truncated>
        <difficult>0</difficult>
        <bndbox>
            <xmin>112.89290364583333</xmin>
            <ymin>58.0791015625</ymin>
            <xmax>374.8020833333333</xmax>
            <ymax>351.93808593749964</ymax>
        </bndbox>
    </object>    <object>
        <name>body</name>
        <pose>Unspecified</pose>
        <truncated>0</truncated>
        <difficult>0</difficult>
        <bndbox>
            <xmin>520.673828125</xmin>
            <ymin>331.49468315972223</ymin>
            <xmax>748.4738281249993</xmax>
            <ymax>514.9052628555174</ymax>
        </bndbox>
    </object>
</annotation>
