<annotation>
    <folder></folder>
    <filename>frame_000294</filename>
    <path></path>
    <source>
        <database>Unknown</database>
    </source>
    <size>
        <width>1280</width>
        <height>720</height>
        <depth>3</depth>
    </size>
    <segmented>0</segmented>
    <object>
        <name>head</name>
        <pose>Unspecified</pose>
        <truncated>0</truncated>
        <difficult>0</difficult>
        <bndbox>
            <xmin>604.6496394230769</xmin>
            <ymin>218.93722455929486</ymin>
            <xmax>704.5340144230784</xmax>
            <ymax>331.1163261217934</ymax>
        </bndbox>
    </object>    <object>
        <name>body</name>
        <pose>Unspecified</pose>
        <truncated>0</truncated>
        <difficult>0</difficult>
        <bndbox>
            <xmin>709.8994140625</xmin>
            <ymin>355.5869140625</ymin>
            <xmax>1272.1494140625018</xmax>
            <ymax>716.1499999999996</ymax>
        </bndbox>
    </object>    <object>
        <name>body</name>
        <pose>Unspecified</pose>
        <truncated>0</truncated>
        <difficult>0</difficult>
        <bndbox>
            <xmin>18.86118861607143</xmin>
            <ymin>394.5405970982143</ymin>
            <xmax>539.4477654593351</xmax>
            <ymax>716.9490565708703</ymax>
        </bndbox>
    </object>    <object>
        <name>head</name>
        <pose>Unspecified</pose>
        <truncated>0</truncated>
        <difficult>0</difficult>
        <bndbox>
            <xmin>903.0009765625</xmin>
            <ymin>60.86767578125</ymin>
            <xmax>1215.8722377232152</xmax>
            <ymax>361.06981201171766</ymax>
        </bndbox>
    </object>    <object>
        <name>head</name>
        <pose>Unspecified</pose>
        <truncated>0</truncated>
        <difficult>0</difficult>
        <bndbox>
            <xmin>166.830322265625</xmin>
            <ymin>86.03466796875</ymin>
            <xmax>445.45721028646085</xmax>
            <ymax>389.62112223307395</ymax>
        </bndbox>
    </object>    <object>
        <name>body</name>
        <pose>Unspecified</pose>
        <truncated>0</truncated>
        <difficult>0</difficult>
        <bndbox>
            <xmin>522.8515625</xmin>
            <ymin>323.28920200892856</ymin>
            <xmax>734.0814630681822</xmax>
            <ymax>513.6079853008299</ymax>
        </bndbox>
    </object>
</annotation>
