<annotation>
    <folder></folder>
    <filename>frame_000314</filename>
    <path></path>
    <source>
        <database>Unknown</database>
    </source>
    <size>
        <width>1280</width>
        <height>720</height>
        <depth>3</depth>
    </size>
    <segmented>0</segmented>
    <object>
        <name>head</name>
        <pose>Unspecified</pose>
        <truncated>0</truncated>
        <difficult>0</difficult>
        <bndbox>
            <xmin>593.5958251953125</xmin>
            <ymin>212.43646240234375</ymin>
            <xmax>693.480200195314</xmax>
            <ymax>324.6155639648423</ymax>
        </bndbox>
    </object>    <object>
        <name>body</name>
        <pose>Unspecified</pose>
        <truncated>0</truncated>
        <difficult>0</difficult>
        <bndbox>
            <xmin>685.4778878348214</xmin>
            <ymin>352.50069754464283</ymin>
            <xmax>1259.4778878348213</xmax>
            <ymax>716.9853515625008</ymax>
        </bndbox>
    </object>    <object>
        <name>body</name>
        <pose>Unspecified</pose>
        <truncated>0</truncated>
        <difficult>0</difficult>
        <bndbox>
            <xmin>36.615594161184205</xmin>
            <ymin>268.35659950657896</ymin>
            <xmax>534.4483741091018</xmax>
            <ymax>718.300000000002</ymax>
        </bndbox>
    </object>    <object>
        <name>head</name>
        <pose>Unspecified</pose>
        <truncated>0</truncated>
        <difficult>0</difficult>
        <bndbox>
            <xmin>870.87890625</xmin>
            <ymin>63.69951171875</ymin>
            <xmax>1185.7703125000007</xmax>
            <ymax>363.90164794921765</ymax>
        </bndbox>
    </object>    <object>
        <name>head</name>
        <pose>Unspecified</pose>
        <truncated>0</truncated>
        <difficult>0</difficult>
        <bndbox>
            <xmin>104.10107421875</xmin>
            <ymin>66.237548828125</ymin>
            <xmax>372.77255859375146</xmax>
            <ymax>360.1703613281261</ymax>
        </bndbox>
    </object>    <object>
        <name>body</name>
        <pose>Unspecified</pose>
        <truncated>0</truncated>
        <difficult>0</difficult>
        <bndbox>
            <xmin>508.513671875</xmin>
            <ymin>322.0365234375</ymin>
            <xmax>736.3136718749993</xmax>
            <ymax>520.5048950195284</ymax>
        </bndbox>
    </object>
</annotation>
