<annotation>
    <folder></folder>
    <filename>frame_000393</filename>
    <path></path>
    <source>
        <database>Unknown</database>
    </source>
    <size>
        <width>1280</width>
        <height>720</height>
        <depth>3</depth>
    </size>
    <segmented>0</segmented>
    <object>
        <name>head</name>
        <pose>Unspecified</pose>
        <truncated>0</truncated>
        <difficult>0</difficult>
        <bndbox>
            <xmin>556.5</xmin>
            <ymin>221.0625</ymin>
            <xmax>683.4957046508789</xmax>
            <ymax>333.24160156249854</ymax>
        </bndbox>
    </object>    <object>
        <name>body</name>
        <pose>Unspecified</pose>
        <truncated>0</truncated>
        <difficult>0</difficult>
        <bndbox>
            <xmin>688.244140625</xmin>
            <ymin>341.91162109375</ymin>
            <xmax>1262.244140625</xmax>
            <ymax>715.3775390625012</ymax>
        </bndbox>
    </object>    <object>
        <name>body</name>
        <pose>Unspecified</pose>
        <truncated>0</truncated>
        <difficult>0</difficult>
        <bndbox>
            <xmin>23.471966911764707</xmin>
            <ymin>345.88823529411843</ymin>
            <xmax>522.2398488562108</xmax>
            <ymax>705.195219152114</ymax>
        </bndbox>
    </object>    <object>
        <name>head</name>
        <pose>Unspecified</pose>
        <truncated>0</truncated>
        <difficult>0</difficult>
        <bndbox>
            <xmin>878.7808314732143</xmin>
            <ymin>49.043387276785715</ymin>
            <xmax>1193.672237723215</xmax>
            <ymax>349.2455235072534</ymax>
        </bndbox>
    </object>    <object>
        <name>head</name>
        <pose>Unspecified</pose>
        <truncated>0</truncated>
        <difficult>0</difficult>
        <bndbox>
            <xmin>142.46435546875</xmin>
            <ymin>44.39453125</ymin>
            <xmax>431.90470072428525</xmax>
            <ymax>351.19980977376326</ymax>
        </bndbox>
    </object>    <object>
        <name>body</name>
        <pose>Unspecified</pose>
        <truncated>0</truncated>
        <difficult>0</difficult>
        <bndbox>
            <xmin>517.201171875</xmin>
            <ymin>331.39453125</ymin>
            <xmax>717.1910156250015</xmax>
            <ymax>534.6000000000022</ymax>
        </bndbox>
    </object>
</annotation>
