<annotation>
    <folder></folder>
    <filename>frame_000169</filename>
    <path></path>
    <source>
        <database>Unknown</database>
    </source>
    <size>
        <width>1280</width>
        <height>720</height>
        <depth>3</depth>
    </size>
    <segmented>0</segmented>
    <object>
        <name>head</name>
        <pose>Unspecified</pose>
        <truncated>0</truncated>
        <difficult>0</difficult>
        <bndbox>
            <xmin>568.280859375</xmin>
            <ymin>195.0826171875</ymin>
            <xmax>696.2136718749992</xmax>
            <ymax>329.69493103027196</ymax>
        </bndbox>
    </object>    <object>
        <name>body</name>
        <pose>Unspecified</pose>
        <truncated>0</truncated>
        <difficult>0</difficult>
        <bndbox>
            <xmin>667.638352997449</xmin>
            <ymin>368.47576530612247</ymin>
            <xmax>1241.638352997449</xmax>
            <ymax>720.0</ymax>
        </bndbox>
    </object>    <object>
        <name>body</name>
        <pose>Unspecified</pose>
        <truncated>0</truncated>
        <difficult>0</difficult>
        <bndbox>
            <xmin>11.785047743055555</xmin>
            <ymin>345.90483940972223</ymin>
            <xmax>496.1125289351877</xmax>
            <ymax>716.7990266022849</ymax>
        </bndbox>
    </object>    <object>
        <name>head</name>
        <pose>Unspecified</pose>
        <truncated>0</truncated>
        <difficult>0</difficult>
        <bndbox>
            <xmin>834.0615635702055</xmin>
            <ymin>49.93519236943493</ymin>
            <xmax>1148.9529698202061</xmax>
            <ymax>350.1373285999026</ymax>
        </bndbox>
    </object>    <object>
        <name>head</name>
        <pose>Unspecified</pose>
        <truncated>0</truncated>
        <difficult>0</difficult>
        <bndbox>
            <xmin>171.65855823863637</xmin>
            <ymin>71.12242542613636</ymin>
            <xmax>433.5677379261364</xmax>
            <ymax>364.981409801136</ymax>
        </bndbox>
    </object>    <object>
        <name>body</name>
        <pose>Unspecified</pose>
        <truncated>0</truncated>
        <difficult>0</difficult>
        <bndbox>
            <xmin>508.0699573863636</xmin>
            <ymin>342.90305397727275</ymin>
            <xmax>735.8699573863629</xmax>
            <ymax>513.7434736772015</ymax>
        </bndbox>
    </object>
</annotation>
