<annotation>
    <folder></folder>
    <filename>frame_000454</filename>
    <path></path>
    <source>
        <database>Unknown</database>
    </source>
    <size>
        <width>1280</width>
        <height>720</height>
        <depth>3</depth>
    </size>
    <segmented>0</segmented>
    <object>
        <name>head</name>
        <pose>Unspecified</pose>
        <truncated>0</truncated>
        <difficult>0</difficult>
        <bndbox>
            <xmin>588.88671875</xmin>
            <ymin>215.3798828125</ymin>
            <xmax>688.7710937500015</xmax>
            <ymax>327.55898437499854</ymax>
        </bndbox>
    </object>    <object>
        <name>body</name>
        <pose>Unspecified</pose>
        <truncated>0</truncated>
        <difficult>0</difficult>
        <bndbox>
            <xmin>688.244140625</xmin>
            <ymin>347.3424479166667</ymin>
            <xmax>1262.244140625</xmax>
            <ymax>719.4640625000002</ymax>
        </bndbox>
    </object>    <object>
        <name>body</name>
        <pose>Unspecified</pose>
        <truncated>0</truncated>
        <difficult>0</difficult>
        <bndbox>
            <xmin>2.3077566964285716</xmin>
            <ymin>343.13232421875</ymin>
            <xmax>532.3885509672618</xmax>
            <ymax>714.8571428571429</ymax>
        </bndbox>
    </object>    <object>
        <name>head</name>
        <pose>Unspecified</pose>
        <truncated>0</truncated>
        <difficult>0</difficult>
        <bndbox>
            <xmin>861.775390625</xmin>
            <ymin>52.75911458333333</ymin>
            <xmax>1150.4680889423119</xmax>
            <ymax>341.89978277744314</ymax>
        </bndbox>
    </object>    <object>
        <name>head</name>
        <pose>Unspecified</pose>
        <truncated>0</truncated>
        <difficult>0</difficult>
        <bndbox>
            <xmin>137.427734375</xmin>
            <ymin>25.94615885416715</ymin>
            <xmax>395.6245442708344</xmax>
            <ymax>339.88489786783856</ymax>
        </bndbox>
    </object>    <object>
        <name>body</name>
        <pose>Unspecified</pose>
        <truncated>0</truncated>
        <difficult>0</difficult>
        <bndbox>
            <xmin>508.591796875</xmin>
            <ymin>327.44847470238096</ymin>
            <xmax>710.4013817155903</xmax>
            <ymax>488.2553715031037</ymax>
        </bndbox>
    </object>
</annotation>
