<annotation>
    <folder></folder>
    <filename>frame_000132</filename>
    <path></path>
    <source>
        <database>Unknown</database>
    </source>
    <size>
        <width>1280</width>
        <height>720</height>
        <depth>3</depth>
    </size>
    <segmented>0</segmented>
    <object>
        <name>head</name>
        <pose>Unspecified</pose>
        <truncated>0</truncated>
        <difficult>0</difficult>
        <bndbox>
            <xmin>591.2545572916666</xmin>
            <ymin>190.75846354166666</ymin>
            <xmax>709.8211588541654</xmax>
            <ymax>324.2971415201816</ymax>
        </bndbox>
    </object>    <object>
        <name>body</name>
        <pose>Unspecified</pose>
        <truncated>0</truncated>
        <difficult>0</difficult>
        <bndbox>
            <xmin>676.3898676658164</xmin>
            <ymin>368.19309364370747</ymin>
            <xmax>1250.3898676658164</xmax>
            <ymax>720.0</ymax>
        </bndbox>
    </object>    <object>
        <name>body</name>
        <pose>Unspecified</pose>
        <truncated>0</truncated>
        <difficult>0</difficult>
        <bndbox>
            <xmin>17.799169921875</xmin>
            <ymin>384.96962890625</ymin>
            <xmax>525.0477539062538</xmax>
            <ymax>718.8300000000002</ymax>
        </bndbox>
    </object>    <object>
        <name>head</name>
        <pose>Unspecified</pose>
        <truncated>0</truncated>
        <difficult>0</difficult>
        <bndbox>
            <xmin>832.0123876284247</xmin>
            <ymin>52.08360980308219</ymin>
            <xmax>1146.9037938784254</xmax>
            <ymax>352.28574603354986</ymax>
        </bndbox>
    </object>    <object>
        <name>head</name>
        <pose>Unspecified</pose>
        <truncated>0</truncated>
        <difficult>0</difficult>
        <bndbox>
            <xmin>134.82463727678572</xmin>
            <ymin>81.90792410714286</ymin>
            <xmax>396.7338169642857</xmax>
            <ymax>375.7669084821443</ymax>
        </bndbox>
    </object>    <object>
        <name>body</name>
        <pose>Unspecified</pose>
        <truncated>0</truncated>
        <difficult>0</difficult>
        <bndbox>
            <xmin>511.3403577302632</xmin>
            <ymin>313.35567434210526</ymin>
            <xmax>739.1403577302624</xmax>
            <ymax>492.50361280242436</ymax>
        </bndbox>
    </object>
</annotation>
