<annotation>
    <folder></folder>
    <filename>frame_000418</filename>
    <path></path>
    <source>
        <database>Unknown</database>
    </source>
    <size>
        <width>1280</width>
        <height>720</height>
        <depth>3</depth>
    </size>
    <segmented>0</segmented>
    <object>
        <name>head</name>
        <pose>Unspecified</pose>
        <truncated>0</truncated>
        <difficult>0</difficult>
        <bndbox>
            <xmin>581.701171875</xmin>
            <ymin>221.220703125</ymin>
            <xmax>681.5855468750015</xmax>
            <ymax>333.39980468749854</ymax>
        </bndbox>
    </object>    <object>
        <name>body</name>
        <pose>Unspecified</pose>
        <truncated>0</truncated>
        <difficult>0</difficult>
        <bndbox>
            <xmin>688.244140625</xmin>
            <ymin>344.1373697916667</ymin>
            <xmax>1262.244140625</xmax>
            <ymax>717.0523437500008</ymax>
        </bndbox>
    </object>    <object>
        <name>body</name>
        <pose>Unspecified</pose>
        <truncated>0</truncated>
        <difficult>0</difficult>
        <bndbox>
            <xmin>24.07479580965909</xmin>
            <ymin>362.66523437500086</ymin>
            <xmax>518.6608201152197</xmax>
            <ymax>702.7199395497638</ymax>
        </bndbox>
    </object>    <object>
        <name>head</name>
        <pose>Unspecified</pose>
        <truncated>0</truncated>
        <difficult>0</difficult>
        <bndbox>
            <xmin>822.7125538793103</xmin>
            <ymin>61.18689385775862</ymin>
            <xmax>1137.603960129311</xmax>
            <ymax>361.38903008822626</ymax>
        </bndbox>
    </object>    <object>
        <name>head</name>
        <pose>Unspecified</pose>
        <truncated>0</truncated>
        <difficult>0</difficult>
        <bndbox>
            <xmin>174.90339006696428</xmin>
            <ymin>58.897391183035715</ymin>
            <xmax>452.60339006696205</xmax>
            <ymax>364.0796177455372</ymax>
        </bndbox>
    </object>    <object>
        <name>body</name>
        <pose>Unspecified</pose>
        <truncated>0</truncated>
        <difficult>0</difficult>
        <bndbox>
            <xmin>517.224140625</xmin>
            <ymin>318.8244921875</ymin>
            <xmax>717.2139843750015</xmax>
            <ymax>496.46430831105886</ymax>
        </bndbox>
    </object>
</annotation>
