<annotation>
    <folder></folder>
    <filename>frame_000034</filename>
    <path></path>
    <source>
        <database>Unknown</database>
    </source>
    <size>
        <width>1280</width>
        <height>720</height>
        <depth>3</depth>
    </size>
    <segmented>0</segmented>
    <object>
        <name>head</name>
        <pose>Unspecified</pose>
        <truncated>0</truncated>
        <difficult>0</difficult>
        <bndbox>
            <xmin>594.970703125</xmin>
            <ymin>193.689453125</ymin>
            <xmax>700.4246093750007</xmax>
            <ymax>327.2281311035149</ymax>
        </bndbox>
    </object>    <object>
        <name>body</name>
        <pose>Unspecified</pose>
        <truncated>0</truncated>
        <difficult>0</difficult>
        <bndbox>
            <xmin>706.0</xmin>
            <ymin>323.75</ymin>
            <xmax>1280.0</xmax>
            <ymax>689.716796875</ymax>
        </bndbox>
    </object>    <object>
        <name>body</name>
        <pose>Unspecified</pose>
        <truncated>0</truncated>
        <difficult>0</difficult>
        <bndbox>
            <xmin>3.925537109375</xmin>
            <ymin>357.2207845052083</ymin>
            <xmax>602.1528808593757</xmax>
            <ymax>708.5914876302098</ymax>
        </bndbox>
    </object>    <object>
        <name>head</name>
        <pose>Unspecified</pose>
        <truncated>0</truncated>
        <difficult>0</difficult>
        <bndbox>
            <xmin>874.6158854166666</xmin>
            <ymin>34.013671875</ymin>
            <xmax>1189.5072916666675</xmax>
            <ymax>334.21580810546766</ymax>
        </bndbox>
    </object>    <object>
        <name>head</name>
        <pose>Unspecified</pose>
        <truncated>0</truncated>
        <difficult>0</difficult>
        <bndbox>
            <xmin>192.16471354166666</xmin>
            <ymin>28.752766927083336</ymin>
            <xmax>454.0738932291667</xmax>
            <ymax>367.4590820312499</ymax>
        </bndbox>
    </object>    <object>
        <name>body</name>
        <pose>Unspecified</pose>
        <truncated>0</truncated>
        <difficult>0</difficult>
        <bndbox>
            <xmin>511.61959134615387</xmin>
            <ymin>329.63731971153845</ymin>
            <xmax>739.4195913461531</xmax>
            <ymax>493.3373319185697</ymax>
        </bndbox>
    </object>
</annotation>
