<annotation>
    <folder></folder>
    <filename>frame_000389</filename>
    <path></path>
    <source>
        <database>Unknown</database>
    </source>
    <size>
        <width>1280</width>
        <height>720</height>
        <depth>3</depth>
    </size>
    <segmented>0</segmented>
    <object>
        <name>head</name>
        <pose>Unspecified</pose>
        <truncated>0</truncated>
        <difficult>0</difficult>
        <bndbox>
            <xmin>581.328125</xmin>
            <ymin>235.23974609375</ymin>
            <xmax>681.2125000000015</xmax>
            <ymax>347.41884765624854</ymax>
        </bndbox>
    </object>    <object>
        <name>body</name>
        <pose>Unspecified</pose>
        <truncated>0</truncated>
        <difficult>0</difficult>
        <bndbox>
            <xmin>688.244140625</xmin>
            <ymin>341.5555013020833</ymin>
            <xmax>1262.244140625</xmax>
            <ymax>715.1095703125013</ymax>
        </bndbox>
    </object>    <object>
        <name>body</name>
        <pose>Unspecified</pose>
        <truncated>0</truncated>
        <difficult>0</difficult>
        <bndbox>
            <xmin>23.443434495192307</xmin>
            <ymin>337.8047626201929</ymin>
            <xmax>522.4000000000015</xmax>
            <ymax>705.9292959359974</ymax>
        </bndbox>
    </object>    <object>
        <name>head</name>
        <pose>Unspecified</pose>
        <truncated>0</truncated>
        <difficult>0</difficult>
        <bndbox>
            <xmin>893.3494698660714</xmin>
            <ymin>45.22474888392857</ymin>
            <xmax>1208.240876116072</xmax>
            <ymax>345.4268851143962</ymax>
        </bndbox>
    </object>    <object>
        <name>head</name>
        <pose>Unspecified</pose>
        <truncated>0</truncated>
        <difficult>0</difficult>
        <bndbox>
            <xmin>129.82975260416666</xmin>
            <ymin>55.8203125</ymin>
            <xmax>393.3250651041696</xmax>
            <ymax>340.37550354003906</ymax>
        </bndbox>
    </object>    <object>
        <name>body</name>
        <pose>Unspecified</pose>
        <truncated>0</truncated>
        <difficult>0</difficult>
        <bndbox>
            <xmin>508.61962890625</xmin>
            <ymin>344.136962890625</ymin>
            <xmax>708.6094726562515</xmax>
            <ymax>503.3649169921846</ymax>
        </bndbox>
    </object>
</annotation>
