<annotation>
    <folder></folder>
    <filename>frame_000341</filename>
    <path></path>
    <source>
        <database>Unknown</database>
    </source>
    <size>
        <width>1280</width>
        <height>720</height>
        <depth>3</depth>
    </size>
    <segmented>0</segmented>
    <object>
        <name>head</name>
        <pose>Unspecified</pose>
        <truncated>0</truncated>
        <difficult>0</difficult>
        <bndbox>
            <xmin>592.963623046875</xmin>
            <ymin>211.991455078125</ymin>
            <xmax>692.8479980468765</xmax>
            <ymax>324.17055664062354</ymax>
        </bndbox>
    </object>    <object>
        <name>body</name>
        <pose>Unspecified</pose>
        <truncated>0</truncated>
        <difficult>0</difficult>
        <bndbox>
            <xmin>683.66015625</xmin>
            <ymin>340.576171875</ymin>
            <xmax>1255.9681919642858</xmax>
            <ymax>714.3726562500015</ymax>
        </bndbox>
    </object>    <object>
        <name>body</name>
        <pose>Unspecified</pose>
        <truncated>0</truncated>
        <difficult>0</difficult>
        <bndbox>
            <xmin>29.41650390625</xmin>
            <ymin>374.842410714286</ymin>
            <xmax>507.37029854910804</xmax>
            <ymax>715.625246320452</ymax>
        </bndbox>
    </object>    <object>
        <name>head</name>
        <pose>Unspecified</pose>
        <truncated>0</truncated>
        <difficult>0</difficult>
        <bndbox>
            <xmin>852.760390625</xmin>
            <ymin>55.3117578125</ymin>
            <xmax>1167.6517968750006</xmax>
            <ymax>355.51389404296765</ymax>
        </bndbox>
    </object>    <object>
        <name>head</name>
        <pose>Unspecified</pose>
        <truncated>0</truncated>
        <difficult>0</difficult>
        <bndbox>
            <xmin>204.98486328125</xmin>
            <ymin>83.67812500000036</ymin>
            <xmax>456.0179384428902</xmax>
            <ymax>370.4539676008553</ymax>
        </bndbox>
    </object>    <object>
        <name>body</name>
        <pose>Unspecified</pose>
        <truncated>0</truncated>
        <difficult>0</difficult>
        <bndbox>
            <xmin>530.91015625</xmin>
            <ymin>317.233642578125</ymin>
            <xmax>723.7696258544911</xmax>
            <ymax>487.6625335693352</ymax>
        </bndbox>
    </object>
</annotation>
