<annotation>
    <folder></folder>
    <filename>frame_000143</filename>
    <path></path>
    <source>
        <database>Unknown</database>
    </source>
    <size>
        <width>1280</width>
        <height>720</height>
        <depth>3</depth>
    </size>
    <segmented>0</segmented>
    <object>
        <name>head</name>
        <pose>Unspecified</pose>
        <truncated>0</truncated>
        <difficult>0</difficult>
        <bndbox>
            <xmin>596.6328125</xmin>
            <ymin>187.11328125</ymin>
            <xmax>719.3205468750002</xmax>
            <ymax>320.6519592285149</ymax>
        </bndbox>
    </object>    <object>
        <name>body</name>
        <pose>Unspecified</pose>
        <truncated>0</truncated>
        <difficult>0</difficult>
        <bndbox>
            <xmin>673.788066007653</xmin>
            <ymin>368.27713116496597</ymin>
            <xmax>1247.788066007653</xmax>
            <ymax>720.0</ymax>
        </bndbox>
    </object>    <object>
        <name>body</name>
        <pose>Unspecified</pose>
        <truncated>0</truncated>
        <difficult>0</difficult>
        <bndbox>
            <xmin>16.01117621527778</xmin>
            <ymin>378.4118923611111</ymin>
            <xmax>518.4888165509299</xmax>
            <ymax>719.246829788773</ymax>
        </bndbox>
    </object>    <object>
        <name>head</name>
        <pose>Unspecified</pose>
        <truncated>0</truncated>
        <difficult>0</difficult>
        <bndbox>
            <xmin>832.6216020976027</xmin>
            <ymin>51.444891106592465</ymin>
            <xmax>1147.5130083476035</xmax>
            <ymax>351.64702733706014</ymax>
        </bndbox>
    </object>    <object>
        <name>head</name>
        <pose>Unspecified</pose>
        <truncated>0</truncated>
        <difficult>0</difficult>
        <bndbox>
            <xmin>133.33948863636363</xmin>
            <ymin>85.34490411931819</ymin>
            <xmax>395.2486683238636</xmax>
            <ymax>379.20388849431896</ymax>
        </bndbox>
    </object>    <object>
        <name>body</name>
        <pose>Unspecified</pose>
        <truncated>0</truncated>
        <difficult>0</difficult>
        <bndbox>
            <xmin>513.1597450657895</xmin>
            <ymin>316.2769839638158</ymin>
            <xmax>740.9597450657888</xmax>
            <ymax>497.4279718969167</ymax>
        </bndbox>
    </object>
</annotation>
