<annotation>
    <folder></folder>
    <filename>frame_000017</filename>
    <path></path>
    <source>
        <database>Unknown</database>
    </source>
    <size>
        <width>1280</width>
        <height>720</height>
        <depth>3</depth>
    </size>
    <segmented>0</segmented>
    <object>
        <name>head</name>
        <pose>Unspecified</pose>
        <truncated>0</truncated>
        <difficult>0</difficult>
        <bndbox>
            <xmin>593.8515625</xmin>
            <ymin>136.498046875</ymin>
            <xmax>716.1000000000022</xmax>
            <ymax>294.7000000000007</ymax>
        </bndbox>
    </object>    <object>
        <name>body</name>
        <pose>Unspecified</pose>
        <truncated>0</truncated>
        <difficult>0</difficult>
        <bndbox>
            <xmin>765.652734375</xmin>
            <ymin>345.958203125</ymin>
            <xmax>1278.430147705078</xmax>
            <ymax>711.925</ymax>
        </bndbox>
    </object>    <object>
        <name>body</name>
        <pose>Unspecified</pose>
        <truncated>0</truncated>
        <difficult>0</difficult>
        <bndbox>
            <xmin>14.689322916667152</xmin>
            <ymin>332.7666666666676</ymin>
            <xmax>572.0832682291657</xmax>
            <ymax>719.2524617513021</ymax>
        </bndbox>
    </object>    <object>
        <name>head</name>
        <pose>Unspecified</pose>
        <truncated>0</truncated>
        <difficult>0</difficult>
        <bndbox>
            <xmin>864.5234375</xmin>
            <ymin>14.96484375</ymin>
            <xmax>1163.658203125</xmax>
            <ymax>351.4237609863285</ymax>
        </bndbox>
    </object>    <object>
        <name>head</name>
        <pose>Unspecified</pose>
        <truncated>0</truncated>
        <difficult>0</difficult>
        <bndbox>
            <xmin>192.9111328125</xmin>
            <ymin>87.09973958333346</ymin>
            <xmax>452.5</xmax>
            <ymax>330.14179687500047</ymax>
        </bndbox>
    </object>    <object>
        <name>body</name>
        <pose>Unspecified</pose>
        <truncated>0</truncated>
        <difficult>0</difficult>
        <bndbox>
            <xmin>544.765625</xmin>
            <ymin>306.58203125</ymin>
            <xmax>743.7820231119791</xmax>
            <ymax>570.1501770019531</ymax>
        </bndbox>
    </object>
</annotation>
