<annotation>
    <folder></folder>
    <filename>frame_000266</filename>
    <path></path>
    <source>
        <database>Unknown</database>
    </source>
    <size>
        <width>1280</width>
        <height>720</height>
        <depth>3</depth>
    </size>
    <segmented>0</segmented>
    <object>
        <name>head</name>
        <pose>Unspecified</pose>
        <truncated>0</truncated>
        <difficult>0</difficult>
        <bndbox>
            <xmin>584.5961538461538</xmin>
            <ymin>214.29860276442307</ymin>
            <xmax>684.4805288461553</xmax>
            <ymax>326.47770432692164</ymax>
        </bndbox>
    </object>    <object>
        <name>body</name>
        <pose>Unspecified</pose>
        <truncated>0</truncated>
        <difficult>0</difficult>
        <bndbox>
            <xmin>701.513671875</xmin>
            <ymin>358.9479995265155</ymin>
            <xmax>1275.513671875</xmax>
            <ymax>708.1345839251903</ymax>
        </bndbox>
    </object>    <object>
        <name>body</name>
        <pose>Unspecified</pose>
        <truncated>0</truncated>
        <difficult>0</difficult>
        <bndbox>
            <xmin>8.075390624999999</xmin>
            <ymin>361.3513671875</ymin>
            <xmax>530.0595703125007</xmax>
            <ymax>717.9764642333982</ymax>
        </bndbox>
    </object>    <object>
        <name>head</name>
        <pose>Unspecified</pose>
        <truncated>0</truncated>
        <difficult>0</difficult>
        <bndbox>
            <xmin>835.2797309027778</xmin>
            <ymin>58.193359375</ymin>
            <xmax>1150.1711371527786</xmax>
            <ymax>358.39549560546766</ymax>
        </bndbox>
    </object>    <object>
        <name>head</name>
        <pose>Unspecified</pose>
        <truncated>0</truncated>
        <difficult>0</difficult>
        <bndbox>
            <xmin>207.15583147321428</xmin>
            <ymin>85.53724888392857</ymin>
            <xmax>478.70655691964515</xmax>
            <ymax>364.5737060546874</ymax>
        </bndbox>
    </object>    <object>
        <name>body</name>
        <pose>Unspecified</pose>
        <truncated>0</truncated>
        <difficult>0</difficult>
        <bndbox>
            <xmin>519.2271133814103</xmin>
            <ymin>321.5211588541667</ymin>
            <xmax>717.4275340544868</xmax>
            <ymax>505.43171887519884</ymax>
        </bndbox>
    </object>
</annotation>
