<annotation>
    <folder></folder>
    <filename>frame_000130</filename>
    <path></path>
    <source>
        <database>Unknown</database>
    </source>
    <size>
        <width>1280</width>
        <height>720</height>
        <depth>3</depth>
    </size>
    <segmented>0</segmented>
    <object>
        <name>head</name>
        <pose>Unspecified</pose>
        <truncated>0</truncated>
        <difficult>0</difficult>
        <bndbox>
            <xmin>576.1673177083334</xmin>
            <ymin>191.42122395833334</ymin>
            <xmax>693.9846223958326</xmax>
            <ymax>324.9599019368482</ymax>
        </bndbox>
    </object>    <object>
        <name>body</name>
        <pose>Unspecified</pose>
        <truncated>0</truncated>
        <difficult>0</difficult>
        <bndbox>
            <xmin>676.8629225127551</xmin>
            <ymin>368.17781409438777</ymin>
            <xmax>1250.8629225127552</xmax>
            <ymax>720.0</ymax>
        </bndbox>
    </object>    <object>
        <name>body</name>
        <pose>Unspecified</pose>
        <truncated>0</truncated>
        <difficult>0</difficult>
        <bndbox>
            <xmin>18.124267578125</xmin>
            <ymin>382.67333984375</ymin>
            <xmax>524.8303710937535</xmax>
            <ymax>718.0500000000002</ymax>
        </bndbox>
    </object>    <object>
        <name>head</name>
        <pose>Unspecified</pose>
        <truncated>0</truncated>
        <difficult>0</difficult>
        <bndbox>
            <xmin>831.9016213613014</xmin>
            <ymin>52.19974047517123</ymin>
            <xmax>1146.793027611302</xmax>
            <ymax>352.40187670563887</ymax>
        </bndbox>
    </object>    <object>
        <name>head</name>
        <pose>Unspecified</pose>
        <truncated>0</truncated>
        <difficult>0</difficult>
        <bndbox>
            <xmin>134.58272879464286</xmin>
            <ymin>72.57896205357143</ymin>
            <xmax>396.49190848214283</xmax>
            <ymax>366.4379464285729</ymax>
        </bndbox>
    </object>    <object>
        <name>body</name>
        <pose>Unspecified</pose>
        <truncated>0</truncated>
        <difficult>0</difficult>
        <bndbox>
            <xmin>511.00956003289474</xmin>
            <ymin>312.8245271381579</ymin>
            <xmax>738.809560032894</xmax>
            <ymax>491.6082747852439</ymax>
        </bndbox>
    </object>
</annotation>
