<annotation>
    <folder></folder>
    <filename>frame_000490</filename>
    <path></path>
    <source>
        <database>Unknown</database>
    </source>
    <size>
        <width>1280</width>
        <height>720</height>
        <depth>3</depth>
    </size>
    <segmented>0</segmented>
    <object>
        <name>head</name>
        <pose>Unspecified</pose>
        <truncated>0</truncated>
        <difficult>0</difficult>
        <bndbox>
            <xmin>561.2976792279412</xmin>
            <ymin>222.154296875</ymin>
            <xmax>678.3842141544128</xmax>
            <ymax>331.29196822222417</ymax>
        </bndbox>
    </object>    <object>
        <name>body</name>
        <pose>Unspecified</pose>
        <truncated>0</truncated>
        <difficult>0</difficult>
        <bndbox>
            <xmin>680.6958264802631</xmin>
            <ymin>363.0157277960527</ymin>
            <xmax>1257.423005756579</xmax>
            <ymax>711.0842105263168</ymax>
        </bndbox>
    </object>    <object>
        <name>body</name>
        <pose>Unspecified</pose>
        <truncated>0</truncated>
        <difficult>0</difficult>
        <bndbox>
            <xmin>16.702752976190474</xmin>
            <ymin>352.8348679315476</ymin>
            <xmax>513.5871409970212</xmax>
            <ymax>720.0</ymax>
        </bndbox>
    </object>    <object>
        <name>head</name>
        <pose>Unspecified</pose>
        <truncated>0</truncated>
        <difficult>0</difficult>
        <bndbox>
            <xmin>801.4323601973684</xmin>
            <ymin>67.72116570723685</ymin>
            <xmax>1107.2733037069843</xmax>
            <ymax>364.10206752514426</ymax>
        </bndbox>
    </object>    <object>
        <name>head</name>
        <pose>Unspecified</pose>
        <truncated>0</truncated>
        <difficult>0</difficult>
        <bndbox>
            <xmin>213.3000000000011</xmin>
            <ymin>79.80000000000109</ymin>
            <xmax>435.08294677734375</xmax>
            <ymax>377.1791076660156</ymax>
        </bndbox>
    </object>    <object>
        <name>body</name>
        <pose>Unspecified</pose>
        <truncated>0</truncated>
        <difficult>0</difficult>
        <bndbox>
            <xmin>520.06640625</xmin>
            <ymin>318.25927734375</ymin>
            <xmax>732.7944376341056</xmax>
            <ymax>488.5398303394577</ymax>
        </bndbox>
    </object>
</annotation>
