<annotation>
    <folder></folder>
    <filename>frame_000448</filename>
    <path></path>
    <source>
        <database>Unknown</database>
    </source>
    <size>
        <width>1280</width>
        <height>720</height>
        <depth>3</depth>
    </size>
    <segmented>0</segmented>
    <object>
        <name>head</name>
        <pose>Unspecified</pose>
        <truncated>0</truncated>
        <difficult>0</difficult>
        <bndbox>
            <xmin>590.11328125</xmin>
            <ymin>209.0703125</ymin>
            <xmax>689.9976562500015</xmax>
            <ymax>321.24941406249854</ymax>
        </bndbox>
    </object>    <object>
        <name>body</name>
        <pose>Unspecified</pose>
        <truncated>0</truncated>
        <difficult>0</difficult>
        <bndbox>
            <xmin>688.244140625</xmin>
            <ymin>346.8082682291667</ymin>
            <xmax>1262.244140625</xmax>
            <ymax>719.0621093750002</ymax>
        </bndbox>
    </object>    <object>
        <name>body</name>
        <pose>Unspecified</pose>
        <truncated>0</truncated>
        <difficult>0</difficult>
        <bndbox>
            <xmin>8.008984375</xmin>
            <ymin>339.66015625</ymin>
            <xmax>531.8827337725736</xmax>
            <ymax>713.6</ymax>
        </bndbox>
    </object>    <object>
        <name>head</name>
        <pose>Unspecified</pose>
        <truncated>0</truncated>
        <difficult>0</difficult>
        <bndbox>
            <xmin>831.259765625</xmin>
            <ymin>61.265625</ymin>
            <xmax>1117.0944230769273</xmax>
            <ymax>349.199587590143</ymax>
        </bndbox>
    </object>    <object>
        <name>head</name>
        <pose>Unspecified</pose>
        <truncated>0</truncated>
        <difficult>0</difficult>
        <bndbox>
            <xmin>135.525390625</xmin>
            <ymin>48.7216796875</ymin>
            <xmax>413.2253906250007</xmax>
            <ymax>353.90390625000146</ymax>
        </bndbox>
    </object>    <object>
        <name>body</name>
        <pose>Unspecified</pose>
        <truncated>0</truncated>
        <difficult>0</difficult>
        <bndbox>
            <xmin>523.43359375</xmin>
            <ymin>319.087890625</ymin>
            <xmax>723.4234375000015</xmax>
            <ymax>478.3158447265596</ymax>
        </bndbox>
    </object>
</annotation>
