<annotation>
    <folder></folder>
    <filename>frame_000166</filename>
    <path></path>
    <source>
        <database>Unknown</database>
    </source>
    <size>
        <width>1280</width>
        <height>720</height>
        <depth>3</depth>
    </size>
    <segmented>0</segmented>
    <object>
        <name>head</name>
        <pose>Unspecified</pose>
        <truncated>0</truncated>
        <difficult>0</difficult>
        <bndbox>
            <xmin>572.0818142361111</xmin>
            <ymin>188.08257378472223</ymin>
            <xmax>700.0146267361104</xmax>
            <ymax>322.5875240410686</ymax>
        </bndbox>
    </object>    <object>
        <name>body</name>
        <pose>Unspecified</pose>
        <truncated>0</truncated>
        <difficult>0</difficult>
        <bndbox>
            <xmin>668.3479352678571</xmin>
            <ymin>368.45284598214283</ymin>
            <xmax>1242.347935267857</xmax>
            <ymax>720.0</ymax>
        </bndbox>
    </object>    <object>
        <name>body</name>
        <pose>Unspecified</pose>
        <truncated>0</truncated>
        <difficult>0</difficult>
        <bndbox>
            <xmin>12.27267795138889</xmin>
            <ymin>349.65565321180554</ymin>
            <xmax>498.69440827546566</xmax>
            <ymax>717.0814654314951</ymax>
        </bndbox>
    </object>    <object>
        <name>head</name>
        <pose>Unspecified</pose>
        <truncated>0</truncated>
        <difficult>0</difficult>
        <bndbox>
            <xmin>833.8954141695206</xmin>
            <ymin>50.10938837756849</ymin>
            <xmax>1148.7868204195213</xmax>
            <ymax>350.31152460803617</ymax>
        </bndbox>
    </object>    <object>
        <name>head</name>
        <pose>Unspecified</pose>
        <truncated>0</truncated>
        <difficult>0</difficult>
        <bndbox>
            <xmin>165.43486328125</xmin>
            <ymin>73.93662109375</ymin>
            <xmax>427.34404296875</xmax>
            <ymax>367.7956054687496</ymax>
        </bndbox>
    </object>    <object>
        <name>body</name>
        <pose>Unspecified</pose>
        <truncated>0</truncated>
        <difficult>0</difficult>
        <bndbox>
            <xmin>509.5859375</xmin>
            <ymin>337.88037109375</ymin>
            <xmax>737.3859374999993</xmax>
            <ymax>511.39844360351526</ymax>
        </bndbox>
    </object>
</annotation>
