<annotation>
    <folder></folder>
    <filename>frame_000444</filename>
    <path></path>
    <source>
        <database>Unknown</database>
    </source>
    <size>
        <width>1280</width>
        <height>720</height>
        <depth>3</depth>
    </size>
    <segmented>0</segmented>
    <object>
        <name>head</name>
        <pose>Unspecified</pose>
        <truncated>0</truncated>
        <difficult>0</difficult>
        <bndbox>
            <xmin>569.923828125</xmin>
            <ymin>205.1591796875</ymin>
            <xmax>687.6573357476118</xmax>
            <ymax>317.3460062662725</ymax>
        </bndbox>
    </object>    <object>
        <name>body</name>
        <pose>Unspecified</pose>
        <truncated>0</truncated>
        <difficult>0</difficult>
        <bndbox>
            <xmin>688.244140625</xmin>
            <ymin>346.4521484375</ymin>
            <xmax>1262.244140625</xmax>
            <ymax>718.7941406250003</ymax>
        </bndbox>
    </object>    <object>
        <name>body</name>
        <pose>Unspecified</pose>
        <truncated>0</truncated>
        <difficult>0</difficult>
        <bndbox>
            <xmin>38.810546875</xmin>
            <ymin>363.57421875</ymin>
            <xmax>519.4136688628678</xmax>
            <ymax>720.0</ymax>
        </bndbox>
    </object>    <object>
        <name>head</name>
        <pose>Unspecified</pose>
        <truncated>0</truncated>
        <difficult>0</difficult>
        <bndbox>
            <xmin>811.470703125</xmin>
            <ymin>67.60000000000036</ymin>
            <xmax>1095.4000000000015</xmax>
            <ymax>354.7294921875</ymax>
        </bndbox>
    </object>    <object>
        <name>head</name>
        <pose>Unspecified</pose>
        <truncated>0</truncated>
        <difficult>0</difficult>
        <bndbox>
            <xmin>162.0263671875</xmin>
            <ymin>68.59765625</ymin>
            <xmax>417.5592480468731</xmax>
            <ymax>357.5390966796858</ymax>
        </bndbox>
    </object>    <object>
        <name>body</name>
        <pose>Unspecified</pose>
        <truncated>0</truncated>
        <difficult>0</difficult>
        <bndbox>
            <xmin>521.298828125</xmin>
            <ymin>320.4248046875</ymin>
            <xmax>725.0042968750022</xmax>
            <ymax>523.9616455078103</ymax>
        </bndbox>
    </object>
</annotation>
