<annotation>
    <folder></folder>
    <filename>frame_000504</filename>
    <path></path>
    <source>
        <database>Unknown</database>
    </source>
    <size>
        <width>1280</width>
        <height>720</height>
        <depth>3</depth>
    </size>
    <segmented>0</segmented>
    <object>
        <name>head</name>
        <pose>Unspecified</pose>
        <truncated>0</truncated>
        <difficult>0</difficult>
        <bndbox>
            <xmin>557.3359375</xmin>
            <ymin>199.18917410714286</ymin>
            <xmax>666.5261718750007</xmax>
            <ymax>311.3682756696414</ymax>
        </bndbox>
    </object>    <object>
        <name>body</name>
        <pose>Unspecified</pose>
        <truncated>0</truncated>
        <difficult>0</difficult>
        <bndbox>
            <xmin>695.52392578125</xmin>
            <ymin>345.725341796875</ymin>
            <xmax>1273.22509765625</xmax>
            <ymax>695.2825683593765</ymax>
        </bndbox>
    </object>    <object>
        <name>body</name>
        <pose>Unspecified</pose>
        <truncated>0</truncated>
        <difficult>0</difficult>
        <bndbox>
            <xmin>23.00146484375</xmin>
            <ymin>328.2861328125</ymin>
            <xmax>506.9761393229146</xmax>
            <ymax>708.4538085937484</ymax>
        </bndbox>
    </object>    <object>
        <name>head</name>
        <pose>Unspecified</pose>
        <truncated>0</truncated>
        <difficult>0</difficult>
        <bndbox>
            <xmin>864.4204799107143</xmin>
            <ymin>46.22084263392857</ymin>
            <xmax>1176.930185439561</xmax>
            <ymax>345.4173908610907</ymax>
        </bndbox>
    </object>    <object>
        <name>head</name>
        <pose>Unspecified</pose>
        <truncated>0</truncated>
        <difficult>0</difficult>
        <bndbox>
            <xmin>138.35172526041677</xmin>
            <ymin>57.807454427083336</ymin>
            <xmax>407.9909696790915</xmax>
            <ymax>335.924235704209</ymax>
        </bndbox>
    </object>    <object>
        <name>body</name>
        <pose>Unspecified</pose>
        <truncated>0</truncated>
        <difficult>0</difficult>
        <bndbox>
            <xmin>515.443603515625</xmin>
            <ymin>313.18829345703125</ymin>
            <xmax>732.4176974444306</xmax>
            <ymax>487.1530460841209</ymax>
        </bndbox>
    </object>
</annotation>
