<annotation>
    <folder></folder>
    <filename>frame_000426</filename>
    <path></path>
    <source>
        <database>Unknown</database>
    </source>
    <size>
        <width>1280</width>
        <height>720</height>
        <depth>3</depth>
    </size>
    <segmented>0</segmented>
    <object>
        <name>head</name>
        <pose>Unspecified</pose>
        <truncated>0</truncated>
        <difficult>0</difficult>
        <bndbox>
            <xmin>593.663671875</xmin>
            <ymin>205.518359375</ymin>
            <xmax>693.5480468750014</xmax>
            <ymax>317.69746093749853</ymax>
        </bndbox>
    </object>    <object>
        <name>body</name>
        <pose>Unspecified</pose>
        <truncated>0</truncated>
        <difficult>0</difficult>
        <bndbox>
            <xmin>688.244140625</xmin>
            <ymin>344.849609375</ymin>
            <xmax>1262.244140625</xmax>
            <ymax>717.5882812500006</ymax>
        </bndbox>
    </object>    <object>
        <name>body</name>
        <pose>Unspecified</pose>
        <truncated>0</truncated>
        <difficult>0</difficult>
        <bndbox>
            <xmin>24.811656605113637</xmin>
            <ymin>362.4496093750004</ymin>
            <xmax>518.0594864662294</xmax>
            <ymax>706.5502607981358</ymax>
        </bndbox>
    </object>    <object>
        <name>head</name>
        <pose>Unspecified</pose>
        <truncated>0</truncated>
        <difficult>0</difficult>
        <bndbox>
            <xmin>821.5638469827586</xmin>
            <ymin>59.445783943965516</ymin>
            <xmax>1136.4552532327593</xmax>
            <ymax>359.6479201744332</ymax>
        </bndbox>
    </object>    <object>
        <name>head</name>
        <pose>Unspecified</pose>
        <truncated>0</truncated>
        <difficult>0</difficult>
        <bndbox>
            <xmin>160.32693917410714</xmin>
            <ymin>61.903529575892854</ymin>
            <xmax>438.0269391741059</xmax>
            <ymax>367.0857561383943</ymax>
        </bndbox>
    </object>    <object>
        <name>body</name>
        <pose>Unspecified</pose>
        <truncated>0</truncated>
        <difficult>0</difficult>
        <bndbox>
            <xmin>523.047890625</xmin>
            <ymin>312.0757421875</ymin>
            <xmax>723.0377343750015</xmax>
            <ymax>484.8057284385254</ymax>
        </bndbox>
    </object>
</annotation>
