<annotation>
    <folder></folder>
    <filename>frame_000256</filename>
    <path></path>
    <source>
        <database>Unknown</database>
    </source>
    <size>
        <width>1280</width>
        <height>720</height>
        <depth>3</depth>
    </size>
    <segmented>0</segmented>
    <object>
        <name>head</name>
        <pose>Unspecified</pose>
        <truncated>0</truncated>
        <difficult>0</difficult>
        <bndbox>
            <xmin>582.73193359375</xmin>
            <ymin>217.59814453125</ymin>
            <xmax>688.0302148437513</xmax>
            <ymax>329.77724609374854</ymax>
        </bndbox>
    </object>    <object>
        <name>body</name>
        <pose>Unspecified</pose>
        <truncated>0</truncated>
        <difficult>0</difficult>
        <bndbox>
            <xmin>701.513671875</xmin>
            <ymin>353.50564630681833</ymin>
            <xmax>1275.513671875</xmax>
            <ymax>709.4363210227289</ymax>
        </bndbox>
    </object>    <object>
        <name>body</name>
        <pose>Unspecified</pose>
        <truncated>0</truncated>
        <difficult>0</difficult>
        <bndbox>
            <xmin>7.300000000000182</xmin>
            <ymin>327.82080078125</ymin>
            <xmax>522.5450653076177</xmax>
            <ymax>700.2133743286122</ymax>
        </bndbox>
    </object>    <object>
        <name>head</name>
        <pose>Unspecified</pose>
        <truncated>0</truncated>
        <difficult>0</difficult>
        <bndbox>
            <xmin>837.3229166666666</xmin>
            <ymin>56.5478515625</ymin>
            <xmax>1152.2143229166675</xmax>
            <ymax>356.74998779296766</ymax>
        </bndbox>
    </object>    <object>
        <name>head</name>
        <pose>Unspecified</pose>
        <truncated>0</truncated>
        <difficult>0</difficult>
        <bndbox>
            <xmin>160.12744140625</xmin>
            <ymin>51.21728515625</ymin>
            <xmax>414.1888153076161</xmax>
            <ymax>342.6004272460932</ymax>
        </bndbox>
    </object>    <object>
        <name>body</name>
        <pose>Unspecified</pose>
        <truncated>0</truncated>
        <difficult>0</difficult>
        <bndbox>
            <xmin>514.1795372596154</xmin>
            <ymin>323.8876953125</ymin>
            <xmax>727.9586838942303</xmax>
            <ymax>515.460261418267</ymax>
        </bndbox>
    </object>
</annotation>
