<annotation>
    <folder></folder>
    <filename>frame_000400</filename>
    <path></path>
    <source>
        <database>Unknown</database>
    </source>
    <size>
        <width>1280</width>
        <height>720</height>
        <depth>3</depth>
    </size>
    <segmented>0</segmented>
    <object>
        <name>head</name>
        <pose>Unspecified</pose>
        <truncated>0</truncated>
        <difficult>0</difficult>
        <bndbox>
            <xmin>570.298046875</xmin>
            <ymin>226.0806640625</ymin>
            <xmax>670.1824218750014</xmax>
            <ymax>338.2597656249985</ymax>
        </bndbox>
    </object>    <object>
        <name>body</name>
        <pose>Unspecified</pose>
        <truncated>0</truncated>
        <difficult>0</difficult>
        <bndbox>
            <xmin>688.244140625</xmin>
            <ymin>342.5348307291667</ymin>
            <xmax>1262.244140625</xmax>
            <ymax>715.8464843750011</ymax>
        </bndbox>
    </object>    <object>
        <name>body</name>
        <pose>Unspecified</pose>
        <truncated>0</truncated>
        <difficult>0</difficult>
        <bndbox>
            <xmin>23.52182904411765</xmin>
            <ymin>368.20588235294224</ymin>
            <xmax>521.1187908496756</xmax>
            <ymax>703.4909219180836</ymax>
        </bndbox>
    </object>    <object>
        <name>head</name>
        <pose>Unspecified</pose>
        <truncated>0</truncated>
        <difficult>0</difficult>
        <bndbox>
            <xmin>853.2857142857143</xmin>
            <ymin>55.726004464285715</ymin>
            <xmax>1168.177120535715</xmax>
            <ymax>355.9281406947534</ymax>
        </bndbox>
    </object>    <object>
        <name>head</name>
        <pose>Unspecified</pose>
        <truncated>0</truncated>
        <difficult>0</difficult>
        <bndbox>
            <xmin>172.67567274305554</xmin>
            <ymin>64.60492621527777</ymin>
            <xmax>450.37567274305627</xmax>
            <ymax>369.7871527777792</ymax>
        </bndbox>
    </object>    <object>
        <name>body</name>
        <pose>Unspecified</pose>
        <truncated>0</truncated>
        <difficult>0</difficult>
        <bndbox>
            <xmin>514.8963068181819</xmin>
            <ymin>339.07182173295456</ymin>
            <xmax>714.8861505681833</xmax>
            <ymax>498.29977583451415</ymax>
        </bndbox>
    </object>
</annotation>
