<annotation>
    <folder></folder>
    <filename>frame_000039</filename>
    <path></path>
    <source>
        <database>Unknown</database>
    </source>
    <size>
        <width>1280</width>
        <height>720</height>
        <depth>3</depth>
    </size>
    <segmented>0</segmented>
    <object>
        <name>head</name>
        <pose>Unspecified</pose>
        <truncated>0</truncated>
        <difficult>0</difficult>
        <bndbox>
            <xmin>609.55078125</xmin>
            <ymin>189.203125</ymin>
            <xmax>715.0046875000007</xmax>
            <ymax>322.7418029785149</ymax>
        </bndbox>
    </object>    <object>
        <name>body</name>
        <pose>Unspecified</pose>
        <truncated>0</truncated>
        <difficult>0</difficult>
        <bndbox>
            <xmin>699.4586588541666</xmin>
            <ymin>360.2001953125</ymin>
            <xmax>1273.4586588541667</xmax>
            <ymax>714.9527994791666</ymax>
        </bndbox>
    </object>    <object>
        <name>body</name>
        <pose>Unspecified</pose>
        <truncated>0</truncated>
        <difficult>0</difficult>
        <bndbox>
            <xmin>6.7294921875</xmin>
            <ymin>356.2861328125</ymin>
            <xmax>604.9568359375007</xmax>
            <ymax>707.6568359375015</ymax>
        </bndbox>
    </object>    <object>
        <name>head</name>
        <pose>Unspecified</pose>
        <truncated>0</truncated>
        <difficult>0</difficult>
        <bndbox>
            <xmin>850.69140625</xmin>
            <ymin>59.4365234375</ymin>
            <xmax>1165.5828125000007</xmax>
            <ymax>359.63865966796766</ymax>
        </bndbox>
    </object>    <object>
        <name>head</name>
        <pose>Unspecified</pose>
        <truncated>0</truncated>
        <difficult>0</difficult>
        <bndbox>
            <xmin>205.2490234375</xmin>
            <ymin>73.6005859375</ymin>
            <xmax>467.158203125</xmax>
            <ymax>367.45957031249964</ymax>
        </bndbox>
    </object>    <object>
        <name>body</name>
        <pose>Unspecified</pose>
        <truncated>0</truncated>
        <difficult>0</difficult>
        <bndbox>
            <xmin>510.46925080128204</xmin>
            <ymin>328.91841947115387</ymin>
            <xmax>738.2692508012814</xmax>
            <ymax>492.6184316781851</ymax>
        </bndbox>
    </object>
</annotation>
