<annotation>
    <folder></folder>
    <filename>frame_000173</filename>
    <path></path>
    <source>
        <database>Unknown</database>
    </source>
    <size>
        <width>1280</width>
        <height>720</height>
        <depth>3</depth>
    </size>
    <segmented>0</segmented>
    <object>
        <name>head</name>
        <pose>Unspecified</pose>
        <truncated>0</truncated>
        <difficult>0</difficult>
        <bndbox>
            <xmin>568.729296875</xmin>
            <ymin>208.9900390625</ymin>
            <xmax>696.6621093749993</xmax>
            <ymax>343.60235290527197</ymax>
        </bndbox>
    </object>    <object>
        <name>body</name>
        <pose>Unspecified</pose>
        <truncated>0</truncated>
        <difficult>0</difficult>
        <bndbox>
            <xmin>666.6922433035714</xmin>
            <ymin>368.5063244047619</ymin>
            <xmax>1240.6922433035713</xmax>
            <ymax>720.0</ymax>
        </bndbox>
    </object>    <object>
        <name>body</name>
        <pose>Unspecified</pose>
        <truncated>0</truncated>
        <difficult>0</difficult>
        <bndbox>
            <xmin>11.134874131944443</xmin>
            <ymin>340.90375434027777</ymin>
            <xmax>492.67002314815045</xmax>
            <ymax>716.4224414966715</ymax>
        </bndbox>
    </object>    <object>
        <name>head</name>
        <pose>Unspecified</pose>
        <truncated>0</truncated>
        <difficult>0</difficult>
        <bndbox>
            <xmin>834.283096104452</xmin>
            <ymin>49.70293102525685</ymin>
            <xmax>1149.1745023544527</xmax>
            <ymax>349.90506725572453</ymax>
        </bndbox>
    </object>    <object>
        <name>head</name>
        <pose>Unspecified</pose>
        <truncated>0</truncated>
        <difficult>0</difficult>
        <bndbox>
            <xmin>176.2549715909091</xmin>
            <ymin>63.92391690340909</ymin>
            <xmax>438.16415127840907</xmax>
            <ymax>357.7829012784087</ymax>
        </bndbox>
    </object>    <object>
        <name>body</name>
        <pose>Unspecified</pose>
        <truncated>0</truncated>
        <difficult>0</difficult>
        <bndbox>
            <xmin>506.0486505681818</xmin>
            <ymin>349.5999644886364</ymin>
            <xmax>733.8486505681811</xmax>
            <ymax>516.8701804421163</ymax>
        </bndbox>
    </object>
</annotation>
