<annotation>
    <folder></folder>
    <filename>frame_000443</filename>
    <path></path>
    <source>
        <database>Unknown</database>
    </source>
    <size>
        <width>1280</width>
        <height>720</height>
        <depth>3</depth>
    </size>
    <segmented>0</segmented>
    <object>
        <name>head</name>
        <pose>Unspecified</pose>
        <truncated>0</truncated>
        <difficult>0</difficult>
        <bndbox>
            <xmin>564.875</xmin>
            <ymin>201.8447265625</ymin>
            <xmax>687.0707907782671</xmax>
            <ymax>314.0334843953424</ymax>
        </bndbox>
    </object>    <object>
        <name>body</name>
        <pose>Unspecified</pose>
        <truncated>0</truncated>
        <difficult>0</difficult>
        <bndbox>
            <xmin>688.244140625</xmin>
            <ymin>346.3631184895833</ymin>
            <xmax>1262.244140625</xmax>
            <ymax>718.7271484375003</ymax>
        </bndbox>
    </object>    <object>
        <name>body</name>
        <pose>Unspecified</pose>
        <truncated>0</truncated>
        <difficult>0</difficult>
        <bndbox>
            <xmin>39.0341796875</xmin>
            <ymin>343.814453125</ymin>
            <xmax>519.6563641290268</xmax>
            <ymax>705.6491367624731</ymax>
        </bndbox>
    </object>    <object>
        <name>head</name>
        <pose>Unspecified</pose>
        <truncated>0</truncated>
        <difficult>0</difficult>
        <bndbox>
            <xmin>810.09765625</xmin>
            <ymin>54.779296875</ymin>
            <xmax>1188.4486577573007</xmax>
            <ymax>354.98143310546766</ymax>
        </bndbox>
    </object>    <object>
        <name>head</name>
        <pose>Unspecified</pose>
        <truncated>0</truncated>
        <difficult>0</difficult>
        <bndbox>
            <xmin>203.7001953125</xmin>
            <ymin>60.71484375</ymin>
            <xmax>453.691296386718</xmax>
            <ymax>345.5960876464833</ymax>
        </bndbox>
    </object>    <object>
        <name>body</name>
        <pose>Unspecified</pose>
        <truncated>0</truncated>
        <difficult>0</difficult>
        <bndbox>
            <xmin>520.765625</xmin>
            <ymin>316.0859375</ymin>
            <xmax>725.4000000000015</xmax>
            <ymax>530.7000000000007</ymax>
        </bndbox>
    </object>
</annotation>
