<annotation>
    <folder></folder>
    <filename>frame_000178</filename>
    <path></path>
    <source>
        <database>Unknown</database>
    </source>
    <size>
        <width>1280</width>
        <height>720</height>
        <depth>3</depth>
    </size>
    <segmented>0</segmented>
    <object>
        <name>head</name>
        <pose>Unspecified</pose>
        <truncated>0</truncated>
        <difficult>0</difficult>
        <bndbox>
            <xmin>570.6357421875</xmin>
            <ymin>219.53271484375</ymin>
            <xmax>698.5685546874993</xmax>
            <ymax>354.145028686522</ymax>
        </bndbox>
    </object>    <object>
        <name>body</name>
        <pose>Unspecified</pose>
        <truncated>0</truncated>
        <difficult>0</difficult>
        <bndbox>
            <xmin>665.5096061862245</xmin>
            <ymin>368.5445232780612</ymin>
            <xmax>1239.5096061862246</xmax>
            <ymax>720.0</ymax>
        </bndbox>
    </object>    <object>
        <name>body</name>
        <pose>Unspecified</pose>
        <truncated>0</truncated>
        <difficult>0</difficult>
        <bndbox>
            <xmin>10.322157118055555</xmin>
            <ymin>334.65239800347223</ymin>
            <xmax>488.3668909143539</xmax>
            <ymax>715.9517101146545</ymax>
        </bndbox>
    </object>    <object>
        <name>head</name>
        <pose>Unspecified</pose>
        <truncated>0</truncated>
        <difficult>0</difficult>
        <bndbox>
            <xmin>834.5600117722603</xmin>
            <ymin>49.41260434503425</ymin>
            <xmax>1149.451418022261</xmax>
            <ymax>349.6147405755019</ymax>
        </bndbox>
    </object>    <object>
        <name>head</name>
        <pose>Unspecified</pose>
        <truncated>0</truncated>
        <difficult>0</difficult>
        <bndbox>
            <xmin>182.00048828125</xmin>
            <ymin>54.92578125</ymin>
            <xmax>443.90966796875</xmax>
            <ymax>348.78476562499964</ymax>
        </bndbox>
    </object>    <object>
        <name>body</name>
        <pose>Unspecified</pose>
        <truncated>0</truncated>
        <difficult>0</difficult>
        <bndbox>
            <xmin>502.6814453125</xmin>
            <ymin>350.01611328125</ymin>
            <xmax>730.4814453124993</xmax>
            <ymax>513.7161254882812</ymax>
        </bndbox>
    </object>
</annotation>
