<annotation>
    <folder></folder>
    <filename>frame_000295</filename>
    <path></path>
    <source>
        <database>Unknown</database>
    </source>
    <size>
        <width>1280</width>
        <height>720</height>
        <depth>3</depth>
    </size>
    <segmented>0</segmented>
    <object>
        <name>head</name>
        <pose>Unspecified</pose>
        <truncated>0</truncated>
        <difficult>0</difficult>
        <bndbox>
            <xmin>605.3658353365385</xmin>
            <ymin>219.10288962339743</ymin>
            <xmax>705.2502103365399</xmax>
            <ymax>331.281991185896</ymax>
        </bndbox>
    </object>    <object>
        <name>body</name>
        <pose>Unspecified</pose>
        <truncated>0</truncated>
        <difficult>0</difficult>
        <bndbox>
            <xmin>707.47802734375</xmin>
            <ymin>362.98291015625</ymin>
            <xmax>1273.6446940104188</xmax>
            <ymax>718.0749999999998</ymax>
        </bndbox>
    </object>    <object>
        <name>body</name>
        <pose>Unspecified</pose>
        <truncated>0</truncated>
        <difficult>0</difficult>
        <bndbox>
            <xmin>20.087332589285715</xmin>
            <ymin>393.70438058035717</ymin>
            <xmax>541.1397770472956</xmax>
            <ymax>718.4745282854352</ymax>
        </bndbox>
    </object>    <object>
        <name>head</name>
        <pose>Unspecified</pose>
        <truncated>0</truncated>
        <difficult>0</difficult>
        <bndbox>
            <xmin>895.02001953125</xmin>
            <ymin>74.970947265625</ymin>
            <xmax>1208.5646623883931</xmax>
            <ymax>375.17308349609266</ymax>
        </bndbox>
    </object>    <object>
        <name>head</name>
        <pose>Unspecified</pose>
        <truncated>0</truncated>
        <difficult>0</difficult>
        <bndbox>
            <xmin>185.806640625</xmin>
            <ymin>91.23046875</ymin>
            <xmax>461.11506076389196</xmax>
            <ymax>391.59904242621633</ymax>
        </bndbox>
    </object>    <object>
        <name>body</name>
        <pose>Unspecified</pose>
        <truncated>0</truncated>
        <difficult>0</difficult>
        <bndbox>
            <xmin>519.140625</xmin>
            <ymin>323.8784877232143</ymin>
            <xmax>735.893892045455</xmax>
            <ymax>516.9138004451577</ymax>
        </bndbox>
    </object>
</annotation>
