<annotation>
    <folder></folder>
    <filename>frame_000325</filename>
    <path></path>
    <source>
        <database>Unknown</database>
    </source>
    <size>
        <width>1280</width>
        <height>720</height>
        <depth>3</depth>
    </size>
    <segmented>0</segmented>
    <object>
        <name>head</name>
        <pose>Unspecified</pose>
        <truncated>0</truncated>
        <difficult>0</difficult>
        <bndbox>
            <xmin>585.5390625</xmin>
            <ymin>194.751953125</ymin>
            <xmax>685.4234375000015</xmax>
            <ymax>306.93105468749854</ymax>
        </bndbox>
    </object>    <object>
        <name>body</name>
        <pose>Unspecified</pose>
        <truncated>0</truncated>
        <difficult>0</difficult>
        <bndbox>
            <xmin>674.3743024553571</xmin>
            <ymin>342.4107142857143</ymin>
            <xmax>1248.374302455357</xmax>
            <ymax>714.7746093750013</ymax>
        </bndbox>
    </object>    <object>
        <name>body</name>
        <pose>Unspecified</pose>
        <truncated>0</truncated>
        <difficult>0</difficult>
        <bndbox>
            <xmin>16.258463541666664</xmin>
            <ymin>346.6497395833333</ymin>
            <xmax>533.3880208333345</xmax>
            <ymax>718.6998372395852</ymax>
        </bndbox>
    </object>    <object>
        <name>head</name>
        <pose>Unspecified</pose>
        <truncated>0</truncated>
        <difficult>0</difficult>
        <bndbox>
            <xmin>870.87890625</xmin>
            <ymin>56.2970703125</ymin>
            <xmax>1185.7703125000007</xmax>
            <ymax>356.49920654296767</ymax>
        </bndbox>
    </object>    <object>
        <name>head</name>
        <pose>Unspecified</pose>
        <truncated>0</truncated>
        <difficult>0</difficult>
        <bndbox>
            <xmin>224.5380859375</xmin>
            <ymin>79.3408203125</ymin>
            <xmax>500.4323828125016</xmax>
            <ymax>382.2731640625025</ymax>
        </bndbox>
    </object>    <object>
        <name>body</name>
        <pose>Unspecified</pose>
        <truncated>0</truncated>
        <difficult>0</difficult>
        <bndbox>
            <xmin>550.669921875</xmin>
            <ymin>307.103515625</ymin>
            <xmax>723.1981730143234</xmax>
            <ymax>474.17955322265334</ymax>
        </bndbox>
    </object>
</annotation>
