<annotation>
    <folder></folder>
    <filename>frame_000353</filename>
    <path></path>
    <source>
        <database>Unknown</database>
    </source>
    <size>
        <width>1280</width>
        <height>720</height>
        <depth>3</depth>
    </size>
    <segmented>0</segmented>
    <object>
        <name>head</name>
        <pose>Unspecified</pose>
        <truncated>0</truncated>
        <difficult>0</difficult>
        <bndbox>
            <xmin>567.505859375</xmin>
            <ymin>204.48583984375</ymin>
            <xmax>667.3902343750015</xmax>
            <ymax>316.66494140624854</ymax>
        </bndbox>
    </object>    <object>
        <name>body</name>
        <pose>Unspecified</pose>
        <truncated>0</truncated>
        <difficult>0</difficult>
        <bndbox>
            <xmin>693.3498883928571</xmin>
            <ymin>340.576171875</ymin>
            <xmax>1264.207669005102</xmax>
            <ymax>714.3726562500015</ymax>
        </bndbox>
    </object>    <object>
        <name>body</name>
        <pose>Unspecified</pose>
        <truncated>0</truncated>
        <difficult>0</difficult>
        <bndbox>
            <xmin>18.1083984375</xmin>
            <ymin>370.2053710937507</ymin>
            <xmax>506.0851562500011</xmax>
            <ymax>716.6493377685547</ymax>
        </bndbox>
    </object>    <object>
        <name>head</name>
        <pose>Unspecified</pose>
        <truncated>0</truncated>
        <difficult>0</difficult>
        <bndbox>
            <xmin>828.887890625</xmin>
            <ymin>56.7541015625</ymin>
            <xmax>1143.7792968750007</xmax>
            <ymax>356.95623779296767</ymax>
        </bndbox>
    </object>    <object>
        <name>head</name>
        <pose>Unspecified</pose>
        <truncated>0</truncated>
        <difficult>0</difficult>
        <bndbox>
            <xmin>17.0</xmin>
            <ymin>25.365234375</ymin>
            <xmax>300.90000000000146</xmax>
            <ymax>407.40000000000146</ymax>
        </bndbox>
    </object>    <object>
        <name>body</name>
        <pose>Unspecified</pose>
        <truncated>0</truncated>
        <difficult>0</difficult>
        <bndbox>
            <xmin>526.8141601562502</xmin>
            <ymin>300.8883056640625</ymin>
            <xmax>727.7841569900474</xmax>
            <ymax>486.53256149292065</ymax>
        </bndbox>
    </object>
</annotation>
