<annotation>
    <folder></folder>
    <filename>frame_000179</filename>
    <path></path>
    <source>
        <database>Unknown</database>
    </source>
    <size>
        <width>1280</width>
        <height>720</height>
        <depth>3</depth>
    </size>
    <segmented>0</segmented>
    <object>
        <name>head</name>
        <pose>Unspecified</pose>
        <truncated>0</truncated>
        <difficult>0</difficult>
        <bndbox>
            <xmin>572.09375</xmin>
            <ymin>216.16796875</ymin>
            <xmax>700.0265624999993</xmax>
            <ymax>350.780282592772</ymax>
        </bndbox>
    </object>    <object>
        <name>body</name>
        <pose>Unspecified</pose>
        <truncated>0</truncated>
        <difficult>0</difficult>
        <bndbox>
            <xmin>665.2730787627551</xmin>
            <ymin>368.5521630527211</ymin>
            <xmax>1239.2730787627552</xmax>
            <ymax>720.0</ymax>
        </bndbox>
    </object>    <object>
        <name>body</name>
        <pose>Unspecified</pose>
        <truncated>0</truncated>
        <difficult>0</difficult>
        <bndbox>
            <xmin>10.159613715277777</xmin>
            <ymin>333.4021267361111</ymin>
            <xmax>487.5062644675946</xmax>
            <ymax>715.8575638382512</ymax>
        </bndbox>
    </object>    <object>
        <name>head</name>
        <pose>Unspecified</pose>
        <truncated>0</truncated>
        <difficult>0</difficult>
        <bndbox>
            <xmin>834.615394905822</xmin>
            <ymin>49.354539008989725</ymin>
            <xmax>1149.5068011558226</xmax>
            <ymax>349.5566752394574</ymax>
        </bndbox>
    </object>    <object>
        <name>head</name>
        <pose>Unspecified</pose>
        <truncated>0</truncated>
        <difficult>0</difficult>
        <bndbox>
            <xmin>183.1495916193182</xmin>
            <ymin>53.12615411931819</ymin>
            <xmax>445.0587713068182</xmax>
            <ymax>346.9851384943178</ymax>
        </bndbox>
    </object>    <object>
        <name>body</name>
        <pose>Unspecified</pose>
        <truncated>0</truncated>
        <difficult>0</difficult>
        <bndbox>
            <xmin>501.335546875</xmin>
            <ymin>343.7353515625</ymin>
            <xmax>729.1355468749992</xmax>
            <ymax>507.43536376953125</ymax>
        </bndbox>
    </object>
</annotation>
