<annotation>
    <folder></folder>
    <filename>frame_000530</filename>
    <path></path>
    <source>
        <database>Unknown</database>
    </source>
    <size>
        <width>1280</width>
        <height>720</height>
        <depth>3</depth>
    </size>
    <segmented>0</segmented>
    <object>
        <name>head</name>
        <pose>Unspecified</pose>
        <truncated>0</truncated>
        <difficult>0</difficult>
        <bndbox>
            <xmin>570.955078125</xmin>
            <ymin>207.203125</ymin>
            <xmax>680.1453125000007</xmax>
            <ymax>319.38222656249854</ymax>
        </bndbox>
    </object>    <object>
        <name>body</name>
        <pose>Unspecified</pose>
        <truncated>0</truncated>
        <difficult>0</difficult>
        <bndbox>
            <xmin>711.5997488839294</xmin>
            <ymin>352.3885323660717</ymin>
            <xmax>1279.0661551339272</xmax>
            <ymax>701.3131256103516</ymax>
        </bndbox>
    </object>    <object>
        <name>body</name>
        <pose>Unspecified</pose>
        <truncated>0</truncated>
        <difficult>0</difficult>
        <bndbox>
            <xmin>21.86830357142857</xmin>
            <ymin>318.43825334821514</ymin>
            <xmax>520.9926450020919</xmax>
            <ymax>710.849128069197</ymax>
        </bndbox>
    </object>    <object>
        <name>head</name>
        <pose>Unspecified</pose>
        <truncated>0</truncated>
        <difficult>0</difficult>
        <bndbox>
            <xmin>836.1265869140625</xmin>
            <ymin>48.9342041015625</ymin>
            <xmax>1151.0179931640632</xmax>
            <ymax>349.13634033203016</ymax>
        </bndbox>
    </object>    <object>
        <name>head</name>
        <pose>Unspecified</pose>
        <truncated>0</truncated>
        <difficult>0</difficult>
        <bndbox>
            <xmin>220.951171875</xmin>
            <ymin>47.8505859375</ymin>
            <xmax>465.0</xmax>
            <ymax>329.7000000000007</ymax>
        </bndbox>
    </object>    <object>
        <name>body</name>
        <pose>Unspecified</pose>
        <truncated>0</truncated>
        <difficult>0</difficult>
        <bndbox>
            <xmin>513.1171875</xmin>
            <ymin>318.640625</ymin>
            <xmax>734.640634155272</xmax>
            <ymax>517.0947265625</ymax>
        </bndbox>
    </object>
</annotation>
