<annotation>
    <folder></folder>
    <filename>frame_000049</filename>
    <path></path>
    <source>
        <database>Unknown</database>
    </source>
    <size>
        <width>1280</width>
        <height>720</height>
        <depth>3</depth>
    </size>
    <segmented>0</segmented>
    <object>
        <name>head</name>
        <pose>Unspecified</pose>
        <truncated>0</truncated>
        <difficult>0</difficult>
        <bndbox>
            <xmin>599.5162760416666</xmin>
            <ymin>192.00716145833334</ymin>
            <xmax>704.9701822916674</xmax>
            <ymax>325.5458394368482</ymax>
        </bndbox>
    </object>    <object>
        <name>body</name>
        <pose>Unspecified</pose>
        <truncated>0</truncated>
        <difficult>0</difficult>
        <bndbox>
            <xmin>696.0216438137755</xmin>
            <ymin>367.5589923469388</ymin>
            <xmax>1270.0216438137754</xmax>
            <ymax>720.0</ymax>
        </bndbox>
    </object>    <object>
        <name>body</name>
        <pose>Unspecified</pose>
        <truncated>0</truncated>
        <difficult>0</difficult>
        <bndbox>
            <xmin>4.806780133928571</xmin>
            <ymin>356.2626953125</ymin>
            <xmax>578.8834542410722</xmax>
            <ymax>711.1834542410725</ymax>
        </bndbox>
    </object>    <object>
        <name>head</name>
        <pose>Unspecified</pose>
        <truncated>0</truncated>
        <difficult>0</difficult>
        <bndbox>
            <xmin>827.4155875428082</xmin>
            <ymin>56.903032694777394</ymin>
            <xmax>1142.306993792809</xmax>
            <ymax>357.10516892524504</ymax>
        </bndbox>
    </object>    <object>
        <name>head</name>
        <pose>Unspecified</pose>
        <truncated>0</truncated>
        <difficult>0</difficult>
        <bndbox>
            <xmin>161.009765625</xmin>
            <ymin>65.37586805555556</ymin>
            <xmax>422.9189453125</xmax>
            <ymax>359.2348524305552</ymax>
        </bndbox>
    </object>    <object>
        <name>body</name>
        <pose>Unspecified</pose>
        <truncated>0</truncated>
        <difficult>0</difficult>
        <bndbox>
            <xmin>508.16856971153845</xmin>
            <ymin>327.48061899038464</ymin>
            <xmax>735.9685697115377</xmax>
            <ymax>491.1806311974159</ymax>
        </bndbox>
    </object>
</annotation>
