<annotation>
    <folder></folder>
    <filename>frame_000058</filename>
    <path></path>
    <source>
        <database>Unknown</database>
    </source>
    <size>
        <width>1280</width>
        <height>720</height>
        <depth>3</depth>
    </size>
    <segmented>0</segmented>
    <object>
        <name>head</name>
        <pose>Unspecified</pose>
        <truncated>0</truncated>
        <difficult>0</difficult>
        <bndbox>
            <xmin>613.7557291666667</xmin>
            <ymin>197.05442708333334</ymin>
            <xmax>719.2096354166674</xmax>
            <ymax>330.59310506184823</ymax>
        </bndbox>
    </object>    <object>
        <name>body</name>
        <pose>Unspecified</pose>
        <truncated>0</truncated>
        <difficult>0</difficult>
        <bndbox>
            <xmin>693.892897002551</xmin>
            <ymin>367.62775031887753</ymin>
            <xmax>1267.892897002551</xmax>
            <ymax>720.0</ymax>
        </bndbox>
    </object>    <object>
        <name>body</name>
        <pose>Unspecified</pose>
        <truncated>0</truncated>
        <difficult>0</difficult>
        <bndbox>
            <xmin>3.076339285714286</xmin>
            <ymin>356.2416015625</ymin>
            <xmax>555.4174107142865</xmax>
            <ymax>714.3574107142864</ymax>
        </bndbox>
    </object>    <object>
        <name>head</name>
        <pose>Unspecified</pose>
        <truncated>0</truncated>
        <difficult>0</difficult>
        <bndbox>
            <xmin>827.914035744863</xmin>
            <ymin>56.38044467037671</ymin>
            <xmax>1142.8054419948637</xmax>
            <ymax>356.5825809008444</ymax>
        </bndbox>
    </object>    <object>
        <name>head</name>
        <pose>Unspecified</pose>
        <truncated>0</truncated>
        <difficult>0</difficult>
        <bndbox>
            <xmin>187.802734375</xmin>
            <ymin>77.0908203125</ymin>
            <xmax>449.7119140625</xmax>
            <ymax>370.94980468749964</ymax>
        </bndbox>
    </object>    <object>
        <name>body</name>
        <pose>Unspecified</pose>
        <truncated>0</truncated>
        <difficult>0</difficult>
        <bndbox>
            <xmin>506.0979567307692</xmin>
            <ymin>326.1865985576923</ymin>
            <xmax>733.8979567307686</xmax>
            <ymax>489.88661076472357</ymax>
        </bndbox>
    </object>
</annotation>
