<annotation>
    <folder></folder>
    <filename>frame_000045</filename>
    <path></path>
    <source>
        <database>Unknown</database>
    </source>
    <size>
        <width>1280</width>
        <height>720</height>
        <depth>3</depth>
    </size>
    <segmented>0</segmented>
    <object>
        <name>head</name>
        <pose>Unspecified</pose>
        <truncated>0</truncated>
        <difficult>0</difficult>
        <bndbox>
            <xmin>593.1876302083333</xmin>
            <ymin>189.76393229166666</ymin>
            <xmax>698.641536458334</xmax>
            <ymax>323.30261027018156</ymax>
        </bndbox>
    </object>    <object>
        <name>body</name>
        <pose>Unspecified</pose>
        <truncated>0</truncated>
        <difficult>0</difficult>
        <bndbox>
            <xmin>696.967753507653</xmin>
            <ymin>367.52843324829934</ymin>
            <xmax>1270.967753507653</xmax>
            <ymax>720.0</ymax>
        </bndbox>
    </object>    <object>
        <name>body</name>
        <pose>Unspecified</pose>
        <truncated>0</truncated>
        <difficult>0</difficult>
        <bndbox>
            <xmin>5.575864955357143</xmin>
            <ymin>356.2720703125</ymin>
            <xmax>589.3128069196435</xmax>
            <ymax>709.772806919644</ymax>
        </bndbox>
    </object>    <object>
        <name>head</name>
        <pose>Unspecified</pose>
        <truncated>0</truncated>
        <difficult>0</difficult>
        <bndbox>
            <xmin>827.1940550085617</xmin>
            <ymin>57.13529403895548</ymin>
            <xmax>1142.0854612585624</xmax>
            <ymax>357.3374302694231</ymax>
        </bndbox>
    </object>    <object>
        <name>head</name>
        <pose>Unspecified</pose>
        <truncated>0</truncated>
        <difficult>0</difficult>
        <bndbox>
            <xmin>147.052734375</xmin>
            <ymin>63.880642361111114</ymin>
            <xmax>408.9619140625</xmax>
            <ymax>357.7396267361107</ymax>
        </bndbox>
    </object>    <object>
        <name>body</name>
        <pose>Unspecified</pose>
        <truncated>0</truncated>
        <difficult>0</difficult>
        <bndbox>
            <xmin>509.0888421474359</xmin>
            <ymin>328.0557391826923</ymin>
            <xmax>736.8888421474352</xmax>
            <ymax>491.75575138972357</ymax>
        </bndbox>
    </object>
</annotation>
