<annotation>
    <folder></folder>
    <filename>frame_000340</filename>
    <path></path>
    <source>
        <database>Unknown</database>
    </source>
    <size>
        <width>1280</width>
        <height>720</height>
        <depth>3</depth>
    </size>
    <segmented>0</segmented>
    <object>
        <name>head</name>
        <pose>Unspecified</pose>
        <truncated>0</truncated>
        <difficult>0</difficult>
        <bndbox>
            <xmin>589.83251953125</xmin>
            <ymin>212.57568359375</ymin>
            <xmax>689.7168945312515</xmax>
            <ymax>324.75478515624854</ymax>
        </bndbox>
    </object>    <object>
        <name>body</name>
        <pose>Unspecified</pose>
        <truncated>0</truncated>
        <difficult>0</difficult>
        <bndbox>
            <xmin>682.8526785714286</xmin>
            <ymin>340.576171875</ymin>
            <xmax>1255.281568877551</xmax>
            <ymax>714.3726562500015</ymax>
        </bndbox>
    </object>    <object>
        <name>body</name>
        <pose>Unspecified</pose>
        <truncated>0</truncated>
        <difficult>0</difficult>
        <bndbox>
            <xmin>29.580078125</xmin>
            <ymin>371.1553571428573</ymin>
            <xmax>508.00396205357225</xmax>
            <ymax>715.8367527553013</ymax>
        </bndbox>
    </object>    <object>
        <name>head</name>
        <pose>Unspecified</pose>
        <truncated>0</truncated>
        <difficult>0</difficult>
        <bndbox>
            <xmin>854.749765625</xmin>
            <ymin>55.1915625</ymin>
            <xmax>1169.6411718750007</xmax>
            <ymax>355.39369873046763</ymax>
        </bndbox>
    </object>    <object>
        <name>head</name>
        <pose>Unspecified</pose>
        <truncated>0</truncated>
        <difficult>0</difficult>
        <bndbox>
            <xmin>156.634765625</xmin>
            <ymin>79.70000000000073</ymin>
            <xmax>407.2000000000007</xmax>
            <ymax>366.1529235839844</ymax>
        </bndbox>
    </object>    <object>
        <name>body</name>
        <pose>Unspecified</pose>
        <truncated>0</truncated>
        <difficult>0</difficult>
        <bndbox>
            <xmin>530.91015625</xmin>
            <ymin>320.96728515625</ymin>
            <xmax>715.2392517089829</xmax>
            <ymax>487.66253051757667</ymax>
        </bndbox>
    </object>
</annotation>
