<annotation>
    <folder></folder>
    <filename>frame_000364</filename>
    <path></path>
    <source>
        <database>Unknown</database>
    </source>
    <size>
        <width>1280</width>
        <height>720</height>
        <depth>3</depth>
    </size>
    <segmented>0</segmented>
    <object>
        <name>head</name>
        <pose>Unspecified</pose>
        <truncated>0</truncated>
        <difficult>0</difficult>
        <bndbox>
            <xmin>569.08203125</xmin>
            <ymin>204.25390625</ymin>
            <xmax>668.9664062500015</xmax>
            <ymax>316.43300781249854</ymax>
        </bndbox>
    </object>    <object>
        <name>body</name>
        <pose>Unspecified</pose>
        <truncated>0</truncated>
        <difficult>0</difficult>
        <bndbox>
            <xmin>702.2321428571429</xmin>
            <ymin>340.576171875</ymin>
            <xmax>1271.7605229591836</xmax>
            <ymax>714.3726562500015</ymax>
        </bndbox>
    </object>    <object>
        <name>body</name>
        <pose>Unspecified</pose>
        <truncated>0</truncated>
        <difficult>0</difficult>
        <bndbox>
            <xmin>0.0</xmin>
            <ymin>339.9248046875</ymin>
            <xmax>452.8596679687507</xmax>
            <ymax>710.2447869873031</ymax>
        </bndbox>
    </object>    <object>
        <name>head</name>
        <pose>Unspecified</pose>
        <truncated>0</truncated>
        <difficult>0</difficult>
        <bndbox>
            <xmin>817.9296875</xmin>
            <ymin>58.076171875</ymin>
            <xmax>1132.8210937500007</xmax>
            <ymax>358.27830810546766</ymax>
        </bndbox>
    </object>    <object>
        <name>head</name>
        <pose>Unspecified</pose>
        <truncated>0</truncated>
        <difficult>0</difficult>
        <bndbox>
            <xmin>105.384765625</xmin>
            <ymin>63.861328125</ymin>
            <xmax>371.88070312499985</xmax>
            <ymax>344.0036566162107</ymax>
        </bndbox>
    </object>    <object>
        <name>body</name>
        <pose>Unspecified</pose>
        <truncated>0</truncated>
        <difficult>0</difficult>
        <bndbox>
            <xmin>522.328125</xmin>
            <ymin>316.54638671875</ymin>
            <xmax>722.2074469315376</xmax>
            <ymax>496.75593101100094</ymax>
        </bndbox>
    </object>
</annotation>
