<annotation>
    <folder></folder>
    <filename>frame_000351</filename>
    <path></path>
    <source>
        <database>Unknown</database>
    </source>
    <size>
        <width>1280</width>
        <height>720</height>
        <depth>3</depth>
    </size>
    <segmented>0</segmented>
    <object>
        <name>head</name>
        <pose>Unspecified</pose>
        <truncated>0</truncated>
        <difficult>0</difficult>
        <bndbox>
            <xmin>560.612890625</xmin>
            <ymin>209.801171875</ymin>
            <xmax>660.4972656250014</xmax>
            <ymax>321.98027343749857</ymax>
        </bndbox>
    </object>    <object>
        <name>body</name>
        <pose>Unspecified</pose>
        <truncated>0</truncated>
        <difficult>0</difficult>
        <bndbox>
            <xmin>691.7349330357143</xmin>
            <ymin>340.576171875</ymin>
            <xmax>1262.8344228316328</xmax>
            <ymax>714.3726562500015</ymax>
        </bndbox>
    </object>    <object>
        <name>body</name>
        <pose>Unspecified</pose>
        <truncated>0</truncated>
        <difficult>0</difficult>
        <bndbox>
            <xmin>27.78076171875</xmin>
            <ymin>411.71294642857276</ymin>
            <xmax>501.03366350446566</xmax>
            <ymax>713.5101819719587</ymax>
        </bndbox>
    </object>    <object>
        <name>head</name>
        <pose>Unspecified</pose>
        <truncated>0</truncated>
        <difficult>0</difficult>
        <bndbox>
            <xmin>832.866640625</xmin>
            <ymin>56.5137109375</ymin>
            <xmax>1147.7580468750007</xmax>
            <ymax>356.71584716796764</ymax>
        </bndbox>
    </object>    <object>
        <name>head</name>
        <pose>Unspecified</pose>
        <truncated>0</truncated>
        <difficult>0</difficult>
        <bndbox>
            <xmin>115.50732421875</xmin>
            <ymin>65.08919270833455</ymin>
            <xmax>379.0372715212267</xmax>
            <ymax>419.57461722511925</ymax>
        </bndbox>
    </object>    <object>
        <name>body</name>
        <pose>Unspecified</pose>
        <truncated>0</truncated>
        <difficult>0</difficult>
        <bndbox>
            <xmin>527.9815429687505</xmin>
            <ymin>304.9656982421875</ymin>
            <xmax>729.0299520492526</xmax>
            <ymax>492.72325820922924</ymax>
        </bndbox>
    </object>
</annotation>
