<annotation>
    <folder></folder>
    <filename>frame_000446</filename>
    <path></path>
    <source>
        <database>Unknown</database>
    </source>
    <size>
        <width>1280</width>
        <height>720</height>
        <depth>3</depth>
    </size>
    <segmented>0</segmented>
    <object>
        <name>head</name>
        <pose>Unspecified</pose>
        <truncated>0</truncated>
        <difficult>0</difficult>
        <bndbox>
            <xmin>580.0185546875</xmin>
            <ymin>207.11474609375</ymin>
            <xmax>688.8274959988066</xmax>
            <ymax>319.29771016438553</ymax>
        </bndbox>
    </object>    <object>
        <name>body</name>
        <pose>Unspecified</pose>
        <truncated>0</truncated>
        <difficult>0</difficult>
        <bndbox>
            <xmin>688.244140625</xmin>
            <ymin>346.6302083333333</ymin>
            <xmax>1262.244140625</xmax>
            <ymax>718.9281250000003</ymax>
        </bndbox>
    </object>    <object>
        <name>body</name>
        <pose>Unspecified</pose>
        <truncated>0</truncated>
        <difficult>0</difficult>
        <bndbox>
            <xmin>23.409765625</xmin>
            <ymin>351.6171875</ymin>
            <xmax>525.6482013177207</xmax>
            <ymax>716.8</ymax>
        </bndbox>
    </object>    <object>
        <name>head</name>
        <pose>Unspecified</pose>
        <truncated>0</truncated>
        <difficult>0</difficult>
        <bndbox>
            <xmin>841.6360677083334</xmin>
            <ymin>60.46302083333345</ymin>
            <xmax>1126.5180448717972</xmax>
            <ymax>347.99474822215535</ymax>
        </bndbox>
    </object>    <object>
        <name>head</name>
        <pose>Unspecified</pose>
        <truncated>0</truncated>
        <difficult>0</difficult>
        <bndbox>
            <xmin>173.07584635416666</xmin>
            <ymin>81.08854166666667</ymin>
            <xmax>420.3688378906251</xmax>
            <ymax>361.3290275065089</ymax>
        </bndbox>
    </object>    <object>
        <name>body</name>
        <pose>Unspecified</pose>
        <truncated>0</truncated>
        <difficult>0</difficult>
        <bndbox>
            <xmin>522.3662109375</xmin>
            <ymin>319.75634765625</ymin>
            <xmax>724.2138671875018</xmax>
            <ymax>501.13874511718495</ymax>
        </bndbox>
    </object>
</annotation>
