<annotation>
    <folder></folder>
    <filename>frame_000216</filename>
    <path></path>
    <source>
        <database>Unknown</database>
    </source>
    <size>
        <width>1280</width>
        <height>720</height>
        <depth>3</depth>
    </size>
    <segmented>0</segmented>
    <object>
        <name>head</name>
        <pose>Unspecified</pose>
        <truncated>0</truncated>
        <difficult>0</difficult>
        <bndbox>
            <xmin>561.3426649305555</xmin>
            <ymin>189.021484375</ymin>
            <xmax>689.2754774305548</xmax>
            <ymax>323.633798217772</ymax>
        </bndbox>
    </object>    <object>
        <name>body</name>
        <pose>Unspecified</pose>
        <truncated>0</truncated>
        <difficult>0</difficult>
        <bndbox>
            <xmin>691.0268179086538</xmin>
            <ymin>364.21976412259613</ymin>
            <xmax>1265.0268179086538</xmax>
            <ymax>715.6064828725962</ymax>
        </bndbox>
    </object>    <object>
        <name>body</name>
        <pose>Unspecified</pose>
        <truncated>0</truncated>
        <difficult>0</difficult>
        <bndbox>
            <xmin>3.6673677884615383</xmin>
            <ymin>333.15175781250025</ymin>
            <xmax>531.2589693509623</xmax>
            <ymax>695.6747802734395</ymax>
        </bndbox>
    </object>    <object>
        <name>head</name>
        <pose>Unspecified</pose>
        <truncated>0</truncated>
        <difficult>0</difficult>
        <bndbox>
            <xmin>836.6647135416666</xmin>
            <ymin>57.40234375</ymin>
            <xmax>1151.5561197916675</xmax>
            <ymax>357.60447998046766</ymax>
        </bndbox>
    </object>    <object>
        <name>head</name>
        <pose>Unspecified</pose>
        <truncated>0</truncated>
        <difficult>0</difficult>
        <bndbox>
            <xmin>134.36379825367646</xmin>
            <ymin>79.34742647058823</ymin>
            <xmax>396.27297794117646</xmax>
            <ymax>373.20641084558787</ymax>
        </bndbox>
    </object>    <object>
        <name>body</name>
        <pose>Unspecified</pose>
        <truncated>0</truncated>
        <difficult>0</difficult>
        <bndbox>
            <xmin>506.9191706730769</xmin>
            <ymin>309.8318058894231</ymin>
            <xmax>734.7191706730762</xmax>
            <ymax>508.30017747145143</ymax>
        </bndbox>
    </object>
</annotation>
