<annotation>
    <folder></folder>
    <filename>frame_000270</filename>
    <path></path>
    <source>
        <database>Unknown</database>
    </source>
    <size>
        <width>1280</width>
        <height>720</height>
        <depth>3</depth>
    </size>
    <segmented>0</segmented>
    <object>
        <name>head</name>
        <pose>Unspecified</pose>
        <truncated>0</truncated>
        <difficult>0</difficult>
        <bndbox>
            <xmin>587.4609375</xmin>
            <ymin>214.96126302083334</ymin>
            <xmax>687.3453125000015</xmax>
            <ymax>327.14036458333186</ymax>
        </bndbox>
    </object>    <object>
        <name>body</name>
        <pose>Unspecified</pose>
        <truncated>0</truncated>
        <difficult>0</difficult>
        <bndbox>
            <xmin>701.513671875</xmin>
            <ymin>361.1249408143944</ymin>
            <xmax>1275.513671875</xmax>
            <ymax>707.6138890861749</ymax>
        </bndbox>
    </object>    <object>
        <name>body</name>
        <pose>Unspecified</pose>
        <truncated>0</truncated>
        <difficult>0</difficult>
        <bndbox>
            <xmin>7.388427734375</xmin>
            <ymin>355.53314208984375</ymin>
            <xmax>529.3726074218757</xmax>
            <ymax>718.9500000000003</ymax>
        </bndbox>
    </object>    <object>
        <name>head</name>
        <pose>Unspecified</pose>
        <truncated>0</truncated>
        <difficult>0</difficult>
        <bndbox>
            <xmin>835.1</xmin>
            <ymin>60.212565104166664</ymin>
            <xmax>1149.9914062500006</xmax>
            <ymax>360.41470133463434</ymax>
        </bndbox>
    </object>    <object>
        <name>head</name>
        <pose>Unspecified</pose>
        <truncated>0</truncated>
        <difficult>0</difficult>
        <bndbox>
            <xmin>212.65201822916666</xmin>
            <ymin>88.14561631944444</ymin>
            <xmax>461.5707899305562</xmax>
            <ymax>385.88726128472223</ymax>
        </bndbox>
    </object>    <object>
        <name>body</name>
        <pose>Unspecified</pose>
        <truncated>0</truncated>
        <difficult>0</difficult>
        <bndbox>
            <xmin>521.2461438301282</xmin>
            <ymin>320.5745442708333</ymin>
            <xmax>713.2150741185894</xmax>
            <ymax>501.42030185797154</ymax>
        </bndbox>
    </object>
</annotation>
