<annotation>
    <folder></folder>
    <filename>frame_000457</filename>
    <path></path>
    <source>
        <database>Unknown</database>
    </source>
    <size>
        <width>1280</width>
        <height>720</height>
        <depth>3</depth>
    </size>
    <segmented>0</segmented>
    <object>
        <name>head</name>
        <pose>Unspecified</pose>
        <truncated>0</truncated>
        <difficult>0</difficult>
        <bndbox>
            <xmin>569.185546875</xmin>
            <ymin>211.06406250000055</ymin>
            <xmax>678.4265625000007</xmax>
            <ymax>327.8988273620598</ymax>
        </bndbox>
    </object>    <object>
        <name>body</name>
        <pose>Unspecified</pose>
        <truncated>0</truncated>
        <difficult>0</difficult>
        <bndbox>
            <xmin>688.244140625</xmin>
            <ymin>347.6095377604167</ymin>
            <xmax>1262.244140625</xmax>
            <ymax>719.6650390625001</ymax>
        </bndbox>
    </object>    <object>
        <name>body</name>
        <pose>Unspecified</pose>
        <truncated>0</truncated>
        <difficult>0</difficult>
        <bndbox>
            <xmin>3.5072544642857144</xmin>
            <ymin>348.802734375</ymin>
            <xmax>530.8216815476189</xmax>
            <ymax>716.5714285714286</ymax>
        </bndbox>
    </object>    <object>
        <name>head</name>
        <pose>Unspecified</pose>
        <truncated>0</truncated>
        <difficult>0</difficult>
        <bndbox>
            <xmin>877.033203125</xmin>
            <ymin>48.505859375</ymin>
            <xmax>1167.1549218750042</xmax>
            <ymax>338.24988037109324</ymax>
        </bndbox>
    </object>    <object>
        <name>head</name>
        <pose>Unspecified</pose>
        <truncated>0</truncated>
        <difficult>0</difficult>
        <bndbox>
            <xmin>141.5830078125</xmin>
            <ymin>38.0810546875</ymin>
            <xmax>429.5366536458332</xmax>
            <ymax>331.59770100911555</ymax>
        </bndbox>
    </object>    <object>
        <name>body</name>
        <pose>Unspecified</pose>
        <truncated>0</truncated>
        <difficult>0</difficult>
        <bndbox>
            <xmin>511.10546875</xmin>
            <ymin>326.9394066220238</ymin>
            <xmax>713.8249241358833</xmax>
            <ymax>488.5357747723288</ymax>
        </bndbox>
    </object>
</annotation>
