<annotation>
    <folder></folder>
    <filename>frame_000222</filename>
    <path></path>
    <source>
        <database>Unknown</database>
    </source>
    <size>
        <width>1280</width>
        <height>720</height>
        <depth>3</depth>
    </size>
    <segmented>0</segmented>
    <object>
        <name>head</name>
        <pose>Unspecified</pose>
        <truncated>0</truncated>
        <difficult>0</difficult>
        <bndbox>
            <xmin>578.4329427083334</xmin>
            <ymin>191.21321614583334</ymin>
            <xmax>706.3657552083326</xmax>
            <ymax>325.8255299886053</ymax>
        </bndbox>
    </object>    <object>
        <name>body</name>
        <pose>Unspecified</pose>
        <truncated>0</truncated>
        <difficult>0</difficult>
        <bndbox>
            <xmin>696.7469200721154</xmin>
            <ymin>365.39321664663464</ymin>
            <xmax>1270.7469200721155</xmax>
            <ymax>716.7799353966346</ymax>
        </bndbox>
    </object>    <object>
        <name>body</name>
        <pose>Unspecified</pose>
        <truncated>0</truncated>
        <difficult>0</difficult>
        <bndbox>
            <xmin>3.60546875</xmin>
            <ymin>321.9762695312502</ymin>
            <xmax>531.1970703125007</xmax>
            <ymax>693.8360198974624</ymax>
        </bndbox>
    </object>    <object>
        <name>head</name>
        <pose>Unspecified</pose>
        <truncated>0</truncated>
        <difficult>0</difficult>
        <bndbox>
            <xmin>836.9972043504902</xmin>
            <ymin>57.077320772058826</ymin>
            <xmax>1151.888610600491</xmax>
            <ymax>357.2794570025265</ymax>
        </bndbox>
    </object>    <object>
        <name>head</name>
        <pose>Unspecified</pose>
        <truncated>0</truncated>
        <difficult>0</difficult>
        <bndbox>
            <xmin>114.244140625</xmin>
            <ymin>86.70000000000073</ymin>
            <xmax>363.2322265624989</xmax>
            <ymax>381.3115234375</ymax>
        </bndbox>
    </object>    <object>
        <name>body</name>
        <pose>Unspecified</pose>
        <truncated>0</truncated>
        <difficult>0</difficult>
        <bndbox>
            <xmin>500.86328125</xmin>
            <ymin>315.70947265625</ymin>
            <xmax>728.6632812499993</xmax>
            <ymax>514.1778442382783</ymax>
        </bndbox>
    </object>
</annotation>
