<annotation>
    <folder></folder>
    <filename>frame_000338</filename>
    <path></path>
    <source>
        <database>Unknown</database>
    </source>
    <size>
        <width>1280</width>
        <height>720</height>
        <depth>3</depth>
    </size>
    <segmented>0</segmented>
    <object>
        <name>head</name>
        <pose>Unspecified</pose>
        <truncated>0</truncated>
        <difficult>0</difficult>
        <bndbox>
            <xmin>583.5703125</xmin>
            <ymin>213.744140625</ymin>
            <xmax>683.4546875000015</xmax>
            <ymax>325.92324218749854</ymax>
        </bndbox>
    </object>    <object>
        <name>body</name>
        <pose>Unspecified</pose>
        <truncated>0</truncated>
        <difficult>0</difficult>
        <bndbox>
            <xmin>681.2377232142857</xmin>
            <ymin>340.576171875</ymin>
            <xmax>1253.9083227040817</xmax>
            <ymax>714.3726562500015</ymax>
        </bndbox>
    </object>    <object>
        <name>body</name>
        <pose>Unspecified</pose>
        <truncated>0</truncated>
        <difficult>0</difficult>
        <bndbox>
            <xmin>29.9072265625</xmin>
            <ymin>363.78125</ymin>
            <xmax>509.2712890625007</xmax>
            <ymax>716.259765625</ymax>
        </bndbox>
    </object>    <object>
        <name>head</name>
        <pose>Unspecified</pose>
        <truncated>0</truncated>
        <difficult>0</difficult>
        <bndbox>
            <xmin>858.728515625</xmin>
            <ymin>54.951171875</ymin>
            <xmax>1173.6199218750007</xmax>
            <ymax>355.15330810546766</ymax>
        </bndbox>
    </object>    <object>
        <name>head</name>
        <pose>Unspecified</pose>
        <truncated>0</truncated>
        <difficult>0</difficult>
        <bndbox>
            <xmin>133.654296875</xmin>
            <ymin>75.8251953125</ymin>
            <xmax>411.3542968750007</xmax>
            <ymax>381.00742187500146</ymax>
        </bndbox>
    </object>    <object>
        <name>body</name>
        <pose>Unspecified</pose>
        <truncated>0</truncated>
        <difficult>0</difficult>
        <bndbox>
            <xmin>530.91015625</xmin>
            <ymin>328.4345703125</ymin>
            <xmax>698.1785034179666</xmax>
            <ymax>487.6625244140596</ymax>
        </bndbox>
    </object>
</annotation>
