<annotation>
    <folder></folder>
    <filename>frame_000153</filename>
    <path></path>
    <source>
        <database>Unknown</database>
    </source>
    <size>
        <width>1280</width>
        <height>720</height>
        <depth>3</depth>
    </size>
    <segmented>0</segmented>
    <object>
        <name>head</name>
        <pose>Unspecified</pose>
        <truncated>0</truncated>
        <difficult>0</difficult>
        <bndbox>
            <xmin>601.5221354166666</xmin>
            <ymin>183.79947916666666</ymin>
            <xmax>727.9563541666681</xmax>
            <ymax>317.3381571451816</ymax>
        </bndbox>
    </object>    <object>
        <name>body</name>
        <pose>Unspecified</pose>
        <truncated>0</truncated>
        <difficult>0</difficult>
        <bndbox>
            <xmin>671.4227917729592</xmin>
            <ymin>368.35352891156464</ymin>
            <xmax>1245.4227917729593</xmax>
            <ymax>720.0</ymax>
        </bndbox>
    </object>    <object>
        <name>body</name>
        <pose>Unspecified</pose>
        <truncated>0</truncated>
        <difficult>0</difficult>
        <bndbox>
            <xmin>14.3857421875</xmin>
            <ymin>365.9091796875</ymin>
            <xmax>509.88255208333675</xmax>
            <ymax>718.3053670247391</ymax>
        </bndbox>
    </object>    <object>
        <name>head</name>
        <pose>Unspecified</pose>
        <truncated>0</truncated>
        <difficult>0</difficult>
        <bndbox>
            <xmin>833.1754334332192</xmin>
            <ymin>50.86423774614726</ymin>
            <xmax>1148.06683968322</xmax>
            <ymax>351.0663739766149</ymax>
        </bndbox>
    </object>    <object>
        <name>head</name>
        <pose>Unspecified</pose>
        <truncated>0</truncated>
        <difficult>0</difficult>
        <bndbox>
            <xmin>131.0294744318182</xmin>
            <ymin>72.1493252840909</ymin>
            <xmax>392.9386541193182</xmax>
            <ymax>366.00830965909086</ymax>
        </bndbox>
    </object>    <object>
        <name>body</name>
        <pose>Unspecified</pose>
        <truncated>0</truncated>
        <difficult>0</difficult>
        <bndbox>
            <xmin>514.8137335526316</xmin>
            <ymin>318.93271998355266</ymin>
            <xmax>742.6137335526308</xmax>
            <ymax>501.9046619828188</ymax>
        </bndbox>
    </object>
</annotation>
