<annotation>
    <folder></folder>
    <filename>frame_000402</filename>
    <path></path>
    <source>
        <database>Unknown</database>
    </source>
    <size>
        <width>1280</width>
        <height>720</height>
        <depth>3</depth>
    </size>
    <segmented>0</segmented>
    <object>
        <name>head</name>
        <pose>Unspecified</pose>
        <truncated>0</truncated>
        <difficult>0</difficult>
        <bndbox>
            <xmin>565.437890625</xmin>
            <ymin>228.1369140625</ymin>
            <xmax>665.3222656250015</xmax>
            <ymax>340.31601562499856</ymax>
        </bndbox>
    </object>    <object>
        <name>body</name>
        <pose>Unspecified</pose>
        <truncated>0</truncated>
        <difficult>0</difficult>
        <bndbox>
            <xmin>688.244140625</xmin>
            <ymin>342.712890625</ymin>
            <xmax>1262.244140625</xmax>
            <ymax>715.980468750001</ymax>
        </bndbox>
    </object>    <object>
        <name>body</name>
        <pose>Unspecified</pose>
        <truncated>0</truncated>
        <difficult>0</difficult>
        <bndbox>
            <xmin>23.536075367647058</xmin>
            <ymin>374.58235294117765</ymin>
            <xmax>520.7984885620942</xmax>
            <ymax>703.0039798512179</ymax>
        </bndbox>
    </object>    <object>
        <name>head</name>
        <pose>Unspecified</pose>
        <truncated>0</truncated>
        <difficult>0</difficult>
        <bndbox>
            <xmin>846.0013950892858</xmin>
            <ymin>57.635323660714285</ymin>
            <xmax>1160.8928013392865</xmax>
            <ymax>357.83745989118194</ymax>
        </bndbox>
    </object>    <object>
        <name>head</name>
        <pose>Unspecified</pose>
        <truncated>0</truncated>
        <difficult>0</difficult>
        <bndbox>
            <xmin>176.18044704861111</xmin>
            <ymin>62.73036024305556</ymin>
            <xmax>453.8804470486118</xmax>
            <ymax>367.912586805557</ymax>
        </bndbox>
    </object>    <object>
        <name>body</name>
        <pose>Unspecified</pose>
        <truncated>0</truncated>
        <difficult>0</difficult>
        <bndbox>
            <xmin>513.8355823863636</xmin>
            <ymin>340.36337002840907</ymin>
            <xmax>713.8254261363651</xmax>
            <ymax>499.59132412996865</ymax>
        </bndbox>
    </object>
</annotation>
