<annotation>
    <folder></folder>
    <filename>frame_000410</filename>
    <path></path>
    <source>
        <database>Unknown</database>
    </source>
    <size>
        <width>1280</width>
        <height>720</height>
        <depth>3</depth>
    </size>
    <segmented>0</segmented>
    <object>
        <name>head</name>
        <pose>Unspecified</pose>
        <truncated>0</truncated>
        <difficult>0</difficult>
        <bndbox>
            <xmin>576.654296875</xmin>
            <ymin>219.5380859375</ymin>
            <xmax>676.5386718750015</xmax>
            <ymax>331.71718749999854</ymax>
        </bndbox>
    </object>    <object>
        <name>body</name>
        <pose>Unspecified</pose>
        <truncated>0</truncated>
        <difficult>0</difficult>
        <bndbox>
            <xmin>688.244140625</xmin>
            <ymin>343.4251302083333</ymin>
            <xmax>1262.244140625</xmax>
            <ymax>716.516406250001</ymax>
        </bndbox>
    </object>    <object>
        <name>body</name>
        <pose>Unspecified</pose>
        <truncated>0</truncated>
        <difficult>0</difficult>
        <bndbox>
            <xmin>23.593017578125</xmin>
            <ymin>388.37500000000136</ymin>
            <xmax>519.517236328129</xmax>
            <ymax>701.0562591552734</ymax>
        </bndbox>
    </object>    <object>
        <name>head</name>
        <pose>Unspecified</pose>
        <truncated>0</truncated>
        <difficult>0</difficult>
        <bndbox>
            <xmin>823.8612607758621</xmin>
            <ymin>62.92800377155172</ymin>
            <xmax>1138.7526670258628</xmax>
            <ymax>363.1301400020194</ymax>
        </bndbox>
    </object>    <object>
        <name>head</name>
        <pose>Unspecified</pose>
        <truncated>0</truncated>
        <difficult>0</difficult>
        <bndbox>
            <xmin>144.941162109375</xmin>
            <ymin>83.7255859375</ymin>
            <xmax>422.64116210937345</xmax>
            <ymax>388.90781250000146</ymax>
        </bndbox>
    </object>    <object>
        <name>body</name>
        <pose>Unspecified</pose>
        <truncated>0</truncated>
        <difficult>0</difficult>
        <bndbox>
            <xmin>511.400390625</xmin>
            <ymin>325.5732421875</ymin>
            <xmax>711.3902343750015</xmax>
            <ymax>508.1228881835923</ymax>
        </bndbox>
    </object>
</annotation>
