<annotation>
    <folder></folder>
    <filename>frame_000239</filename>
    <path></path>
    <source>
        <database>Unknown</database>
    </source>
    <size>
        <width>1280</width>
        <height>720</height>
        <depth>3</depth>
    </size>
    <segmented>0</segmented>
    <object>
        <name>head</name>
        <pose>Unspecified</pose>
        <truncated>0</truncated>
        <difficult>0</difficult>
        <bndbox>
            <xmin>546.771484375</xmin>
            <ymin>191.9423828125</ymin>
            <xmax>669.094609374999</xmax>
            <ymax>322.06805419921756</ymax>
        </bndbox>
    </object>    <object>
        <name>body</name>
        <pose>Unspecified</pose>
        <truncated>0</truncated>
        <difficult>0</difficult>
        <bndbox>
            <xmin>701.513671875</xmin>
            <ymin>357.95499320652175</ymin>
            <xmax>1275.513671875</xmax>
            <ymax>713.8236650815227</ymax>
        </bndbox>
    </object>    <object>
        <name>body</name>
        <pose>Unspecified</pose>
        <truncated>0</truncated>
        <difficult>0</difficult>
        <bndbox>
            <xmin>8.557348632812591</xmin>
            <ymin>329.7250000000013</ymin>
            <xmax>532.0784652709967</xmax>
            <ymax>707.8397407531738</ymax>
        </bndbox>
    </object>    <object>
        <name>head</name>
        <pose>Unspecified</pose>
        <truncated>0</truncated>
        <difficult>0</difficult>
        <bndbox>
            <xmin>837.9392616421569</xmin>
            <ymin>56.156422334558826</ymin>
            <xmax>1152.8306678921576</xmax>
            <ymax>356.3585585650265</ymax>
        </bndbox>
    </object>    <object>
        <name>head</name>
        <pose>Unspecified</pose>
        <truncated>0</truncated>
        <difficult>0</difficult>
        <bndbox>
            <xmin>147.20345052083334</xmin>
            <ymin>86.96299913194444</ymin>
            <xmax>383.27044270833477</xmax>
            <ymax>339.33838365342774</ymax>
        </bndbox>
    </object>    <object>
        <name>body</name>
        <pose>Unspecified</pose>
        <truncated>0</truncated>
        <difficult>0</difficult>
        <bndbox>
            <xmin>497.07421875</xmin>
            <ymin>314.353515625</ymin>
            <xmax>724.8742187499993</xmax>
            <ymax>512.8218872070283</ymax>
        </bndbox>
    </object>
</annotation>
