<annotation>
    <folder></folder>
    <filename>frame_000472</filename>
    <path></path>
    <source>
        <database>Unknown</database>
    </source>
    <size>
        <width>1280</width>
        <height>720</height>
        <depth>3</depth>
    </size>
    <segmented>0</segmented>
    <object>
        <name>head</name>
        <pose>Unspecified</pose>
        <truncated>0</truncated>
        <difficult>0</difficult>
        <bndbox>
            <xmin>584.785546875</xmin>
            <ymin>211.0337890625</ymin>
            <xmax>684.6699218750015</xmax>
            <ymax>323.2128906249985</ymax>
        </bndbox>
    </object>    <object>
        <name>body</name>
        <pose>Unspecified</pose>
        <truncated>0</truncated>
        <difficult>0</difficult>
        <bndbox>
            <xmin>688.244140625</xmin>
            <ymin>368.08705357142884</ymin>
            <xmax>1262.244140625</xmax>
            <ymax>720.0</ymax>
        </bndbox>
    </object>    <object>
        <name>body</name>
        <pose>Unspecified</pose>
        <truncated>0</truncated>
        <difficult>0</difficult>
        <bndbox>
            <xmin>9.50497159090909</xmin>
            <ymin>360.3560901988636</ymin>
            <xmax>522.9875627367404</xmax>
            <ymax>720.0</ymax>
        </bndbox>
    </object>    <object>
        <name>head</name>
        <pose>Unspecified</pose>
        <truncated>0</truncated>
        <difficult>0</difficult>
        <bndbox>
            <xmin>798.972265625</xmin>
            <ymin>63.951953125</ymin>
            <xmax>1096.239086538466</xmax>
            <ymax>356.71273813101106</ymax>
        </bndbox>
    </object>    <object>
        <name>head</name>
        <pose>Unspecified</pose>
        <truncated>0</truncated>
        <difficult>0</difficult>
        <bndbox>
            <xmin>125.9921875</xmin>
            <ymin>67.9658203125</ymin>
            <xmax>393.6115429687503</xmax>
            <ymax>361.3804864501959</ymax>
        </bndbox>
    </object>    <object>
        <name>body</name>
        <pose>Unspecified</pose>
        <truncated>0</truncated>
        <difficult>0</difficult>
        <bndbox>
            <xmin>523.673828125</xmin>
            <ymin>324.3940662202381</ymin>
            <xmax>730.9426362373484</xmax>
            <ymax>489.9377911184544</ymax>
        </bndbox>
    </object>
</annotation>
