<annotation>
    <folder></folder>
    <filename>frame_000473</filename>
    <path></path>
    <source>
        <database>Unknown</database>
    </source>
    <size>
        <width>1280</width>
        <height>720</height>
        <depth>3</depth>
    </size>
    <segmented>0</segmented>
    <object>
        <name>head</name>
        <pose>Unspecified</pose>
        <truncated>0</truncated>
        <difficult>0</difficult>
        <bndbox>
            <xmin>589.551953125</xmin>
            <ymin>211.68828125</ymin>
            <xmax>689.4363281250014</xmax>
            <ymax>323.86738281249853</ymax>
        </bndbox>
    </object>    <object>
        <name>body</name>
        <pose>Unspecified</pose>
        <truncated>0</truncated>
        <difficult>0</difficult>
        <bndbox>
            <xmin>688.244140625</xmin>
            <ymin>370.0902901785717</ymin>
            <xmax>1262.244140625</xmax>
            <ymax>720.0</ymax>
        </bndbox>
    </object>    <object>
        <name>body</name>
        <pose>Unspecified</pose>
        <truncated>0</truncated>
        <difficult>0</difficult>
        <bndbox>
            <xmin>9.904829545454545</xmin>
            <ymin>360.3797052556818</ymin>
            <xmax>522.4652982954523</xmax>
            <ymax>720.0</ymax>
        </bndbox>
    </object>    <object>
        <name>head</name>
        <pose>Unspecified</pose>
        <truncated>0</truncated>
        <difficult>0</difficult>
        <bndbox>
            <xmin>783.08203125</xmin>
            <ymin>65.1181640625</ymin>
            <xmax>1080.8251923076969</xmax>
            <ymax>358.0800666691721</ymax>
        </bndbox>
    </object>    <object>
        <name>head</name>
        <pose>Unspecified</pose>
        <truncated>0</truncated>
        <difficult>0</difficult>
        <bndbox>
            <xmin>124.68359375</xmin>
            <ymin>72.8232421875</ymin>
            <xmax>388.94273437500016</xmax>
            <ymax>362.31538818359405</ymax>
        </bndbox>
    </object>    <object>
        <name>body</name>
        <pose>Unspecified</pose>
        <truncated>0</truncated>
        <difficult>0</difficult>
        <bndbox>
            <xmin>524.51171875</xmin>
            <ymin>324.22437686011904</ymin>
            <xmax>732.0838170441127</xmax>
            <ymax>490.03125887486283</ymax>
        </bndbox>
    </object>
</annotation>
