<annotation>
    <folder></folder>
    <filename>frame_000240</filename>
    <path></path>
    <source>
        <database>Unknown</database>
    </source>
    <size>
        <width>1280</width>
        <height>720</height>
        <depth>3</depth>
    </size>
    <segmented>0</segmented>
    <object>
        <name>head</name>
        <pose>Unspecified</pose>
        <truncated>0</truncated>
        <difficult>0</difficult>
        <bndbox>
            <xmin>540.0546875</xmin>
            <ymin>194.41015625</ymin>
            <xmax>659.5729687499988</xmax>
            <ymax>322.2925064086903</ymax>
        </bndbox>
    </object>    <object>
        <name>body</name>
        <pose>Unspecified</pose>
        <truncated>0</truncated>
        <difficult>0</difficult>
        <bndbox>
            <xmin>701.513671875</xmin>
            <ymin>357.2536514945652</ymin>
            <xmax>1275.513671875</xmax>
            <ymax>713.4958194633163</ymax>
        </bndbox>
    </object>    <object>
        <name>body</name>
        <pose>Unspecified</pose>
        <truncated>0</truncated>
        <difficult>0</difficult>
        <bndbox>
            <xmin>10.031823730468886</xmin>
            <ymin>332.1375000000012</ymin>
            <xmax>531.5176979064947</xmax>
            <ymax>707.3911571502686</ymax>
        </bndbox>
    </object>    <object>
        <name>head</name>
        <pose>Unspecified</pose>
        <truncated>0</truncated>
        <difficult>0</difficult>
        <bndbox>
            <xmin>837.9946767769608</xmin>
            <ymin>56.1022518382353</ymin>
            <xmax>1152.8860830269616</xmax>
            <ymax>356.30438806870296</ymax>
        </bndbox>
    </object>    <object>
        <name>head</name>
        <pose>Unspecified</pose>
        <truncated>0</truncated>
        <difficult>0</difficult>
        <bndbox>
            <xmin>151.51529947916666</xmin>
            <ymin>88.37521701388889</ymin>
            <xmax>387.58229166666814</xmax>
            <ymax>340.7506015353722</ymax>
        </bndbox>
    </object>    <object>
        <name>body</name>
        <pose>Unspecified</pose>
        <truncated>0</truncated>
        <difficult>0</difficult>
        <bndbox>
            <xmin>498.64453125</xmin>
            <ymin>315.8115234375</ymin>
            <xmax>726.4445312499993</xmax>
            <ymax>514.2798950195283</ymax>
        </bndbox>
    </object>
</annotation>
