<annotation>
    <folder></folder>
    <filename>frame_000209</filename>
    <path></path>
    <source>
        <database>Unknown</database>
    </source>
    <size>
        <width>1280</width>
        <height>720</height>
        <depth>3</depth>
    </size>
    <segmented>0</segmented>
    <object>
        <name>head</name>
        <pose>Unspecified</pose>
        <truncated>0</truncated>
        <difficult>0</difficult>
        <bndbox>
            <xmin>574.0380859375</xmin>
            <ymin>180.669921875</ymin>
            <xmax>701.9708984374993</xmax>
            <ymax>315.282235717772</ymax>
        </bndbox>
    </object>    <object>
        <name>body</name>
        <pose>Unspecified</pose>
        <truncated>0</truncated>
        <difficult>0</difficult>
        <bndbox>
            <xmin>684.3533653846154</xmin>
            <ymin>362.85073617788464</ymin>
            <xmax>1258.3533653846155</xmax>
            <ymax>714.2374549278846</ymax>
        </bndbox>
    </object>    <object>
        <name>body</name>
        <pose>Unspecified</pose>
        <truncated>0</truncated>
        <difficult>0</difficult>
        <bndbox>
            <xmin>5.177058293269231</xmin>
            <ymin>346.8003906250006</ymin>
            <xmax>532.76865985577</xmax>
            <ymax>709.323413085938</ymax>
        </bndbox>
    </object>    <object>
        <name>head</name>
        <pose>Unspecified</pose>
        <truncated>0</truncated>
        <difficult>0</difficult>
        <bndbox>
            <xmin>836.2768075980392</xmin>
            <ymin>57.7815372242647</ymin>
            <xmax>1151.1682138480398</xmax>
            <ymax>357.98367345473235</ymax>
        </bndbox>
    </object>    <object>
        <name>head</name>
        <pose>Unspecified</pose>
        <truncated>0</truncated>
        <difficult>0</difficult>
        <bndbox>
            <xmin>156.31761259191177</xmin>
            <ymin>72.46886488970588</ymin>
            <xmax>418.22679227941177</xmax>
            <ymax>366.3278492647055</ymax>
        </bndbox>
    </object>    <object>
        <name>body</name>
        <pose>Unspecified</pose>
        <truncated>0</truncated>
        <difficult>0</difficult>
        <bndbox>
            <xmin>506.41541466346155</xmin>
            <ymin>308.46251502403845</ymin>
            <xmax>734.2154146634608</xmax>
            <ymax>506.9308866060668</ymax>
        </bndbox>
    </object>
</annotation>
