<annotation>
    <folder></folder>
    <filename>frame_000215</filename>
    <path></path>
    <source>
        <database>Unknown</database>
    </source>
    <size>
        <width>1280</width>
        <height>720</height>
        <depth>3</depth>
    </size>
    <segmented>0</segmented>
    <object>
        <name>head</name>
        <pose>Unspecified</pose>
        <truncated>0</truncated>
        <difficult>0</difficult>
        <bndbox>
            <xmin>561.2647569444445</xmin>
            <ymin>187.4296875</ymin>
            <xmax>689.1975694444437</xmax>
            <ymax>322.042001342772</ymax>
        </bndbox>
    </object>    <object>
        <name>body</name>
        <pose>Unspecified</pose>
        <truncated>0</truncated>
        <difficult>0</difficult>
        <bndbox>
            <xmin>690.0734675480769</xmin>
            <ymin>364.0241887019231</ymin>
            <xmax>1264.073467548077</xmax>
            <ymax>715.4109074519231</ymax>
        </bndbox>
    </object>    <object>
        <name>body</name>
        <pose>Unspecified</pose>
        <truncated>0</truncated>
        <difficult>0</difficult>
        <bndbox>
            <xmin>3.8830378605769234</xmin>
            <ymin>335.1015625000003</ymin>
            <xmax>531.4746394230776</xmax>
            <ymax>697.6245849609393</ymax>
        </bndbox>
    </object>    <object>
        <name>head</name>
        <pose>Unspecified</pose>
        <truncated>0</truncated>
        <difficult>0</difficult>
        <bndbox>
            <xmin>836.6092984068628</xmin>
            <ymin>57.45651424632353</ymin>
            <xmax>1151.5007046568635</xmax>
            <ymax>357.6586504767912</ymax>
        </bndbox>
    </object>    <object>
        <name>head</name>
        <pose>Unspecified</pose>
        <truncated>0</truncated>
        <difficult>0</difficult>
        <bndbox>
            <xmin>137.50005744485293</xmin>
            <ymin>78.36477481617646</ymin>
            <xmax>399.4092371323529</xmax>
            <ymax>372.2237591911761</ymax>
        </bndbox>
    </object>    <object>
        <name>body</name>
        <pose>Unspecified</pose>
        <truncated>0</truncated>
        <difficult>0</difficult>
        <bndbox>
            <xmin>506.84720552884613</xmin>
            <ymin>309.63619290865387</ymin>
            <xmax>734.6472055288455</xmax>
            <ymax>508.1045644906822</ymax>
        </bndbox>
    </object>
</annotation>
