<annotation>
    <folder></folder>
    <filename>frame_000221</filename>
    <path></path>
    <source>
        <database>Unknown</database>
    </source>
    <size>
        <width>1280</width>
        <height>720</height>
        <depth>3</depth>
    </size>
    <segmented>0</segmented>
    <object>
        <name>head</name>
        <pose>Unspecified</pose>
        <truncated>0</truncated>
        <difficult>0</difficult>
        <bndbox>
            <xmin>584.919921875</xmin>
            <ymin>195.79296875</ymin>
            <xmax>712.8527343749993</xmax>
            <ymax>330.405282592772</ymax>
        </bndbox>
    </object>    <object>
        <name>body</name>
        <pose>Unspecified</pose>
        <truncated>0</truncated>
        <difficult>0</difficult>
        <bndbox>
            <xmin>695.7935697115385</xmin>
            <ymin>365.19764122596155</ymin>
            <xmax>1269.7935697115386</xmax>
            <ymax>716.5843599759615</ymax>
        </bndbox>
    </object>    <object>
        <name>body</name>
        <pose>Unspecified</pose>
        <truncated>0</truncated>
        <difficult>0</difficult>
        <bndbox>
            <xmin>3.205078125</xmin>
            <ymin>323.6644042968751</ymin>
            <xmax>530.7966796875007</xmax>
            <ymax>690.8557907104514</ymax>
        </bndbox>
    </object>    <object>
        <name>head</name>
        <pose>Unspecified</pose>
        <truncated>0</truncated>
        <difficult>0</difficult>
        <bndbox>
            <xmin>836.9417892156863</xmin>
            <ymin>57.131491268382355</ymin>
            <xmax>1151.833195465687</xmax>
            <ymax>357.33362749885003</ymax>
        </bndbox>
    </object>    <object>
        <name>head</name>
        <pose>Unspecified</pose>
        <truncated>0</truncated>
        <difficult>0</difficult>
        <bndbox>
            <xmin>206.404296875</xmin>
            <ymin>68.4580078125</ymin>
            <xmax>457.9766015624991</xmax>
            <ymax>345.7235522460942</ymax>
        </bndbox>
    </object>    <object>
        <name>body</name>
        <pose>Unspecified</pose>
        <truncated>0</truncated>
        <difficult>0</difficult>
        <bndbox>
            <xmin>504.03515625</xmin>
            <ymin>313.161865234375</ymin>
            <xmax>731.8351562499993</xmax>
            <ymax>511.63023681640334</ymax>
        </bndbox>
    </object>
</annotation>
