<annotation>
    <folder></folder>
    <filename>frame_000197</filename>
    <path></path>
    <source>
        <database>Unknown</database>
    </source>
    <size>
        <width>1280</width>
        <height>720</height>
        <depth>3</depth>
    </size>
    <segmented>0</segmented>
    <object>
        <name>head</name>
        <pose>Unspecified</pose>
        <truncated>0</truncated>
        <difficult>0</difficult>
        <bndbox>
            <xmin>586.0</xmin>
            <ymin>221.775390625</ymin>
            <xmax>713.9328124999993</xmax>
            <ymax>356.387704467772</ymax>
        </bndbox>
    </object>    <object>
        <name>body</name>
        <pose>Unspecified</pose>
        <truncated>0</truncated>
        <difficult>0</difficult>
        <bndbox>
            <xmin>672.9135044642857</xmin>
            <ymin>363.37960379464283</ymin>
            <xmax>1246.9135044642858</xmax>
            <ymax>714.7663225446429</ymax>
        </bndbox>
    </object>    <object>
        <name>body</name>
        <pose>Unspecified</pose>
        <truncated>0</truncated>
        <difficult>0</difficult>
        <bndbox>
            <xmin>12.15087890625</xmin>
            <ymin>345.90185546875</ymin>
            <xmax>529.052748325892</xmax>
            <ymax>700.3495605468761</ymax>
        </bndbox>
    </object>    <object>
        <name>head</name>
        <pose>Unspecified</pose>
        <truncated>0</truncated>
        <difficult>0</difficult>
        <bndbox>
            <xmin>835.6119791666666</xmin>
            <ymin>56.188259548611114</ymin>
            <xmax>1150.5033854166675</xmax>
            <ymax>356.39039577907874</ymax>
        </bndbox>
    </object>    <object>
        <name>head</name>
        <pose>Unspecified</pose>
        <truncated>0</truncated>
        <difficult>0</difficult>
        <bndbox>
            <xmin>160.02287946428572</xmin>
            <ymin>64.63616071428571</ymin>
            <xmax>421.9320591517857</xmax>
            <ymax>358.49514508928536</ymax>
        </bndbox>
    </object>    <object>
        <name>body</name>
        <pose>Unspecified</pose>
        <truncated>0</truncated>
        <difficult>0</difficult>
        <bndbox>
            <xmin>496.177734375</xmin>
            <ymin>349.568359375</ymin>
            <xmax>723.9777343749993</xmax>
            <ymax>513.2683715820312</ymax>
        </bndbox>
    </object>
</annotation>
