<annotation>
    <folder></folder>
    <filename>frame_000395</filename>
    <path></path>
    <source>
        <database>Unknown</database>
    </source>
    <size>
        <width>1280</width>
        <height>720</height>
        <depth>3</depth>
    </size>
    <segmented>0</segmented>
    <object>
        <name>head</name>
        <pose>Unspecified</pose>
        <truncated>0</truncated>
        <difficult>0</difficult>
        <bndbox>
            <xmin>563.96240234375</xmin>
            <ymin>212.45610351562527</ymin>
            <xmax>693.460644531252</xmax>
            <ymax>334.42592658996546</ymax>
        </bndbox>
    </object>    <object>
        <name>body</name>
        <pose>Unspecified</pose>
        <truncated>0</truncated>
        <difficult>0</difficult>
        <bndbox>
            <xmin>688.244140625</xmin>
            <ymin>342.0896809895833</ymin>
            <xmax>1262.244140625</xmax>
            <ymax>715.5115234375012</ymax>
        </bndbox>
    </object>    <object>
        <name>body</name>
        <pose>Unspecified</pose>
        <truncated>0</truncated>
        <difficult>0</difficult>
        <bndbox>
            <xmin>23.486213235294116</xmin>
            <ymin>352.2647058823538</ymin>
            <xmax>521.9195465686292</xmax>
            <ymax>704.7082770852481</ymax>
        </bndbox>
    </object>    <object>
        <name>head</name>
        <pose>Unspecified</pose>
        <truncated>0</truncated>
        <difficult>0</difficult>
        <bndbox>
            <xmin>871.4965122767857</xmin>
            <ymin>50.952706473214285</ymin>
            <xmax>1186.3879185267865</xmax>
            <ymax>351.15484270368194</ymax>
        </bndbox>
    </object>    <object>
        <name>head</name>
        <pose>Unspecified</pose>
        <truncated>0</truncated>
        <difficult>0</difficult>
        <bndbox>
            <xmin>136.319580078125</xmin>
            <ymin>46.080810546875</ymin>
            <xmax>438.73244171142596</xmax>
            <ymax>364.01113281250036</ymax>
        </bndbox>
    </object>    <object>
        <name>body</name>
        <pose>Unspecified</pose>
        <truncated>0</truncated>
        <difficult>0</difficult>
        <bndbox>
            <xmin>516.703515625</xmin>
            <ymin>333.948828125</ymin>
            <xmax>716.6933593750015</xmax>
            <ymax>519.5632910156252</ymax>
        </bndbox>
    </object>
</annotation>
