<annotation>
    <folder></folder>
    <filename>frame_000300</filename>
    <path></path>
    <source>
        <database>Unknown</database>
    </source>
    <size>
        <width>1280</width>
        <height>720</height>
        <depth>3</depth>
    </size>
    <segmented>0</segmented>
    <object>
        <name>head</name>
        <pose>Unspecified</pose>
        <truncated>0</truncated>
        <difficult>0</difficult>
        <bndbox>
            <xmin>587.2802734375</xmin>
            <ymin>203.3857421875</ymin>
            <xmax>687.1646484375015</xmax>
            <ymax>315.56484374999854</ymax>
        </bndbox>
    </object>    <object>
        <name>body</name>
        <pose>Unspecified</pose>
        <truncated>0</truncated>
        <difficult>0</difficult>
        <bndbox>
            <xmin>699.6097237723214</xmin>
            <ymin>365.34249441964283</ymin>
            <xmax>1273.6097237723213</xmax>
            <ymax>719.7990234375001</ymax>
        </bndbox>
    </object>    <object>
        <name>body</name>
        <pose>Unspecified</pose>
        <truncated>0</truncated>
        <difficult>0</difficult>
        <bndbox>
            <xmin>26.781198601973685</xmin>
            <ymin>349.09693667763156</ymin>
            <xmax>544.5033665707244</xmax>
            <ymax>719.7000000000004</ymax>
        </bndbox>
    </object>    <object>
        <name>head</name>
        <pose>Unspecified</pose>
        <truncated>0</truncated>
        <difficult>0</difficult>
        <bndbox>
            <xmin>870.87890625</xmin>
            <ymin>73.12080078125</ymin>
            <xmax>1185.7703125000007</xmax>
            <ymax>373.32293701171767</ymax>
        </bndbox>
    </object>    <object>
        <name>head</name>
        <pose>Unspecified</pose>
        <truncated>0</truncated>
        <difficult>0</difficult>
        <bndbox>
            <xmin>172.42805989583334</xmin>
            <ymin>78.25618489583333</ymin>
            <xmax>441.09954427083477</xmax>
            <ymax>372.1889973958344</ymax>
        </bndbox>
    </object>    <object>
        <name>body</name>
        <pose>Unspecified</pose>
        <truncated>0</truncated>
        <difficult>0</difficult>
        <bndbox>
            <xmin>508.513671875</xmin>
            <ymin>308.6900390625</ymin>
            <xmax>736.3136718749993</xmax>
            <ymax>507.1584106445283</ymax>
        </bndbox>
    </object>
</annotation>
