<annotation>
    <folder></folder>
    <filename>frame_000525</filename>
    <path></path>
    <source>
        <database>Unknown</database>
    </source>
    <size>
        <width>1280</width>
        <height>720</height>
        <depth>3</depth>
    </size>
    <segmented>0</segmented>
    <object>
        <name>head</name>
        <pose>Unspecified</pose>
        <truncated>0</truncated>
        <difficult>0</difficult>
        <bndbox>
            <xmin>575.0768229166666</xmin>
            <ymin>201.26312934027777</ymin>
            <xmax>684.2670572916674</xmax>
            <ymax>313.4422309027763</ymax>
        </bndbox>
    </object>    <object>
        <name>body</name>
        <pose>Unspecified</pose>
        <truncated>0</truncated>
        <difficult>0</difficult>
        <bndbox>
            <xmin>711.5998883928587</xmin>
            <ymin>356.7282366071434</ymin>
            <xmax>1279.0662946428565</xmax>
            <ymax>695.6262512207031</ymax>
        </bndbox>
    </object>    <object>
        <name>body</name>
        <pose>Unspecified</pose>
        <truncated>0</truncated>
        <difficult>0</difficult>
        <bndbox>
            <xmin>20.19921875</xmin>
            <ymin>326.2119140625</ymin>
            <xmax>530.3014929199198</xmax>
            <ymax>708.7849609375007</ymax>
        </bndbox>
    </object>    <object>
        <name>head</name>
        <pose>Unspecified</pose>
        <truncated>0</truncated>
        <difficult>0</difficult>
        <bndbox>
            <xmin>824.735595703125</xmin>
            <ymin>55.067626953125</ymin>
            <xmax>1139.6270019531257</xmax>
            <ymax>355.26976318359266</ymax>
        </bndbox>
    </object>    <object>
        <name>head</name>
        <pose>Unspecified</pose>
        <truncated>0</truncated>
        <difficult>0</difficult>
        <bndbox>
            <xmin>195.060546875</xmin>
            <ymin>60.375</ymin>
            <xmax>439.1583984375011</xmax>
            <ymax>326.3320251464829</ymax>
        </bndbox>
    </object>    <object>
        <name>body</name>
        <pose>Unspecified</pose>
        <truncated>0</truncated>
        <difficult>0</difficult>
        <bndbox>
            <xmin>513.9484375</xmin>
            <ymin>312.66171875</ymin>
            <xmax>735.4718841552719</xmax>
            <ymax>503.7108723958343</ymax>
        </bndbox>
    </object>
</annotation>
