<annotation>
    <folder></folder>
    <filename>frame_000281</filename>
    <path></path>
    <source>
        <database>Unknown</database>
    </source>
    <size>
        <width>1280</width>
        <height>720</height>
        <depth>3</depth>
    </size>
    <segmented>0</segmented>
    <object>
        <name>head</name>
        <pose>Unspecified</pose>
        <truncated>0</truncated>
        <difficult>0</difficult>
        <bndbox>
            <xmin>595.3390925480769</xmin>
            <ymin>216.78357872596155</ymin>
            <xmax>695.2234675480784</xmax>
            <ymax>328.9626802884601</ymax>
        </bndbox>
    </object>    <object>
        <name>body</name>
        <pose>Unspecified</pose>
        <truncated>0</truncated>
        <difficult>0</difficult>
        <bndbox>
            <xmin>701.513671875</xmin>
            <ymin>367.1115293560613</ymin>
            <xmax>1275.513671875</xmax>
            <ymax>706.1819782788826</ymax>
        </bndbox>
    </object>    <object>
        <name>body</name>
        <pose>Unspecified</pose>
        <truncated>0</truncated>
        <difficult>0</difficult>
        <bndbox>
            <xmin>1.57958984375</xmin>
            <ymin>315.6937255859375</ymin>
            <xmax>523.5637695312507</xmax>
            <ymax>715.1000000000013</ymax>
        </bndbox>
    </object>    <object>
        <name>head</name>
        <pose>Unspecified</pose>
        <truncated>0</truncated>
        <difficult>0</difficult>
        <bndbox>
            <xmin>836.358984375</xmin>
            <ymin>69.50813802083333</ymin>
            <xmax>1151.2503906250008</xmax>
            <ymax>369.710274251301</ymax>
        </bndbox>
    </object>    <object>
        <name>head</name>
        <pose>Unspecified</pose>
        <truncated>0</truncated>
        <difficult>0</difficult>
        <bndbox>
            <xmin>138.66178385416669</xmin>
            <ymin>63.07975260416667</ymin>
            <xmax>404.64826822917047</xmax>
            <ymax>346.2352994791666</ymax>
        </bndbox>
    </object>    <object>
        <name>body</name>
        <pose>Unspecified</pose>
        <truncated>0</truncated>
        <difficult>0</difficult>
        <bndbox>
            <xmin>526.7984775641025</xmin>
            <ymin>317.9713541666667</ymin>
            <xmax>701.6308092948717</xmax>
            <ymax>490.3889050605966</ymax>
        </bndbox>
    </object>
</annotation>
