<annotation>
    <folder></folder>
    <filename>frame_000018</filename>
    <path></path>
    <source>
        <database>Unknown</database>
    </source>
    <size>
        <width>1280</width>
        <height>720</height>
        <depth>3</depth>
    </size>
    <segmented>0</segmented>
    <object>
        <name>head</name>
        <pose>Unspecified</pose>
        <truncated>0</truncated>
        <difficult>0</difficult>
        <bndbox>
            <xmin>593.8515625</xmin>
            <ymin>154.443359375</ymin>
            <xmax>716.1000000000022</xmax>
            <ymax>312.6453125000007</ymax>
        </bndbox>
    </object>    <object>
        <name>body</name>
        <pose>Unspecified</pose>
        <truncated>0</truncated>
        <difficult>0</difficult>
        <bndbox>
            <xmin>777.765625</xmin>
            <ymin>343.939453125</ymin>
            <xmax>1280.0</xmax>
            <ymax>709.90625</ymax>
        </bndbox>
    </object>    <object>
        <name>body</name>
        <pose>Unspecified</pose>
        <truncated>0</truncated>
        <difficult>0</difficult>
        <bndbox>
            <xmin>8.333984375</xmin>
            <ymin>319.3000000000011</ymin>
            <xmax>565.7279296874985</xmax>
            <ymax>720.0</ymax>
        </bndbox>
    </object>    <object>
        <name>head</name>
        <pose>Unspecified</pose>
        <truncated>0</truncated>
        <difficult>0</difficult>
        <bndbox>
            <xmin>903.404296875</xmin>
            <ymin>0.0</ymin>
            <xmax>1216.0</xmax>
            <ymax>347.3000000000011</ymax>
        </bndbox>
    </object>    <object>
        <name>head</name>
        <pose>Unspecified</pose>
        <truncated>0</truncated>
        <difficult>0</difficult>
        <bndbox>
            <xmin>192.9111328125</xmin>
            <ymin>87.099609375</ymin>
            <xmax>452.5</xmax>
            <ymax>313.7000000000007</ymax>
        </bndbox>
    </object>    <object>
        <name>body</name>
        <pose>Unspecified</pose>
        <truncated>0</truncated>
        <difficult>0</difficult>
        <bndbox>
            <xmin>545.513671875</xmin>
            <ymin>314.806640625</ymin>
            <xmax>756.5</xmax>
            <ymax>578.3747863769531</ymax>
        </bndbox>
    </object>
</annotation>
