<annotation>
    <folder></folder>
    <filename>frame_000520</filename>
    <path></path>
    <source>
        <database>Unknown</database>
    </source>
    <size>
        <width>1280</width>
        <height>720</height>
        <depth>3</depth>
    </size>
    <segmented>0</segmented>
    <object>
        <name>head</name>
        <pose>Unspecified</pose>
        <truncated>0</truncated>
        <difficult>0</difficult>
        <bndbox>
            <xmin>574.97265625</xmin>
            <ymin>205.521484375</ymin>
            <xmax>684.1628906250007</xmax>
            <ymax>317.70058593749854</ymax>
        </bndbox>
    </object>    <object>
        <name>body</name>
        <pose>Unspecified</pose>
        <truncated>0</truncated>
        <difficult>0</difficult>
        <bndbox>
            <xmin>710.868945312502</xmin>
            <ymin>358.8656808035721</ymin>
            <xmax>1279.06640625</xmax>
            <ymax>691.0767521449499</ymax>
        </bndbox>
    </object>    <object>
        <name>body</name>
        <pose>Unspecified</pose>
        <truncated>0</truncated>
        <difficult>0</difficult>
        <bndbox>
            <xmin>14.283203125000304</xmin>
            <ymin>334.1554361979167</ymin>
            <xmax>535.3634100341793</xmax>
            <ymax>718.1308268229168</ymax>
        </bndbox>
    </object>    <object>
        <name>head</name>
        <pose>Unspecified</pose>
        <truncated>0</truncated>
        <difficult>0</difficult>
        <bndbox>
            <xmin>813.3446044921875</xmin>
            <ymin>61.2010498046875</ymin>
            <xmax>1128.2360107421882</xmax>
            <ymax>361.40318603515516</ymax>
        </bndbox>
    </object>    <object>
        <name>head</name>
        <pose>Unspecified</pose>
        <truncated>0</truncated>
        <difficult>0</difficult>
        <bndbox>
            <xmin>158.32958984375</xmin>
            <ymin>73.83349609375</ymin>
            <xmax>402.4274414062511</xmax>
            <ymax>339.7905212402329</ymax>
        </bndbox>
    </object>    <object>
        <name>body</name>
        <pose>Unspecified</pose>
        <truncated>0</truncated>
        <difficult>0</difficult>
        <bndbox>
            <xmin>514.986328125</xmin>
            <ymin>321.70703125</ymin>
            <xmax>736.509774780272</xmax>
            <ymax>503.5</ymax>
        </bndbox>
    </object>
</annotation>
