<annotation>
    <folder></folder>
    <filename>frame_000193</filename>
    <path></path>
    <source>
        <database>Unknown</database>
    </source>
    <size>
        <width>1280</width>
        <height>720</height>
        <depth>3</depth>
    </size>
    <segmented>0</segmented>
    <object>
        <name>head</name>
        <pose>Unspecified</pose>
        <truncated>0</truncated>
        <difficult>0</difficult>
        <bndbox>
            <xmin>580.4296875</xmin>
            <ymin>183.41796875</ymin>
            <xmax>708.3624999999993</xmax>
            <ymax>318.030282592772</ymax>
        </bndbox>
    </object>    <object>
        <name>body</name>
        <pose>Unspecified</pose>
        <truncated>0</truncated>
        <difficult>0</difficult>
        <bndbox>
            <xmin>669.1004464285714</xmin>
            <ymin>365.4730747767857</ymin>
            <xmax>1243.1004464285713</xmax>
            <ymax>716.8597935267857</ymax>
        </bndbox>
    </object>    <object>
        <name>body</name>
        <pose>Unspecified</pose>
        <truncated>0</truncated>
        <difficult>0</difficult>
        <bndbox>
            <xmin>0.3740234375</xmin>
            <ymin>343.982421875</ymin>
            <xmax>513.0</xmax>
            <ymax>695.2000000000007</ymax>
        </bndbox>
    </object>    <object>
        <name>head</name>
        <pose>Unspecified</pose>
        <truncated>0</truncated>
        <difficult>0</difficult>
        <bndbox>
            <xmin>835.390625</xmin>
            <ymin>51.918294270833336</ymin>
            <xmax>1150.2820312500007</xmax>
            <ymax>352.120430501301</ymax>
        </bndbox>
    </object>    <object>
        <name>head</name>
        <pose>Unspecified</pose>
        <truncated>0</truncated>
        <difficult>0</difficult>
        <bndbox>
            <xmin>127.328125</xmin>
            <ymin>65.984375</ymin>
            <xmax>389.2373046875</xmax>
            <ymax>359.84335937499964</ymax>
        </bndbox>
    </object>    <object>
        <name>body</name>
        <pose>Unspecified</pose>
        <truncated>0</truncated>
        <difficult>0</difficult>
        <bndbox>
            <xmin>506.376953125</xmin>
            <ymin>324.4765625</ymin>
            <xmax>732.9259114583328</xmax>
            <ymax>487.09864850725353</ymax>
        </bndbox>
    </object>
</annotation>
