<annotation>
    <folder></folder>
    <filename>frame_000500</filename>
    <path></path>
    <source>
        <database>Unknown</database>
    </source>
    <size>
        <width>1280</width>
        <height>720</height>
        <depth>3</depth>
    </size>
    <segmented>0</segmented>
    <object>
        <name>head</name>
        <pose>Unspecified</pose>
        <truncated>0</truncated>
        <difficult>0</difficult>
        <bndbox>
            <xmin>561.875</xmin>
            <ymin>205.59877232142858</ymin>
            <xmax>671.0652343750007</xmax>
            <ymax>317.7778738839271</ymax>
        </bndbox>
    </object>    <object>
        <name>body</name>
        <pose>Unspecified</pose>
        <truncated>0</truncated>
        <difficult>0</difficult>
        <bndbox>
            <xmin>687.7355143229166</xmin>
            <ymin>351.3330891927083</ymin>
            <xmax>1265.4366861979167</xmax>
            <ymax>700.8903157552098</ymax>
        </bndbox>
    </object>    <object>
        <name>body</name>
        <pose>Unspecified</pose>
        <truncated>0</truncated>
        <difficult>0</difficult>
        <bndbox>
            <xmin>21.090657552083332</xmin>
            <ymin>338.1455078125</ymin>
            <xmax>508.753821614581</xmax>
            <ymax>713.5854492187491</ymax>
        </bndbox>
    </object>    <object>
        <name>head</name>
        <pose>Unspecified</pose>
        <truncated>0</truncated>
        <difficult>0</difficult>
        <bndbox>
            <xmin>835.3256138392857</xmin>
            <ymin>52.69517299107143</ymin>
            <xmax>1145.929958791209</xmax>
            <ymax>351.08725081558924</ymax>
        </bndbox>
    </object>    <object>
        <name>head</name>
        <pose>Unspecified</pose>
        <truncated>0</truncated>
        <difficult>0</difficult>
        <bndbox>
            <xmin>125.65888671875018</xmin>
            <ymin>59.86669921875</ymin>
            <xmax>415.7312454223638</xmax>
            <ymax>347.7112854003899</ymax>
        </bndbox>
    </object>    <object>
        <name>body</name>
        <pose>Unspecified</pose>
        <truncated>0</truncated>
        <difficult>0</difficult>
        <bndbox>
            <xmin>516.764404296875</xmin>
            <ymin>314.63714599609375</ymin>
            <xmax>732.5253374986235</xmax>
            <ymax>487.54927015707426</ymax>
        </bndbox>
    </object>
</annotation>
