<annotation>
    <folder></folder>
    <filename>frame_000516</filename>
    <path></path>
    <source>
        <database>Unknown</database>
    </source>
    <size>
        <width>1280</width>
        <height>720</height>
        <depth>3</depth>
    </size>
    <segmented>0</segmented>
    <object>
        <name>head</name>
        <pose>Unspecified</pose>
        <truncated>0</truncated>
        <difficult>0</difficult>
        <bndbox>
            <xmin>557.6373697916666</xmin>
            <ymin>203.728515625</ymin>
            <xmax>666.8276041666674</xmax>
            <ymax>315.90761718749854</ymax>
        </bndbox>
    </object>    <object>
        <name>body</name>
        <pose>Unspecified</pose>
        <truncated>0</truncated>
        <difficult>0</difficult>
        <bndbox>
            <xmin>707.9447265625014</xmin>
            <ymin>353.5284040178576</ymin>
            <xmax>1279.06640625</xmax>
            <ymax>691.0767538888119</ymax>
        </bndbox>
    </object>    <object>
        <name>body</name>
        <pose>Unspecified</pose>
        <truncated>0</truncated>
        <difficult>0</difficult>
        <bndbox>
            <xmin>17.899916294643063</xmin>
            <ymin>328.13364955357144</ymin>
            <xmax>522.3563964843753</xmax>
            <ymax>713.1701450892839</ymax>
        </bndbox>
    </object>    <object>
        <name>head</name>
        <pose>Unspecified</pose>
        <truncated>0</truncated>
        <difficult>0</difficult>
        <bndbox>
            <xmin>825.6462053571429</xmin>
            <ymin>57.26060267857143</ymin>
            <xmax>1140.5376116071436</xmax>
            <ymax>357.4627389090391</ymax>
        </bndbox>
    </object>    <object>
        <name>head</name>
        <pose>Unspecified</pose>
        <truncated>0</truncated>
        <difficult>0</difficult>
        <bndbox>
            <xmin>165.6005859375</xmin>
            <ymin>46.044921875</ymin>
            <xmax>452.6176818847671</xmax>
            <ymax>332.03367004394386</ymax>
        </bndbox>
    </object>    <object>
        <name>body</name>
        <pose>Unspecified</pose>
        <truncated>0</truncated>
        <difficult>0</difficult>
        <bndbox>
            <xmin>516.3046875</xmin>
            <ymin>317.379638671875</ymin>
            <xmax>736.9182636099795</xmax>
            <ymax>494.5022766972961</ymax>
        </bndbox>
    </object>
</annotation>
