<annotation>
    <folder></folder>
    <filename>frame_000038</filename>
    <path></path>
    <source>
        <database>Unknown</database>
    </source>
    <size>
        <width>1280</width>
        <height>720</height>
        <depth>3</depth>
    </size>
    <segmented>0</segmented>
    <object>
        <name>head</name>
        <pose>Unspecified</pose>
        <truncated>0</truncated>
        <difficult>0</difficult>
        <bndbox>
            <xmin>606.634765625</xmin>
            <ymin>190.100390625</ymin>
            <xmax>712.0886718750007</xmax>
            <ymax>323.6390686035149</ymax>
        </bndbox>
    </object>    <object>
        <name>body</name>
        <pose>Unspecified</pose>
        <truncated>0</truncated>
        <difficult>0</difficult>
        <bndbox>
            <xmin>700.7669270833334</xmin>
            <ymin>352.91015625</ymin>
            <xmax>1274.7669270833333</xmax>
            <ymax>709.9055989583334</ymax>
        </bndbox>
    </object>    <object>
        <name>body</name>
        <pose>Unspecified</pose>
        <truncated>0</truncated>
        <difficult>0</difficult>
        <bndbox>
            <xmin>6.168701171875</xmin>
            <ymin>356.4730631510417</ymin>
            <xmax>604.3960449218757</xmax>
            <ymax>707.8437662760431</ymax>
        </bndbox>
    </object>    <object>
        <name>head</name>
        <pose>Unspecified</pose>
        <truncated>0</truncated>
        <difficult>0</difficult>
        <bndbox>
            <xmin>873.12109375</xmin>
            <ymin>61.6796875</ymin>
            <xmax>1188.0125000000007</xmax>
            <ymax>361.88182373046766</ymax>
        </bndbox>
    </object>    <object>
        <name>head</name>
        <pose>Unspecified</pose>
        <truncated>0</truncated>
        <difficult>0</difficult>
        <bndbox>
            <xmin>202.63216145833334</xmin>
            <ymin>64.63102213541667</ymin>
            <xmax>464.5413411458333</xmax>
            <ymax>367.4594726562497</ymax>
        </bndbox>
    </object>    <object>
        <name>body</name>
        <pose>Unspecified</pose>
        <truncated>0</truncated>
        <difficult>0</difficult>
        <bndbox>
            <xmin>510.6993189102564</xmin>
            <ymin>329.0621995192308</ymin>
            <xmax>738.4993189102557</xmax>
            <ymax>492.762211726262</ymax>
        </bndbox>
    </object>
</annotation>
