<annotation>
    <folder></folder>
    <filename>frame_000411</filename>
    <path></path>
    <source>
        <database>Unknown</database>
    </source>
    <size>
        <width>1280</width>
        <height>720</height>
        <depth>3</depth>
    </size>
    <segmented>0</segmented>
    <object>
        <name>head</name>
        <pose>Unspecified</pose>
        <truncated>0</truncated>
        <difficult>0</difficult>
        <bndbox>
            <xmin>562.0028645833336</xmin>
            <ymin>214.4587239583337</ymin>
            <xmax>677.1695317586273</xmax>
            <ymax>331.92747344970604</ymax>
        </bndbox>
    </object>    <object>
        <name>body</name>
        <pose>Unspecified</pose>
        <truncated>0</truncated>
        <difficult>0</difficult>
        <bndbox>
            <xmin>688.244140625</xmin>
            <ymin>343.51416015625</ymin>
            <xmax>1262.244140625</xmax>
            <ymax>716.5833984375009</ymax>
        </bndbox>
    </object>    <object>
        <name>body</name>
        <pose>Unspecified</pose>
        <truncated>0</truncated>
        <difficult>0</difficult>
        <bndbox>
            <xmin>23.60009765625</xmin>
            <ymin>379.8500000000013</ymin>
            <xmax>519.3570421006989</xmax>
            <ymax>700.8128356933594</ymax>
        </bndbox>
    </object>    <object>
        <name>head</name>
        <pose>Unspecified</pose>
        <truncated>0</truncated>
        <difficult>0</difficult>
        <bndbox>
            <xmin>823.7176724137931</xmin>
            <ymin>62.71036503232759</ymin>
            <xmax>1138.6090786637938</xmax>
            <ymax>362.9125012627952</ymax>
        </bndbox>
    </object>    <object>
        <name>head</name>
        <pose>Unspecified</pose>
        <truncated>0</truncated>
        <difficult>0</difficult>
        <bndbox>
            <xmin>157.96533203125</xmin>
            <ymin>74.8232421875</ymin>
            <xmax>435.665332031248</xmax>
            <ymax>380.00546875000146</ymax>
        </bndbox>
    </object>    <object>
        <name>body</name>
        <pose>Unspecified</pose>
        <truncated>0</truncated>
        <difficult>0</difficult>
        <bndbox>
            <xmin>512.128359375</xmin>
            <ymin>324.7296484375</ymin>
            <xmax>712.1182031250014</xmax>
            <ymax>506.6655656995256</ymax>
        </bndbox>
    </object>
</annotation>
