<annotation>
    <folder></folder>
    <filename>frame_000348</filename>
    <path></path>
    <source>
        <database>Unknown</database>
    </source>
    <size>
        <width>1280</width>
        <height>720</height>
        <depth>3</depth>
    </size>
    <segmented>0</segmented>
    <object>
        <name>head</name>
        <pose>Unspecified</pose>
        <truncated>0</truncated>
        <difficult>0</difficult>
        <bndbox>
            <xmin>574.387109375</xmin>
            <ymin>209.362890625</ymin>
            <xmax>674.2714843750015</xmax>
            <ymax>321.5419921874985</ymax>
        </bndbox>
    </object>    <object>
        <name>body</name>
        <pose>Unspecified</pose>
        <truncated>0</truncated>
        <difficult>0</difficult>
        <bndbox>
            <xmin>689.3125</xmin>
            <ymin>340.576171875</ymin>
            <xmax>1260.7745535714287</xmax>
            <ymax>714.3726562500015</ymax>
        </bndbox>
    </object>    <object>
        <name>body</name>
        <pose>Unspecified</pose>
        <truncated>0</truncated>
        <difficult>0</difficult>
        <bndbox>
            <xmin>28.271484375</xmin>
            <ymin>400.65178571428675</ymin>
            <xmax>502.9346540178584</xmax>
            <ymax>714.1447012765067</ymax>
        </bndbox>
    </object>    <object>
        <name>head</name>
        <pose>Unspecified</pose>
        <truncated>0</truncated>
        <difficult>0</difficult>
        <bndbox>
            <xmin>838.834765625</xmin>
            <ymin>56.153125</ymin>
            <xmax>1153.7261718750008</xmax>
            <ymax>356.35526123046765</ymax>
        </bndbox>
    </object>    <object>
        <name>head</name>
        <pose>Unspecified</pose>
        <truncated>0</truncated>
        <difficult>0</difficult>
        <bndbox>
            <xmin>137.4169921875</xmin>
            <ymin>55.156770833333816</ymin>
            <xmax>393.84908608490576</xmax>
            <ymax>379.20206387118014</ymax>
        </bndbox>
    </object>    <object>
        <name>body</name>
        <pose>Unspecified</pose>
        <truncated>0</truncated>
        <difficult>0</difficult>
        <bndbox>
            <xmin>529.7326171875011</xmin>
            <ymin>311.081787109375</ymin>
            <xmax>730.8986446380604</xmax>
            <ymax>502.00930328369213</ymax>
        </bndbox>
    </object>
</annotation>
