<annotation>
    <folder></folder>
    <filename>frame_000089</filename>
    <path></path>
    <source>
        <database>Unknown</database>
    </source>
    <size>
        <width>1280</width>
        <height>720</height>
        <depth>3</depth>
    </size>
    <segmented>0</segmented>
    <object>
        <name>head</name>
        <pose>Unspecified</pose>
        <truncated>0</truncated>
        <difficult>0</difficult>
        <bndbox>
            <xmin>572.6015625</xmin>
            <ymin>186.0322265625</ymin>
            <xmax>678.0554687500007</xmax>
            <ymax>319.5709045410149</ymax>
        </bndbox>
    </object>    <object>
        <name>body</name>
        <pose>Unspecified</pose>
        <truncated>0</truncated>
        <difficult>0</difficult>
        <bndbox>
            <xmin>686.560546875</xmin>
            <ymin>367.8645833333333</ymin>
            <xmax>1260.560546875</xmax>
            <ymax>720.0</ymax>
        </bndbox>
    </object>    <object>
        <name>body</name>
        <pose>Unspecified</pose>
        <truncated>0</truncated>
        <difficult>0</difficult>
        <bndbox>
            <xmin>2.5492720170454546</xmin>
            <ymin>336.3590198863636</ymin>
            <xmax>554.6707919034098</xmax>
            <ymax>716.4090909090919</ymax>
        </bndbox>
    </object>    <object>
        <name>head</name>
        <pose>Unspecified</pose>
        <truncated>0</truncated>
        <difficult>0</difficult>
        <bndbox>
            <xmin>829.630912885274</xmin>
            <ymin>54.58041925299658</ymin>
            <xmax>1144.5223191352748</xmax>
            <ymax>354.78255548346425</ymax>
        </bndbox>
    </object>    <object>
        <name>head</name>
        <pose>Unspecified</pose>
        <truncated>0</truncated>
        <difficult>0</difficult>
        <bndbox>
            <xmin>149.95628004807693</xmin>
            <ymin>61.21236478365385</ymin>
            <xmax>411.8654597355769</xmax>
            <ymax>355.0713491586535</ymax>
        </bndbox>
    </object>    <object>
        <name>body</name>
        <pose>Unspecified</pose>
        <truncated>0</truncated>
        <difficult>0</difficult>
        <bndbox>
            <xmin>511.11328125</xmin>
            <ymin>320.37109375</ymin>
            <xmax>738.9132812499993</xmax>
            <ymax>502.7219655162917</ymax>
        </bndbox>
    </object>
</annotation>
