<annotation>
    <folder></folder>
    <filename>frame_000438</filename>
    <path></path>
    <source>
        <database>Unknown</database>
    </source>
    <size>
        <width>1280</width>
        <height>720</height>
        <depth>3</depth>
    </size>
    <segmented>0</segmented>
    <object>
        <name>head</name>
        <pose>Unspecified</pose>
        <truncated>0</truncated>
        <difficult>0</difficult>
        <bndbox>
            <xmin>532.1640625</xmin>
            <ymin>201.5927734375</ymin>
            <xmax>632.0484375000015</xmax>
            <ymax>313.77187499999854</ymax>
        </bndbox>
    </object>    <object>
        <name>body</name>
        <pose>Unspecified</pose>
        <truncated>0</truncated>
        <difficult>0</difficult>
        <bndbox>
            <xmin>688.244140625</xmin>
            <ymin>345.91796875</ymin>
            <xmax>1262.244140625</xmax>
            <ymax>718.3921875000004</ymax>
        </bndbox>
    </object>    <object>
        <name>body</name>
        <pose>Unspecified</pose>
        <truncated>0</truncated>
        <difficult>0</difficult>
        <bndbox>
            <xmin>24.03173828125</xmin>
            <ymin>352.4900390625007</ymin>
            <xmax>509.2856406666251</xmax>
            <ymax>719.5572052001953</ymax>
        </bndbox>
    </object>    <object>
        <name>head</name>
        <pose>Unspecified</pose>
        <truncated>0</truncated>
        <difficult>0</difficult>
        <bndbox>
            <xmin>869.240234375</xmin>
            <ymin>46.50732421875</ymin>
            <xmax>1184.1316406250007</xmax>
            <ymax>346.70946044921766</ymax>
        </bndbox>
    </object>    <object>
        <name>head</name>
        <pose>Unspecified</pose>
        <truncated>0</truncated>
        <difficult>0</difficult>
        <bndbox>
            <xmin>14.9560546875</xmin>
            <ymin>58.068359375</ymin>
            <xmax>292.6560546875007</xmax>
            <ymax>363.25058593750146</ymax>
        </bndbox>
    </object>    <object>
        <name>body</name>
        <pose>Unspecified</pose>
        <truncated>0</truncated>
        <difficult>0</difficult>
        <bndbox>
            <xmin>534.71875</xmin>
            <ymin>322.96337890625</ymin>
            <xmax>734.7085937500015</xmax>
            <ymax>503.29390804893046</ymax>
        </bndbox>
    </object>
</annotation>
