<annotation>
    <folder></folder>
    <filename>frame_000458</filename>
    <path></path>
    <source>
        <database>Unknown</database>
    </source>
    <size>
        <width>1280</width>
        <height>720</height>
        <depth>3</depth>
    </size>
    <segmented>0</segmented>
    <object>
        <name>head</name>
        <pose>Unspecified</pose>
        <truncated>0</truncated>
        <difficult>0</difficult>
        <bndbox>
            <xmin>569.2939453125</xmin>
            <ymin>208.18203125000082</ymin>
            <xmax>683.2132812500004</xmax>
            <ymax>327.34462776184046</ymax>
        </bndbox>
    </object>    <object>
        <name>body</name>
        <pose>Unspecified</pose>
        <truncated>0</truncated>
        <difficult>0</difficult>
        <bndbox>
            <xmin>688.244140625</xmin>
            <ymin>347.6985677083333</ymin>
            <xmax>1262.244140625</xmax>
            <ymax>719.7320312500001</ymax>
        </bndbox>
    </object>    <object>
        <name>body</name>
        <pose>Unspecified</pose>
        <truncated>0</truncated>
        <difficult>0</difficult>
        <bndbox>
            <xmin>3.907087053571429</xmin>
            <ymin>350.69287109375</ymin>
            <xmax>530.2993917410713</xmax>
            <ymax>717.1428571428571</ymax>
        </bndbox>
    </object>    <object>
        <name>head</name>
        <pose>Unspecified</pose>
        <truncated>0</truncated>
        <difficult>0</difficult>
        <bndbox>
            <xmin>862.53564453125</xmin>
            <ymin>49.240966796875</ymin>
            <xmax>1153.1337034254848</xmax>
            <ymax>339.18610539362953</ymax>
        </bndbox>
    </object>    <object>
        <name>head</name>
        <pose>Unspecified</pose>
        <truncated>0</truncated>
        <difficult>0</difficult>
        <bndbox>
            <xmin>124.5341796875</xmin>
            <ymin>79.82421875</ymin>
            <xmax>379.2849609375007</xmax>
            <ymax>361.44395751953016</ymax>
        </bndbox>
    </object>    <object>
        <name>body</name>
        <pose>Unspecified</pose>
        <truncated>0</truncated>
        <difficult>0</difficult>
        <bndbox>
            <xmin>511.943359375</xmin>
            <ymin>326.76971726190476</ymin>
            <xmax>714.9661049426477</xmax>
            <ymax>488.62924252873717</ymax>
        </bndbox>
    </object>
</annotation>
