<annotation>
    <folder></folder>
    <filename>frame_000024</filename>
    <path></path>
    <source>
        <database>Unknown</database>
    </source>
    <size>
        <width>1280</width>
        <height>720</height>
        <depth>3</depth>
    </size>
    <segmented>0</segmented>
    <object>
        <name>head</name>
        <pose>Unspecified</pose>
        <truncated>0</truncated>
        <difficult>0</difficult>
        <bndbox>
            <xmin>510.29296875</xmin>
            <ymin>223.41147460937555</ymin>
            <xmax>615.7455078125004</xmax>
            <ymax>358.35049591064444</ymax>
        </bndbox>
    </object>    <object>
        <name>body</name>
        <pose>Unspecified</pose>
        <truncated>0</truncated>
        <difficult>0</difficult>
        <bndbox>
            <xmin>722.4893973214286</xmin>
            <ymin>336.56808035714283</ymin>
            <xmax>1267.8285714285719</xmax>
            <ymax>702.5348772321429</ymax>
        </bndbox>
    </object>    <object>
        <name>body</name>
        <pose>Unspecified</pose>
        <truncated>0</truncated>
        <difficult>0</difficult>
        <bndbox>
            <xmin>6.25048828125</xmin>
            <ymin>396.38232421875</ymin>
            <xmax>604.9568359375007</xmax>
            <ymax>717.4750000000004</ymax>
        </bndbox>
    </object>    <object>
        <name>head</name>
        <pose>Unspecified</pose>
        <truncated>0</truncated>
        <difficult>0</difficult>
        <bndbox>
            <xmin>922.470703125</xmin>
            <ymin>61.11767578125</ymin>
            <xmax>1237.3621093750007</xmax>
            <ymax>361.31981201171766</ymax>
        </bndbox>
    </object>    <object>
        <name>head</name>
        <pose>Unspecified</pose>
        <truncated>0</truncated>
        <difficult>0</difficult>
        <bndbox>
            <xmin>254.037109375</xmin>
            <ymin>115.115234375</ymin>
            <xmax>506.9080078125007</xmax>
            <ymax>430.274114990234</ymax>
        </bndbox>
    </object>    <object>
        <name>body</name>
        <pose>Unspecified</pose>
        <truncated>0</truncated>
        <difficult>0</difficult>
        <bndbox>
            <xmin>539.0109375</xmin>
            <ymin>330.5</ymin>
            <xmax>699.5200000000004</xmax>
            <ymax>477.1600024414074</ymax>
        </bndbox>
    </object>
</annotation>
