<annotation>
    <folder></folder>
    <filename>frame_000117</filename>
    <path></path>
    <source>
        <database>Unknown</database>
    </source>
    <size>
        <width>1280</width>
        <height>720</height>
        <depth>3</depth>
    </size>
    <segmented>0</segmented>
    <object>
        <name>head</name>
        <pose>Unspecified</pose>
        <truncated>0</truncated>
        <difficult>0</difficult>
        <bndbox>
            <xmin>576.93359375</xmin>
            <ymin>172.609375</ymin>
            <xmax>689.8804687500015</xmax>
            <ymax>306.1480529785149</ymax>
        </bndbox>
    </object>    <object>
        <name>body</name>
        <pose>Unspecified</pose>
        <truncated>0</truncated>
        <difficult>0</difficult>
        <bndbox>
            <xmin>679.9377790178571</xmin>
            <ymin>368.0784970238095</ymin>
            <xmax>1253.937779017857</xmax>
            <ymax>720.0</ymax>
        </bndbox>
    </object>    <object>
        <name>body</name>
        <pose>Unspecified</pose>
        <truncated>0</truncated>
        <difficult>0</difficult>
        <bndbox>
            <xmin>20.23740234375</xmin>
            <ymin>367.7474609375</ymin>
            <xmax>523.417382812501</xmax>
            <ymax>712.9800000000007</ymax>
        </bndbox>
    </object>    <object>
        <name>head</name>
        <pose>Unspecified</pose>
        <truncated>0</truncated>
        <difficult>0</difficult>
        <bndbox>
            <xmin>831.181640625</xmin>
            <ymin>52.95458984375</ymin>
            <xmax>1146.0730468750007</xmax>
            <ymax>353.15672607421766</ymax>
        </bndbox>
    </object>    <object>
        <name>head</name>
        <pose>Unspecified</pose>
        <truncated>0</truncated>
        <difficult>0</difficult>
        <bndbox>
            <xmin>188.4267578125</xmin>
            <ymin>59.0205078125</ymin>
            <xmax>450.3359375</xmax>
            <ymax>352.87949218749964</ymax>
        </bndbox>
    </object>    <object>
        <name>body</name>
        <pose>Unspecified</pose>
        <truncated>0</truncated>
        <difficult>0</difficult>
        <bndbox>
            <xmin>508.859375</xmin>
            <ymin>309.3720703125</ymin>
            <xmax>736.6593749999993</xmax>
            <ymax>485.7885776735711</ymax>
        </bndbox>
    </object>
</annotation>
