<annotation>
    <folder></folder>
    <filename>frame_000246</filename>
    <path></path>
    <source>
        <database>Unknown</database>
    </source>
    <size>
        <width>1280</width>
        <height>720</height>
        <depth>3</depth>
    </size>
    <segmented>0</segmented>
    <object>
        <name>head</name>
        <pose>Unspecified</pose>
        <truncated>0</truncated>
        <difficult>0</difficult>
        <bndbox>
            <xmin>570.2506510416666</xmin>
            <ymin>208.75</ymin>
            <xmax>672.9398697916682</xmax>
            <ymax>323.17242279052635</ymax>
        </bndbox>
    </object>    <object>
        <name>body</name>
        <pose>Unspecified</pose>
        <truncated>0</truncated>
        <difficult>0</difficult>
        <bndbox>
            <xmin>701.513671875</xmin>
            <ymin>353.04560122282606</ymin>
            <xmax>1275.513671875</xmax>
            <ymax>711.5287457540777</ymax>
        </bndbox>
    </object>    <object>
        <name>body</name>
        <pose>Unspecified</pose>
        <truncated>0</truncated>
        <difficult>0</difficult>
        <bndbox>
            <xmin>18.87867431640666</xmin>
            <ymin>346.61250000000064</ymin>
            <xmax>528.1530937194827</xmax>
            <ymax>704.6996555328369</ymax>
        </bndbox>
    </object>    <object>
        <name>head</name>
        <pose>Unspecified</pose>
        <truncated>0</truncated>
        <difficult>0</difficult>
        <bndbox>
            <xmin>838.3271675857843</xmin>
            <ymin>55.777228860294116</ymin>
            <xmax>1153.218573835785</xmax>
            <ymax>355.9793650907618</ymax>
        </bndbox>
    </object>    <object>
        <name>head</name>
        <pose>Unspecified</pose>
        <truncated>0</truncated>
        <difficult>0</difficult>
        <bndbox>
            <xmin>177.38639322916666</xmin>
            <ymin>96.84852430555556</ymin>
            <xmax>413.45338541666814</xmax>
            <ymax>349.2239088270388</ymax>
        </bndbox>
    </object>    <object>
        <name>body</name>
        <pose>Unspecified</pose>
        <truncated>0</truncated>
        <difficult>0</difficult>
        <bndbox>
            <xmin>508.06640625</xmin>
            <ymin>324.5595703125</ymin>
            <xmax>735.8664062499993</xmax>
            <ymax>523.0279418945283</ymax>
        </bndbox>
    </object>
</annotation>
