<annotation>
    <folder></folder>
    <filename>frame_000247</filename>
    <path></path>
    <source>
        <database>Unknown</database>
    </source>
    <size>
        <width>1280</width>
        <height>720</height>
        <depth>3</depth>
    </size>
    <segmented>0</segmented>
    <object>
        <name>head</name>
        <pose>Unspecified</pose>
        <truncated>0</truncated>
        <difficult>0</difficult>
        <bndbox>
            <xmin>592.73046875</xmin>
            <ymin>211.6845703125</ymin>
            <xmax>692.6148437500015</xmax>
            <ymax>323.86367187499854</ymax>
        </bndbox>
    </object>    <object>
        <name>body</name>
        <pose>Unspecified</pose>
        <truncated>0</truncated>
        <difficult>0</difficult>
        <bndbox>
            <xmin>701.513671875</xmin>
            <ymin>352.34425951086956</ymin>
            <xmax>1275.513671875</xmax>
            <ymax>711.2009001358712</ymax>
        </bndbox>
    </object>    <object>
        <name>body</name>
        <pose>Unspecified</pose>
        <truncated>0</truncated>
        <difficult>0</difficult>
        <bndbox>
            <xmin>20.353149414062955</xmin>
            <ymin>349.02500000000055</ymin>
            <xmax>527.5923263549807</xmax>
            <ymax>704.2510719299316</ymax>
        </bndbox>
    </object>    <object>
        <name>head</name>
        <pose>Unspecified</pose>
        <truncated>0</truncated>
        <difficult>0</difficult>
        <bndbox>
            <xmin>838.3825827205883</xmin>
            <ymin>55.72305836397059</ymin>
            <xmax>1153.273988970589</xmax>
            <ymax>355.92519459443827</ymax>
        </bndbox>
    </object>    <object>
        <name>head</name>
        <pose>Unspecified</pose>
        <truncated>0</truncated>
        <difficult>0</difficult>
        <bndbox>
            <xmin>181.6982421875</xmin>
            <ymin>98.2607421875</ymin>
            <xmax>417.76523437500146</xmax>
            <ymax>350.6361267089833</ymax>
        </bndbox>
    </object>    <object>
        <name>body</name>
        <pose>Unspecified</pose>
        <truncated>0</truncated>
        <difficult>0</difficult>
        <bndbox>
            <xmin>509.63671875</xmin>
            <ymin>326.017578125</ymin>
            <xmax>737.4367187499993</xmax>
            <ymax>524.4859497070283</ymax>
        </bndbox>
    </object>
</annotation>
