<annotation>
    <folder></folder>
    <filename>frame_000268</filename>
    <path></path>
    <source>
        <database>Unknown</database>
    </source>
    <size>
        <width>1280</width>
        <height>720</height>
        <depth>3</depth>
    </size>
    <segmented>0</segmented>
    <object>
        <name>head</name>
        <pose>Unspecified</pose>
        <truncated>0</truncated>
        <difficult>0</difficult>
        <bndbox>
            <xmin>586.0285456730769</xmin>
            <ymin>214.6299328926282</ymin>
            <xmax>685.9129206730784</xmax>
            <ymax>326.8090344551268</ymax>
        </bndbox>
    </object>    <object>
        <name>body</name>
        <pose>Unspecified</pose>
        <truncated>0</truncated>
        <difficult>0</difficult>
        <bndbox>
            <xmin>701.513671875</xmin>
            <ymin>360.03647017045495</ymin>
            <xmax>1275.513671875</xmax>
            <ymax>707.8742365056827</ymax>
        </bndbox>
    </object>    <object>
        <name>body</name>
        <pose>Unspecified</pose>
        <truncated>0</truncated>
        <difficult>0</difficult>
        <bndbox>
            <xmin>8.444580078125</xmin>
            <ymin>362.77667236328125</ymin>
            <xmax>530.4287597656257</xmax>
            <ymax>719.6500000000001</ymax>
        </bndbox>
    </object>    <object>
        <name>head</name>
        <pose>Unspecified</pose>
        <truncated>0</truncated>
        <difficult>0</difficult>
        <bndbox>
            <xmin>834.87109375</xmin>
            <ymin>58.5224609375</ymin>
            <xmax>1149.7625000000007</xmax>
            <ymax>358.72459716796766</ymax>
        </bndbox>
    </object>    <object>
        <name>head</name>
        <pose>Unspecified</pose>
        <truncated>0</truncated>
        <difficult>0</difficult>
        <bndbox>
            <xmin>214.4462890625</xmin>
            <ymin>87.5</ymin>
            <xmax>459.0</xmax>
            <ymax>391.4619140625</ymax>
        </bndbox>
    </object>    <object>
        <name>body</name>
        <pose>Unspecified</pose>
        <truncated>0</truncated>
        <difficult>0</difficult>
        <bndbox>
            <xmin>520.2366286057693</xmin>
            <ymin>321.0478515625</ymin>
            <xmax>715.3213040865381</xmax>
            <ymax>503.4260103665852</ymax>
        </bndbox>
    </object>
</annotation>
