<annotation>
    <folder></folder>
    <filename>frame_000343</filename>
    <path></path>
    <source>
        <database>Unknown</database>
    </source>
    <size>
        <width>1280</width>
        <height>720</height>
        <depth>3</depth>
    </size>
    <segmented>0</segmented>
    <object>
        <name>head</name>
        <pose>Unspecified</pose>
        <truncated>0</truncated>
        <difficult>0</difficult>
        <bndbox>
            <xmin>599.225830078125</xmin>
            <ymin>210.822998046875</ymin>
            <xmax>699.1102050781265</xmax>
            <ymax>323.00209960937354</ymax>
        </bndbox>
    </object>    <object>
        <name>body</name>
        <pose>Unspecified</pose>
        <truncated>0</truncated>
        <difficult>0</difficult>
        <bndbox>
            <xmin>685.2751116071429</xmin>
            <ymin>340.576171875</ymin>
            <xmax>1257.3414381377552</xmax>
            <ymax>714.3726562500015</ymax>
        </bndbox>
    </object>    <object>
        <name>body</name>
        <pose>Unspecified</pose>
        <truncated>0</truncated>
        <difficult>0</difficult>
        <bndbox>
            <xmin>29.08935546875</xmin>
            <ymin>382.2165178571434</ymin>
            <xmax>506.10297154017957</xmax>
            <ymax>715.2022334507534</ymax>
        </bndbox>
    </object>    <object>
        <name>head</name>
        <pose>Unspecified</pose>
        <truncated>0</truncated>
        <difficult>0</difficult>
        <bndbox>
            <xmin>848.781640625</xmin>
            <ymin>55.5521484375</ymin>
            <xmax>1163.6730468750006</xmax>
            <ymax>355.7542846679677</ymax>
        </bndbox>
    </object>    <object>
        <name>head</name>
        <pose>Unspecified</pose>
        <truncated>0</truncated>
        <difficult>0</difficult>
        <bndbox>
            <xmin>200.4267578125</xmin>
            <ymin>118.16796875</ymin>
            <xmax>369.1765625000007</xmax>
            <ymax>352.2670043945309</ymax>
        </bndbox>
    </object>    <object>
        <name>body</name>
        <pose>Unspecified</pose>
        <truncated>0</truncated>
        <difficult>0</difficult>
        <bndbox>
            <xmin>530.9076171875004</xmin>
            <ymin>313.914794921875</ymin>
            <xmax>732.2611099243159</xmax>
            <ymax>492.7969024658205</ymax>
        </bndbox>
    </object>
</annotation>
