<annotation>
    <folder></folder>
    <filename>frame_000342</filename>
    <path></path>
    <source>
        <database>Unknown</database>
    </source>
    <size>
        <width>1280</width>
        <height>720</height>
        <depth>3</depth>
    </size>
    <segmented>0</segmented>
    <object>
        <name>head</name>
        <pose>Unspecified</pose>
        <truncated>0</truncated>
        <difficult>0</difficult>
        <bndbox>
            <xmin>596.0947265625</xmin>
            <ymin>211.4072265625</ymin>
            <xmax>695.9791015625015</xmax>
            <ymax>323.58632812499854</ymax>
        </bndbox>
    </object>    <object>
        <name>body</name>
        <pose>Unspecified</pose>
        <truncated>0</truncated>
        <difficult>0</difficult>
        <bndbox>
            <xmin>684.4676339285714</xmin>
            <ymin>340.576171875</ymin>
            <xmax>1256.6548150510205</xmax>
            <ymax>714.3726562500015</ymax>
        </bndbox>
    </object>    <object>
        <name>body</name>
        <pose>Unspecified</pose>
        <truncated>0</truncated>
        <difficult>0</difficult>
        <bndbox>
            <xmin>29.2529296875</xmin>
            <ymin>378.5294642857147</ymin>
            <xmax>506.7366350446438</xmax>
            <ymax>715.4137398856027</ymax>
        </bndbox>
    </object>    <object>
        <name>head</name>
        <pose>Unspecified</pose>
        <truncated>0</truncated>
        <difficult>0</difficult>
        <bndbox>
            <xmin>850.771015625</xmin>
            <ymin>55.431953125</ymin>
            <xmax>1165.6624218750007</xmax>
            <ymax>355.63408935546767</ymax>
        </bndbox>
    </object>    <object>
        <name>head</name>
        <pose>Unspecified</pose>
        <truncated>0</truncated>
        <difficult>0</difficult>
        <bndbox>
            <xmin>253.3349609375</xmin>
            <ymin>87.65625</ymin>
            <xmax>504.8358768857797</xmax>
            <ymax>374.75501161772627</ymax>
        </bndbox>
    </object>    <object>
        <name>body</name>
        <pose>Unspecified</pose>
        <truncated>0</truncated>
        <difficult>0</difficult>
        <bndbox>
            <xmin>530.91015625</xmin>
            <ymin>313.5</ymin>
            <xmax>732.2999999999993</xmax>
            <ymax>487.66253662109375</ymax>
        </bndbox>
    </object>
</annotation>
