<annotation>
    <folder></folder>
    <filename>frame_000128</filename>
    <path></path>
    <source>
        <database>Unknown</database>
    </source>
    <size>
        <width>1280</width>
        <height>720</height>
        <depth>3</depth>
    </size>
    <segmented>0</segmented>
    <object>
        <name>head</name>
        <pose>Unspecified</pose>
        <truncated>0</truncated>
        <difficult>0</difficult>
        <bndbox>
            <xmin>546.970703125</xmin>
            <ymin>192.083984375</ymin>
            <xmax>664.0387109375006</xmax>
            <ymax>325.6226623535149</ymax>
        </bndbox>
    </object>    <object>
        <name>body</name>
        <pose>Unspecified</pose>
        <truncated>0</truncated>
        <difficult>0</difficult>
        <bndbox>
            <xmin>677.3359773596939</xmin>
            <ymin>368.162534545068</ymin>
            <xmax>1251.335977359694</xmax>
            <ymax>720.0</ymax>
        </bndbox>
    </object>    <object>
        <name>body</name>
        <pose>Unspecified</pose>
        <truncated>0</truncated>
        <difficult>0</difficult>
        <bndbox>
            <xmin>18.449365234375</xmin>
            <ymin>380.37705078125</ymin>
            <xmax>524.6129882812531</xmax>
            <ymax>717.2700000000002</ymax>
        </bndbox>
    </object>    <object>
        <name>head</name>
        <pose>Unspecified</pose>
        <truncated>0</truncated>
        <difficult>0</difficult>
        <bndbox>
            <xmin>831.790855094178</xmin>
            <ymin>52.315871147260275</ymin>
            <xmax>1146.6822613441789</xmax>
            <ymax>352.51800737772794</ymax>
        </bndbox>
    </object>    <object>
        <name>head</name>
        <pose>Unspecified</pose>
        <truncated>0</truncated>
        <difficult>0</difficult>
        <bndbox>
            <xmin>134.3408203125</xmin>
            <ymin>63.25</ymin>
            <xmax>396.25</xmax>
            <ymax>357.10898437500146</ymax>
        </bndbox>
    </object>    <object>
        <name>body</name>
        <pose>Unspecified</pose>
        <truncated>0</truncated>
        <difficult>0</difficult>
        <bndbox>
            <xmin>510.6787623355263</xmin>
            <ymin>312.2933799342105</ymin>
            <xmax>738.4787623355256</xmax>
            <ymax>490.71293676806346</ymax>
        </bndbox>
    </object>
</annotation>
