<annotation>
    <folder></folder>
    <filename>frame_000090</filename>
    <path></path>
    <source>
        <database>Unknown</database>
    </source>
    <size>
        <width>1280</width>
        <height>720</height>
        <depth>3</depth>
    </size>
    <segmented>0</segmented>
    <object>
        <name>head</name>
        <pose>Unspecified</pose>
        <truncated>0</truncated>
        <difficult>0</difficult>
        <bndbox>
            <xmin>575.67822265625</xmin>
            <ymin>186.4285888671875</ymin>
            <xmax>681.1321289062507</xmax>
            <ymax>319.9672668457024</ymax>
        </bndbox>
    </object>    <object>
        <name>body</name>
        <pose>Unspecified</pose>
        <truncated>0</truncated>
        <difficult>0</difficult>
        <bndbox>
            <xmin>686.3240194515306</xmin>
            <ymin>367.8722231079932</ymin>
            <xmax>1260.3240194515306</xmax>
            <ymax>720.0</ymax>
        </bndbox>
    </object>    <object>
        <name>body</name>
        <pose>Unspecified</pose>
        <truncated>0</truncated>
        <difficult>0</difficult>
        <bndbox>
            <xmin>2.719223484848485</xmin>
            <ymin>335.0360144412879</ymin>
            <xmax>557.4021780303037</xmax>
            <ymax>716.1696969696981</ymax>
        </bndbox>
    </object>    <object>
        <name>head</name>
        <pose>Unspecified</pose>
        <truncated>0</truncated>
        <difficult>0</difficult>
        <bndbox>
            <xmin>829.6862960188356</xmin>
            <ymin>54.522353916952056</ymin>
            <xmax>1144.5777022688364</xmax>
            <ymax>354.7244901474197</ymax>
        </bndbox>
    </object>    <object>
        <name>head</name>
        <pose>Unspecified</pose>
        <truncated>0</truncated>
        <difficult>0</difficult>
        <bndbox>
            <xmin>155.74346454326923</xmin>
            <ymin>61.62267127403846</ymin>
            <xmax>417.6526442307692</xmax>
            <ymax>355.4816556490381</ymax>
        </bndbox>
    </object>    <object>
        <name>body</name>
        <pose>Unspecified</pose>
        <truncated>0</truncated>
        <difficult>0</difficult>
        <bndbox>
            <xmin>511.0327845982143</xmin>
            <ymin>319.978271484375</ymin>
            <xmax>738.8327845982136</xmax>
            <ymax>502.11720166476596</ymax>
        </bndbox>
    </object>
</annotation>
