<annotation>
    <folder></folder>
    <filename>frame_000133</filename>
    <path></path>
    <source>
        <database>Unknown</database>
    </source>
    <size>
        <width>1280</width>
        <height>720</height>
        <depth>3</depth>
    </size>
    <segmented>0</segmented>
    <object>
        <name>head</name>
        <pose>Unspecified</pose>
        <truncated>0</truncated>
        <difficult>0</difficult>
        <bndbox>
            <xmin>591.7434895833334</xmin>
            <ymin>190.42708333333334</ymin>
            <xmax>710.6847395833323</xmax>
            <ymax>323.9657613118482</ymax>
        </bndbox>
    </object>    <object>
        <name>body</name>
        <pose>Unspecified</pose>
        <truncated>0</truncated>
        <difficult>0</difficult>
        <bndbox>
            <xmin>676.153340242347</xmin>
            <ymin>368.20073341836735</ymin>
            <xmax>1250.153340242347</xmax>
            <ymax>720.0</ymax>
        </bndbox>
    </object>    <object>
        <name>body</name>
        <pose>Unspecified</pose>
        <truncated>0</truncated>
        <difficult>0</difficult>
        <bndbox>
            <xmin>17.63662109375</xmin>
            <ymin>386.1177734375</ymin>
            <xmax>525.156445312504</xmax>
            <ymax>719.22</ymax>
        </bndbox>
    </object>    <object>
        <name>head</name>
        <pose>Unspecified</pose>
        <truncated>0</truncated>
        <difficult>0</difficult>
        <bndbox>
            <xmin>832.0677707619863</xmin>
            <ymin>52.02554446703767</ymin>
            <xmax>1146.959177011987</xmax>
            <ymax>352.2276806975053</ymax>
        </bndbox>
    </object>    <object>
        <name>head</name>
        <pose>Unspecified</pose>
        <truncated>0</truncated>
        <difficult>0</difficult>
        <bndbox>
            <xmin>134.94559151785714</xmin>
            <ymin>86.57240513392857</ymin>
            <xmax>396.85477120535717</xmax>
            <ymax>380.43138950893</ymax>
        </bndbox>
    </object>    <object>
        <name>body</name>
        <pose>Unspecified</pose>
        <truncated>0</truncated>
        <difficult>0</difficult>
        <bndbox>
            <xmin>511.50575657894734</xmin>
            <ymin>313.62124794407896</ymin>
            <xmax>739.3057565789467</xmax>
            <ymax>492.95128181101455</ymax>
        </bndbox>
    </object>
</annotation>
