<annotation>
    <folder></folder>
    <filename>frame_000494</filename>
    <path></path>
    <source>
        <database>Unknown</database>
    </source>
    <size>
        <width>1280</width>
        <height>720</height>
        <depth>3</depth>
    </size>
    <segmented>0</segmented>
    <object>
        <name>head</name>
        <pose>Unspecified</pose>
        <truncated>0</truncated>
        <difficult>0</difficult>
        <bndbox>
            <xmin>550.8192784926471</xmin>
            <ymin>227.251953125</ymin>
            <xmax>674.1611443014714</xmax>
            <ymax>335.28364984848804</ymax>
        </bndbox>
    </object>    <object>
        <name>body</name>
        <pose>Unspecified</pose>
        <truncated>0</truncated>
        <difficult>0</difficult>
        <bndbox>
            <xmin>678.5391652960526</xmin>
            <ymin>359.27736430921055</ymin>
            <xmax>1256.0455386513158</xmax>
            <ymax>708.5368421052646</ymax>
        </bndbox>
    </object>    <object>
        <name>body</name>
        <pose>Unspecified</pose>
        <truncated>0</truncated>
        <difficult>0</difficult>
        <bndbox>
            <xmin>18.302269345238095</xmin>
            <ymin>350.9427548363095</ymin>
            <xmax>511.4981677827354</xmax>
            <ymax>720.0</ymax>
        </bndbox>
    </object>    <object>
        <name>head</name>
        <pose>Unspecified</pose>
        <truncated>0</truncated>
        <difficult>0</difficult>
        <bndbox>
            <xmin>799.4520970394736</xmin>
            <ymin>62.17470189144737</ymin>
            <xmax>1107.1984011260122</xmax>
            <ymax>359.3600741119987</ymax>
        </bndbox>
    </object>    <object>
        <name>head</name>
        <pose>Unspecified</pose>
        <truncated>0</truncated>
        <difficult>0</difficult>
        <bndbox>
            <xmin>106.6196289062503</xmin>
            <ymin>62.95556640625</ymin>
            <xmax>427.34165903727234</xmax>
            <ymax>365.39185994466123</ymax>
        </bndbox>
    </object>    <object>
        <name>body</name>
        <pose>Unspecified</pose>
        <truncated>0</truncated>
        <difficult>0</difficult>
        <bndbox>
            <xmin>518.74560546875</xmin>
            <ymin>316.8104248046875</ymin>
            <xmax>732.6867975799128</xmax>
            <ymax>488.1436062665043</ymax>
        </bndbox>
    </object>
</annotation>
