<annotation>
    <folder></folder>
    <filename>frame_000320</filename>
    <path></path>
    <source>
        <database>Unknown</database>
    </source>
    <size>
        <width>1280</width>
        <height>720</height>
        <depth>3</depth>
    </size>
    <segmented>0</segmented>
    <object>
        <name>head</name>
        <pose>Unspecified</pose>
        <truncated>0</truncated>
        <difficult>0</difficult>
        <bndbox>
            <xmin>595.3588169642857</xmin>
            <ymin>216.30189732142858</ymin>
            <xmax>695.2431919642871</xmax>
            <ymax>328.4809988839271</ymax>
        </bndbox>
    </object>    <object>
        <name>body</name>
        <pose>Unspecified</pose>
        <truncated>0</truncated>
        <difficult>0</difficult>
        <bndbox>
            <xmin>679.42138671875</xmin>
            <ymin>346.9970703125</ymin>
            <xmax>1253.42138671875</xmax>
            <ymax>715.7794921875011</ymax>
        </bndbox>
    </object>    <object>
        <name>body</name>
        <pose>Unspecified</pose>
        <truncated>0</truncated>
        <difficult>0</difficult>
        <bndbox>
            <xmin>33.54052734375</xmin>
            <ymin>343.53916015625055</ymin>
            <xmax>522.8492838541679</xmax>
            <ymax>717.8363220214851</ymax>
        </bndbox>
    </object>    <object>
        <name>head</name>
        <pose>Unspecified</pose>
        <truncated>0</truncated>
        <difficult>0</difficult>
        <bndbox>
            <xmin>870.87890625</xmin>
            <ymin>59.66181640625</ymin>
            <xmax>1185.7703125000007</xmax>
            <ymax>359.86395263671767</ymax>
        </bndbox>
    </object>    <object>
        <name>head</name>
        <pose>Unspecified</pose>
        <truncated>0</truncated>
        <difficult>0</difficult>
        <bndbox>
            <xmin>176.31484375</xmin>
            <ymin>63.8251953125</ymin>
            <xmax>447.6948828125023</xmax>
            <ymax>361.1328320312517</ymax>
        </bndbox>
    </object>    <object>
        <name>body</name>
        <pose>Unspecified</pose>
        <truncated>0</truncated>
        <difficult>0</difficult>
        <bndbox>
            <xmin>501.77392578125</xmin>
            <ymin>308.2939453125</ymin>
            <xmax>669.3284179687498</xmax>
            <ymax>494.9901916503877</ymax>
        </bndbox>
    </object>
</annotation>
