<annotation>
    <folder></folder>
    <filename>frame_000233</filename>
    <path></path>
    <source>
        <database>Unknown</database>
    </source>
    <size>
        <width>1280</width>
        <height>720</height>
        <depth>3</depth>
    </size>
    <segmented>0</segmented>
    <object>
        <name>head</name>
        <pose>Unspecified</pose>
        <truncated>0</truncated>
        <difficult>0</difficult>
        <bndbox>
            <xmin>570.972265625</xmin>
            <ymin>191.4931640625</ymin>
            <xmax>698.9050781249992</xmax>
            <ymax>326.105477905272</ymax>
        </bndbox>
    </object>    <object>
        <name>body</name>
        <pose>Unspecified</pose>
        <truncated>0</truncated>
        <difficult>0</difficult>
        <bndbox>
            <xmin>701.513671875</xmin>
            <ymin>362.1630434782609</ymin>
            <xmax>1275.513671875</xmax>
            <ymax>715.7907387907613</ymax>
        </bndbox>
    </object>    <object>
        <name>body</name>
        <pose>Unspecified</pose>
        <truncated>0</truncated>
        <difficult>0</difficult>
        <bndbox>
            <xmin>5.6083984375</xmin>
            <ymin>333.42554687500086</ymin>
            <xmax>533.2000000000007</xmax>
            <ymax>708.7369006347653</ymax>
        </bndbox>
    </object>    <object>
        <name>head</name>
        <pose>Unspecified</pose>
        <truncated>0</truncated>
        <difficult>0</difficult>
        <bndbox>
            <xmin>837.6067708333334</xmin>
            <ymin>56.4814453125</ymin>
            <xmax>1152.498177083334</xmax>
            <ymax>356.68358154296766</ymax>
        </bndbox>
    </object>    <object>
        <name>head</name>
        <pose>Unspecified</pose>
        <truncated>0</truncated>
        <difficult>0</difficult>
        <bndbox>
            <xmin>178.033203125</xmin>
            <ymin>105.21809895833333</ymin>
            <xmax>439.04888916015625</xmax>
            <ymax>377.5045491536445</ymax>
        </bndbox>
    </object>    <object>
        <name>body</name>
        <pose>Unspecified</pose>
        <truncated>0</truncated>
        <difficult>0</difficult>
        <bndbox>
            <xmin>498.86875</xmin>
            <ymin>320.85859375</ymin>
            <xmax>726.6687499999992</xmax>
            <ymax>519.3269653320283</ymax>
        </bndbox>
    </object>
</annotation>
