<annotation>
    <folder></folder>
    <filename>frame_000082</filename>
    <path></path>
    <source>
        <database>Unknown</database>
    </source>
    <size>
        <width>1280</width>
        <height>720</height>
        <depth>3</depth>
    </size>
    <segmented>0</segmented>
    <object>
        <name>head</name>
        <pose>Unspecified</pose>
        <truncated>0</truncated>
        <difficult>0</difficult>
        <bndbox>
            <xmin>572.2109375</xmin>
            <ymin>201.455078125</ymin>
            <xmax>677.6648437500007</xmax>
            <ymax>334.9937561035149</ymax>
        </bndbox>
    </object>    <object>
        <name>body</name>
        <pose>Unspecified</pose>
        <truncated>0</truncated>
        <difficult>0</difficult>
        <bndbox>
            <xmin>688.2162388392857</xmin>
            <ymin>367.8111049107143</ymin>
            <xmax>1262.2162388392858</xmax>
            <ymax>720.0</ymax>
        </bndbox>
    </object>    <object>
        <name>body</name>
        <pose>Unspecified</pose>
        <truncated>0</truncated>
        <difficult>0</difficult>
        <bndbox>
            <xmin>1.3596117424242424</xmin>
            <ymin>345.62005800189394</ymin>
            <xmax>535.5510890151522</xmax>
            <ymax>718.084848484849</ymax>
        </bndbox>
    </object>    <object>
        <name>head</name>
        <pose>Unspecified</pose>
        <truncated>0</truncated>
        <difficult>0</difficult>
        <bndbox>
            <xmin>829.2432309503424</xmin>
            <ymin>54.98687660530822</ymin>
            <xmax>1144.1346372003431</xmax>
            <ymax>355.1890128357759</ymax>
        </bndbox>
    </object>    <object>
        <name>head</name>
        <pose>Unspecified</pose>
        <truncated>0</truncated>
        <difficult>0</difficult>
        <bndbox>
            <xmin>105.29172585227273</xmin>
            <ymin>58.23357599431818</ymin>
            <xmax>367.20090553977275</xmax>
            <ymax>352.0925603693178</ymax>
        </bndbox>
    </object>    <object>
        <name>body</name>
        <pose>Unspecified</pose>
        <truncated>0</truncated>
        <difficult>0</difficult>
        <bndbox>
            <xmin>524.498046875</xmin>
            <ymin>335.9441189236111</ymin>
            <xmax>752.2980468749993</xmax>
            <ymax>519.7785817912077</ymax>
        </bndbox>
    </object>
</annotation>
