<annotation>
    <folder></folder>
    <filename>frame_000326</filename>
    <path></path>
    <source>
        <database>Unknown</database>
    </source>
    <size>
        <width>1280</width>
        <height>720</height>
        <depth>3</depth>
    </size>
    <segmented>0</segmented>
    <object>
        <name>head</name>
        <pose>Unspecified</pose>
        <truncated>0</truncated>
        <difficult>0</difficult>
        <bndbox>
            <xmin>575.67578125</xmin>
            <ymin>200.9765625</ymin>
            <xmax>675.5601562500015</xmax>
            <ymax>313.15566406249854</ymax>
        </bndbox>
    </object>    <object>
        <name>body</name>
        <pose>Unspecified</pose>
        <truncated>0</truncated>
        <difficult>0</difficult>
        <bndbox>
            <xmin>673.3648856026786</xmin>
            <ymin>341.49344308035717</ymin>
            <xmax>1247.3648856026787</xmax>
            <ymax>714.5736328125014</ymax>
        </bndbox>
    </object>    <object>
        <name>body</name>
        <pose>Unspecified</pose>
        <truncated>0</truncated>
        <difficult>0</difficult>
        <bndbox>
            <xmin>8.129231770833332</xmin>
            <ymin>357.0856119791667</ymin>
            <xmax>506.3760416666676</xmax>
            <ymax>719.3499186197927</ymax>
        </bndbox>
    </object>    <object>
        <name>head</name>
        <pose>Unspecified</pose>
        <truncated>0</truncated>
        <difficult>0</difficult>
        <bndbox>
            <xmin>870.87890625</xmin>
            <ymin>55.62412109375</ymin>
            <xmax>1185.7703125000007</xmax>
            <ymax>355.82625732421764</ymax>
        </bndbox>
    </object>    <object>
        <name>head</name>
        <pose>Unspecified</pose>
        <truncated>0</truncated>
        <difficult>0</difficult>
        <bndbox>
            <xmin>144.046875</xmin>
            <ymin>40.197265625</ymin>
            <xmax>420.84402343750116</xmax>
            <ymax>344.25455078125196</ymax>
        </bndbox>
    </object>    <object>
        <name>body</name>
        <pose>Unspecified</pose>
        <truncated>0</truncated>
        <difficult>0</difficult>
        <bndbox>
            <xmin>518.359375</xmin>
            <ymin>307.0205078125</ymin>
            <xmax>722.7999999999993</xmax>
            <ymax>509.40000000000146</ymax>
        </bndbox>
    </object>
</annotation>
