<annotation>
    <folder></folder>
    <filename>frame_000514</filename>
    <path></path>
    <source>
        <database>Unknown</database>
    </source>
    <size>
        <width>1280</width>
        <height>720</height>
        <depth>3</depth>
    </size>
    <segmented>0</segmented>
    <object>
        <name>head</name>
        <pose>Unspecified</pose>
        <truncated>0</truncated>
        <difficult>0</difficult>
        <bndbox>
            <xmin>564.646484375</xmin>
            <ymin>201.828125</ymin>
            <xmax>673.8367187500007</xmax>
            <ymax>314.00722656249854</ymax>
        </bndbox>
    </object>    <object>
        <name>body</name>
        <pose>Unspecified</pose>
        <truncated>0</truncated>
        <difficult>0</difficult>
        <bndbox>
            <xmin>706.4826171875011</xmin>
            <ymin>350.85976562500036</ymin>
            <xmax>1279.06640625</xmax>
            <ymax>691.0767547607429</ymax>
        </bndbox>
    </object>    <object>
        <name>body</name>
        <pose>Unspecified</pose>
        <truncated>0</truncated>
        <difficult>0</difficult>
        <bndbox>
            <xmin>21.09986049107153</xmin>
            <ymin>323.0599888392857</ymin>
            <xmax>513.0101318359381</xmax>
            <ymax>708.6169084821397</ymax>
        </bndbox>
    </object>    <object>
        <name>head</name>
        <pose>Unspecified</pose>
        <truncated>0</truncated>
        <difficult>0</difficult>
        <bndbox>
            <xmin>835.3660714285714</xmin>
            <ymin>53.815848214285715</ymin>
            <xmax>1150.257477678572</xmax>
            <ymax>354.0179844447534</ymax>
        </bndbox>
    </object>    <object>
        <name>head</name>
        <pose>Unspecified</pose>
        <truncated>0</truncated>
        <difficult>0</difficult>
        <bndbox>
            <xmin>101.53352864583334</xmin>
            <ymin>29.94830729166764</ymin>
            <xmax>417.1634541829432</xmax>
            <ymax>329.29153747558547</ymax>
        </bndbox>
    </object>    <object>
        <name>body</name>
        <pose>Unspecified</pose>
        <truncated>0</truncated>
        <difficult>0</difficult>
        <bndbox>
            <xmin>518.4296875</xmin>
            <ymin>315.617431640625</ymin>
            <xmax>738.4366832464511</xmax>
            <ymax>492.2137554329911</ymax>
        </bndbox>
    </object>
</annotation>
