<annotation>
    <folder></folder>
    <filename>frame_000067</filename>
    <path></path>
    <source>
        <database>Unknown</database>
    </source>
    <size>
        <width>1280</width>
        <height>720</height>
        <depth>3</depth>
    </size>
    <segmented>0</segmented>
    <object>
        <name>head</name>
        <pose>Unspecified</pose>
        <truncated>0</truncated>
        <difficult>0</difficult>
        <bndbox>
            <xmin>553.47265625</xmin>
            <ymin>189.203125</ymin>
            <xmax>658.9265625000007</xmax>
            <ymax>322.7418029785149</ymax>
        </bndbox>
    </object>    <object>
        <name>body</name>
        <pose>Unspecified</pose>
        <truncated>0</truncated>
        <difficult>0</difficult>
        <bndbox>
            <xmin>691.7641501913265</xmin>
            <ymin>367.6965082908163</ymin>
            <xmax>1265.7641501913265</xmax>
            <ymax>720.0</ymax>
        </bndbox>
    </object>    <object>
        <name>body</name>
        <pose>Unspecified</pose>
        <truncated>0</truncated>
        <difficult>0</difficult>
        <bndbox>
            <xmin>1.3458984375000007</xmin>
            <ymin>356.2205078125</ymin>
            <xmax>531.9513671875008</xmax>
            <ymax>717.5313671875003</ymax>
        </bndbox>
    </object>    <object>
        <name>head</name>
        <pose>Unspecified</pose>
        <truncated>0</truncated>
        <difficult>0</difficult>
        <bndbox>
            <xmin>828.4124839469179</xmin>
            <ymin>55.85785664597603</ymin>
            <xmax>1143.3038901969185</xmax>
            <ymax>356.0599928764437</ymax>
        </bndbox>
    </object>    <object>
        <name>head</name>
        <pose>Unspecified</pose>
        <truncated>0</truncated>
        <difficult>0</difficult>
        <bndbox>
            <xmin>139.03773082386363</xmin>
            <ymin>74.8182705965909</ymin>
            <xmax>400.9469105113636</xmax>
            <ymax>368.67725497159057</ymax>
        </bndbox>
    </object>    <object>
        <name>body</name>
        <pose>Unspecified</pose>
        <truncated>0</truncated>
        <difficult>0</difficult>
        <bndbox>
            <xmin>504.02734375</xmin>
            <ymin>324.892578125</ymin>
            <xmax>731.8273437499993</xmax>
            <ymax>488.59259033203125</ymax>
        </bndbox>
    </object>
</annotation>
