<annotation>
    <folder></folder>
    <filename>frame_000026</filename>
    <path></path>
    <source>
        <database>Unknown</database>
    </source>
    <size>
        <width>1280</width>
        <height>720</height>
        <depth>3</depth>
    </size>
    <segmented>0</segmented>
    <object>
        <name>head</name>
        <pose>Unspecified</pose>
        <truncated>0</truncated>
        <difficult>0</difficult>
        <bndbox>
            <xmin>520.9479166666666</xmin>
            <ymin>221.3537109375005</ymin>
            <xmax>626.4018229166674</xmax>
            <ymax>354.89238891601536</ymax>
        </bndbox>
    </object>    <object>
        <name>body</name>
        <pose>Unspecified</pose>
        <truncated>0</truncated>
        <difficult>0</difficult>
        <bndbox>
            <xmin>730.5005580357143</xmin>
            <ymin>330.15904017857144</ymin>
            <xmax>1273.9142857142858</xmax>
            <ymax>696.1258370535714</ymax>
        </bndbox>
    </object>    <object>
        <name>body</name>
        <pose>Unspecified</pose>
        <truncated>0</truncated>
        <difficult>0</difficult>
        <bndbox>
            <xmin>2.08349609375</xmin>
            <ymin>371.14697265625</ymin>
            <xmax>600.4705078125007</xmax>
            <ymax>712.4250000000011</ymax>
        </bndbox>
    </object>    <object>
        <name>head</name>
        <pose>Unspecified</pose>
        <truncated>0</truncated>
        <difficult>0</difficult>
        <bndbox>
            <xmin>941.9108072916666</xmin>
            <ymin>40.368815104166664</ymin>
            <xmax>1256.8022135416675</xmax>
            <ymax>340.57095133463434</ymax>
        </bndbox>
    </object>    <object>
        <name>head</name>
        <pose>Unspecified</pose>
        <truncated>0</truncated>
        <difficult>0</difficult>
        <bndbox>
            <xmin>209.7353515625</xmin>
            <ymin>63.5234375</ymin>
            <xmax>468.2314453125</xmax>
            <ymax>403.3376953125007</ymax>
        </bndbox>
    </object>    <object>
        <name>body</name>
        <pose>Unspecified</pose>
        <truncated>0</truncated>
        <difficult>0</difficult>
        <bndbox>
            <xmin>526.00546875</xmin>
            <ymin>330.5</ymin>
            <xmax>720.1599999999999</xmax>
            <ymax>485.68000732421933</ymax>
        </bndbox>
    </object>
</annotation>
