<annotation>
    <folder></folder>
    <filename>frame_000416</filename>
    <path></path>
    <source>
        <database>Unknown</database>
    </source>
    <size>
        <width>1280</width>
        <height>720</height>
        <depth>3</depth>
    </size>
    <segmented>0</segmented>
    <object>
        <name>head</name>
        <pose>Unspecified</pose>
        <truncated>0</truncated>
        <difficult>0</difficult>
        <bndbox>
            <xmin>562.1007031250003</xmin>
            <ymin>214.45242187500043</ymin>
            <xmax>680.3238287353524</xmax>
            <ymax>332.9791009521476</ymax>
        </bndbox>
    </object>    <object>
        <name>body</name>
        <pose>Unspecified</pose>
        <truncated>0</truncated>
        <difficult>0</difficult>
        <bndbox>
            <xmin>688.244140625</xmin>
            <ymin>343.9593098958333</ymin>
            <xmax>1262.244140625</xmax>
            <ymax>716.9183593750008</ymax>
        </bndbox>
    </object>    <object>
        <name>body</name>
        <pose>Unspecified</pose>
        <truncated>0</truncated>
        <difficult>0</difficult>
        <bndbox>
            <xmin>23.890580610795453</xmin>
            <ymin>362.71914062500093</ymin>
            <xmax>518.8111535274674</xmax>
            <ymax>701.7623592376708</ymax>
        </bndbox>
    </object>    <object>
        <name>head</name>
        <pose>Unspecified</pose>
        <truncated>0</truncated>
        <difficult>0</difficult>
        <bndbox>
            <xmin>822.9997306034483</xmin>
            <ymin>61.6221713362069</ymin>
            <xmax>1137.891136853449</xmax>
            <ymax>361.8243075666746</ymax>
        </bndbox>
    </object>    <object>
        <name>head</name>
        <pose>Unspecified</pose>
        <truncated>0</truncated>
        <difficult>0</difficult>
        <bndbox>
            <xmin>178.54750279017858</xmin>
            <ymin>58.14585658482143</ymin>
            <xmax>456.24750279017604</xmax>
            <ymax>363.3280831473229</ymax>
        </bndbox>
    </object>    <object>
        <name>body</name>
        <pose>Unspecified</pose>
        <truncated>0</truncated>
        <difficult>0</difficult>
        <bndbox>
            <xmin>515.768203125</xmin>
            <ymin>320.5116796875</ymin>
            <xmax>715.7580468750015</xmax>
            <ymax>499.3789532791922</ymax>
        </bndbox>
    </object>
</annotation>
