<annotation>
    <folder></folder>
    <filename>frame_000161</filename>
    <path></path>
    <source>
        <database>Unknown</database>
    </source>
    <size>
        <width>1280</width>
        <height>720</height>
        <depth>3</depth>
    </size>
    <segmented>0</segmented>
    <object>
        <name>head</name>
        <pose>Unspecified</pose>
        <truncated>0</truncated>
        <difficult>0</difficult>
        <bndbox>
            <xmin>592.2076822916666</xmin>
            <ymin>187.85091145833334</ymin>
            <xmax>720.1404947916659</xmax>
            <ymax>321.8190437825518</ymax>
        </bndbox>
    </object>    <object>
        <name>body</name>
        <pose>Unspecified</pose>
        <truncated>0</truncated>
        <difficult>0</difficult>
        <bndbox>
            <xmin>669.5305723852041</xmin>
            <ymin>368.41464710884355</ymin>
            <xmax>1243.530572385204</xmax>
            <ymax>720.0</ymax>
        </bndbox>
    </object>    <object>
        <name>body</name>
        <pose>Unspecified</pose>
        <truncated>0</truncated>
        <difficult>0</difficult>
        <bndbox>
            <xmin>13.085394965277779</xmin>
            <ymin>355.9070095486111</ymin>
            <xmax>502.99754050926225</xmax>
            <ymax>717.5521968135121</ymax>
        </bndbox>
    </object>    <object>
        <name>head</name>
        <pose>Unspecified</pose>
        <truncated>0</truncated>
        <difficult>0</difficult>
        <bndbox>
            <xmin>833.6184985017123</xmin>
            <ymin>50.3997150577911</ymin>
            <xmax>1148.509904751713</xmax>
            <ymax>350.60185128825873</ymax>
        </bndbox>
    </object>    <object>
        <name>head</name>
        <pose>Unspecified</pose>
        <truncated>0</truncated>
        <difficult>0</difficult>
        <bndbox>
            <xmin>145.807421875</xmin>
            <ymin>70.011328125</ymin>
            <xmax>407.7166015625</xmax>
            <ymax>363.8703124999996</ymax>
        </bndbox>
    </object>    <object>
        <name>body</name>
        <pose>Unspecified</pose>
        <truncated>0</truncated>
        <difficult>0</difficult>
        <bndbox>
            <xmin>512.1125710227273</xmin>
            <ymin>329.50923295454544</ymin>
            <xmax>739.9125710227265</xmax>
            <ymax>507.49006014737165</ymax>
        </bndbox>
    </object>
</annotation>
