<annotation>
    <folder></folder>
    <filename>frame_000186</filename>
    <path></path>
    <source>
        <database>Unknown</database>
    </source>
    <size>
        <width>1280</width>
        <height>720</height>
        <depth>3</depth>
    </size>
    <segmented>0</segmented>
    <object>
        <name>head</name>
        <pose>Unspecified</pose>
        <truncated>0</truncated>
        <difficult>0</difficult>
        <bndbox>
            <xmin>582.2998046875</xmin>
            <ymin>192.61474609375</ymin>
            <xmax>710.2326171874993</xmax>
            <ymax>327.227059936522</ymax>
        </bndbox>
    </object>    <object>
        <name>body</name>
        <pose>Unspecified</pose>
        <truncated>0</truncated>
        <difficult>0</difficult>
        <bndbox>
            <xmin>663.6173867984694</xmin>
            <ymin>368.6056414753401</ymin>
            <xmax>1237.6173867984694</xmax>
            <ymax>720.0</ymax>
        </bndbox>
    </object>    <object>
        <name>body</name>
        <pose>Unspecified</pose>
        <truncated>0</truncated>
        <difficult>0</difficult>
        <bndbox>
            <xmin>9.021809895833332</xmin>
            <ymin>324.6502278645833</ymin>
            <xmax>481.4818793402794</xmax>
            <ymax>715.1985399034274</ymax>
        </bndbox>
    </object>    <object>
        <name>head</name>
        <pose>Unspecified</pose>
        <truncated>0</truncated>
        <difficult>0</difficult>
        <bndbox>
            <xmin>835.0030768407535</xmin>
            <ymin>48.948081656678085</ymin>
            <xmax>1149.8944830907542</xmax>
            <ymax>349.15021788714574</ymax>
        </bndbox>
    </object>    <object>
        <name>head</name>
        <pose>Unspecified</pose>
        <truncated>0</truncated>
        <difficult>0</difficult>
        <bndbox>
            <xmin>191.19331498579547</xmin>
            <ymin>40.52876420454545</ymin>
            <xmax>453.10249467329544</xmax>
            <ymax>334.3877485795451</ymax>
        </bndbox>
    </object>    <object>
        <name>body</name>
        <pose>Unspecified</pose>
        <truncated>0</truncated>
        <difficult>0</difficult>
        <bndbox>
            <xmin>491.9142578125</xmin>
            <ymin>299.77001953125</ymin>
            <xmax>719.7142578124992</xmax>
            <ymax>463.47003173828125</ymax>
        </bndbox>
    </object>
</annotation>
