<annotation>
    <folder></folder>
    <filename>frame_000361</filename>
    <path></path>
    <source>
        <database>Unknown</database>
    </source>
    <size>
        <width>1280</width>
        <height>720</height>
        <depth>3</depth>
    </size>
    <segmented>0</segmented>
    <object>
        <name>head</name>
        <pose>Unspecified</pose>
        <truncated>0</truncated>
        <difficult>0</difficult>
        <bndbox>
            <xmin>555.8561197916666</xmin>
            <ymin>204.28352864583334</ymin>
            <xmax>655.7404947916681</xmax>
            <ymax>316.46263020833186</ymax>
        </bndbox>
    </object>    <object>
        <name>body</name>
        <pose>Unspecified</pose>
        <truncated>0</truncated>
        <difficult>0</difficult>
        <bndbox>
            <xmin>699.8097098214286</xmin>
            <ymin>340.576171875</ymin>
            <xmax>1269.7006536989795</xmax>
            <ymax>714.3726562500015</ymax>
        </bndbox>
    </object>    <object>
        <name>body</name>
        <pose>Unspecified</pose>
        <truncated>0</truncated>
        <difficult>0</difficult>
        <bndbox>
            <xmin>5.5302734375</xmin>
            <ymin>347.1624023437507</ymin>
            <xmax>481.5615722656257</xmax>
            <ymax>714.1058071899406</ymax>
        </bndbox>
    </object>    <object>
        <name>head</name>
        <pose>Unspecified</pose>
        <truncated>0</truncated>
        <difficult>0</difficult>
        <bndbox>
            <xmin>812.972890625</xmin>
            <ymin>57.7156640625</ymin>
            <xmax>1127.8642968750007</xmax>
            <ymax>357.9178002929677</ymax>
        </bndbox>
    </object>    <object>
        <name>head</name>
        <pose>Unspecified</pose>
        <truncated>0</truncated>
        <difficult>0</difficult>
        <bndbox>
            <xmin>135.778515625</xmin>
            <ymin>85.501171875</ymin>
            <xmax>401.2858593750003</xmax>
            <ymax>363.4340975952142</ymax>
        </bndbox>
    </object>    <object>
        <name>body</name>
        <pose>Unspecified</pose>
        <truncated>0</truncated>
        <difficult>0</difficult>
        <bndbox>
            <xmin>517.6476562500011</xmin>
            <ymin>315.94619140625036</ymin>
            <xmax>717.5032949347242</xmax>
            <ymax>500.6517907393609</ymax>
        </bndbox>
    </object>
</annotation>
