<annotation>
    <folder></folder>
    <filename>frame_000460</filename>
    <path></path>
    <source>
        <database>Unknown</database>
    </source>
    <size>
        <width>1280</width>
        <height>720</height>
        <depth>3</depth>
    </size>
    <segmented>0</segmented>
    <object>
        <name>head</name>
        <pose>Unspecified</pose>
        <truncated>0</truncated>
        <difficult>0</difficult>
        <bndbox>
            <xmin>569.5107421875</xmin>
            <ymin>205.677031250001</ymin>
            <xmax>686.2370703125001</xmax>
            <ymax>326.2363267517088</ymax>
        </bndbox>
    </object>    <object>
        <name>body</name>
        <pose>Unspecified</pose>
        <truncated>0</truncated>
        <difficult>0</difficult>
        <bndbox>
            <xmin>688.244140625</xmin>
            <ymin>347.8766276041667</ymin>
            <xmax>1262.244140625</xmax>
            <ymax>719.866015625</ymax>
        </bndbox>
    </object>    <object>
        <name>body</name>
        <pose>Unspecified</pose>
        <truncated>0</truncated>
        <difficult>0</difficult>
        <bndbox>
            <xmin>4.706752232142858</xmin>
            <ymin>354.47314453125</ymin>
            <xmax>529.254812127976</xmax>
            <ymax>718.2857142857143</ymax>
        </bndbox>
    </object>    <object>
        <name>head</name>
        <pose>Unspecified</pose>
        <truncated>0</truncated>
        <difficult>0</difficult>
        <bndbox>
            <xmin>833.54052734375</xmin>
            <ymin>50.711181640625</ymin>
            <xmax>1125.091266526446</xmax>
            <ymax>341.0585554387021</ymax>
        </bndbox>
    </object>    <object>
        <name>head</name>
        <pose>Unspecified</pose>
        <truncated>0</truncated>
        <difficult>0</difficult>
        <bndbox>
            <xmin>73.512451171875</xmin>
            <ymin>55.917724609375</ymin>
            <xmax>351.2124511718757</xmax>
            <ymax>361.09995117187646</ymax>
        </bndbox>
    </object>    <object>
        <name>body</name>
        <pose>Unspecified</pose>
        <truncated>0</truncated>
        <difficult>0</difficult>
        <bndbox>
            <xmin>513.619140625</xmin>
            <ymin>326.4303385416667</ymin>
            <xmax>717.2484665561764</xmax>
            <ymax>488.81617804155394</ymax>
        </bndbox>
    </object>
</annotation>
