<annotation>
    <folder></folder>
    <filename>frame_000156</filename>
    <path></path>
    <source>
        <database>Unknown</database>
    </source>
    <size>
        <width>1280</width>
        <height>720</height>
        <depth>3</depth>
    </size>
    <segmented>0</segmented>
    <object>
        <name>head</name>
        <pose>Unspecified</pose>
        <truncated>0</truncated>
        <difficult>0</difficult>
        <bndbox>
            <xmin>569.576171875</xmin>
            <ymin>182.80517578125</ymin>
            <xmax>697.1343359375005</xmax>
            <ymax>316.3438537597649</ymax>
        </bndbox>
    </object>    <object>
        <name>body</name>
        <pose>Unspecified</pose>
        <truncated>0</truncated>
        <difficult>0</difficult>
        <bndbox>
            <xmin>670.713209502551</xmin>
            <ymin>368.3764482355442</ymin>
            <xmax>1244.713209502551</xmax>
            <ymax>720.0</ymax>
        </bndbox>
    </object>    <object>
        <name>body</name>
        <pose>Unspecified</pose>
        <truncated>0</truncated>
        <difficult>0</difficult>
        <bndbox>
            <xmin>13.898111979166666</xmin>
            <ymin>362.1583658854167</ymin>
            <xmax>507.3006727430588</xmax>
            <ymax>718.022928195529</ymax>
        </bndbox>
    </object>    <object>
        <name>head</name>
        <pose>Unspecified</pose>
        <truncated>0</truncated>
        <difficult>0</difficult>
        <bndbox>
            <xmin>833.3415828339041</xmin>
            <ymin>50.6900417380137</ymin>
            <xmax>1148.2329890839048</xmax>
            <ymax>350.89217796848135</ymax>
        </bndbox>
    </object>    <object>
        <name>head</name>
        <pose>Unspecified</pose>
        <truncated>0</truncated>
        <difficult>0</difficult>
        <bndbox>
            <xmin>130.33647017045453</xmin>
            <ymin>68.19065163352272</ymin>
            <xmax>392.24564985795456</xmax>
            <ymax>362.04963600852244</ymax>
        </bndbox>
    </object>    <object>
        <name>body</name>
        <pose>Unspecified</pose>
        <truncated>0</truncated>
        <difficult>0</difficult>
        <bndbox>
            <xmin>514.6392045454545</xmin>
            <ymin>321.13809481534093</ymin>
            <xmax>742.4392045454538</xmax>
            <ymax>503.581676691228</ymax>
        </bndbox>
    </object>
</annotation>
