<annotation>
    <folder></folder>
    <filename>frame_000497</filename>
    <path></path>
    <source>
        <database>Unknown</database>
    </source>
    <size>
        <width>1280</width>
        <height>720</height>
        <depth>3</depth>
    </size>
    <segmented>0</segmented>
    <object>
        <name>head</name>
        <pose>Unspecified</pose>
        <truncated>0</truncated>
        <difficult>0</difficult>
        <bndbox>
            <xmin>551.3899739583334</xmin>
            <ymin>222.267578125</ymin>
            <xmax>672.0997395833341</xmax>
            <ymax>331.3130849202462</ymax>
        </bndbox>
    </object>    <object>
        <name>body</name>
        <pose>Unspecified</pose>
        <truncated>0</truncated>
        <difficult>0</difficult>
        <bndbox>
            <xmin>681.8942057291666</xmin>
            <ymin>355.5388997395833</ymin>
            <xmax>1259.5953776041667</xmax>
            <ymax>705.0961263020848</ymax>
        </bndbox>
    </object>    <object>
        <name>body</name>
        <pose>Unspecified</pose>
        <truncated>0</truncated>
        <difficult>0</difficult>
        <bndbox>
            <xmin>19.657552083333332</xmin>
            <ymin>345.5400390625</ymin>
            <xmax>510.0870833333308</xmax>
            <ymax>717.4341796874996</ymax>
        </bndbox>
    </object>    <object>
        <name>head</name>
        <pose>Unspecified</pose>
        <truncated>0</truncated>
        <difficult>0</difficult>
        <bndbox>
            <xmin>813.5044642857143</xmin>
            <ymin>57.55092075892857</ymin>
            <xmax>1122.6797888049452</xmax>
            <ymax>355.33964578146305</ymax>
        </bndbox>
    </object>    <object>
        <name>head</name>
        <pose>Unspecified</pose>
        <truncated>0</truncated>
        <difficult>0</difficult>
        <bndbox>
            <xmin>116.13925781250023</xmin>
            <ymin>61.4111328125</ymin>
            <xmax>421.53645222981805</xmax>
            <ymax>356.55157267252554</ymax>
        </bndbox>
    </object>    <object>
        <name>body</name>
        <pose>Unspecified</pose>
        <truncated>0</truncated>
        <difficult>0</difficult>
        <bndbox>
            <xmin>517.7550048828125</xmin>
            <ymin>315.7237854003906</ymin>
            <xmax>732.6060675392681</xmax>
            <ymax>487.8464382117893</ymax>
        </bndbox>
    </object>
</annotation>
