<annotation>
    <folder></folder>
    <filename>frame_000227</filename>
    <path></path>
    <source>
        <database>Unknown</database>
    </source>
    <size>
        <width>1280</width>
        <height>720</height>
        <depth>3</depth>
    </size>
    <segmented>0</segmented>
    <object>
        <name>head</name>
        <pose>Unspecified</pose>
        <truncated>0</truncated>
        <difficult>0</difficult>
        <bndbox>
            <xmin>587.123046875</xmin>
            <ymin>198.22265625</ymin>
            <xmax>715.0558593749993</xmax>
            <ymax>332.834970092772</ymax>
        </bndbox>
    </object>    <object>
        <name>body</name>
        <pose>Unspecified</pose>
        <truncated>0</truncated>
        <difficult>0</difficult>
        <bndbox>
            <xmin>701.513671875</xmin>
            <ymin>366.37109375</ymin>
            <xmax>1275.513671875</xmax>
            <ymax>717.7578125</ymax>
        </bndbox>
    </object>    <object>
        <name>body</name>
        <pose>Unspecified</pose>
        <truncated>0</truncated>
        <difficult>0</difficult>
        <bndbox>
            <xmin>5.6083984375</xmin>
            <ymin>346.2138671875</ymin>
            <xmax>533.2000000000007</xmax>
            <ymax>708.7368896484368</ymax>
        </bndbox>
    </object>    <object>
        <name>head</name>
        <pose>Unspecified</pose>
        <truncated>0</truncated>
        <difficult>0</difficult>
        <bndbox>
            <xmin>837.2742800245098</xmin>
            <ymin>56.806468290441174</ymin>
            <xmax>1152.1656862745106</xmax>
            <ymax>357.0086045209088</ymax>
        </bndbox>
    </object>    <object>
        <name>head</name>
        <pose>Unspecified</pose>
        <truncated>0</truncated>
        <difficult>0</difficult>
        <bndbox>
            <xmin>203.0078125</xmin>
            <ymin>99.3828125</ymin>
            <xmax>439.07480468750146</xmax>
            <ymax>351.7581970214833</ymax>
        </bndbox>
    </object>    <object>
        <name>body</name>
        <pose>Unspecified</pose>
        <truncated>0</truncated>
        <difficult>0</difficult>
        <bndbox>
            <xmin>506.271484375</xmin>
            <ymin>334.990234375</ymin>
            <xmax>734.0714843749993</xmax>
            <ymax>533.4586059570283</ymax>
        </bndbox>
    </object>
</annotation>
