<annotation>
    <folder></folder>
    <filename>frame_000028</filename>
    <path></path>
    <source>
        <database>Unknown</database>
    </source>
    <size>
        <width>1280</width>
        <height>720</height>
        <depth>3</depth>
    </size>
    <segmented>0</segmented>
    <object>
        <name>head</name>
        <pose>Unspecified</pose>
        <truncated>0</truncated>
        <difficult>0</difficult>
        <bndbox>
            <xmin>552.3515625</xmin>
            <ymin>202.6611328125</ymin>
            <xmax>657.8054687500007</xmax>
            <ymax>336.1998107910149</ymax>
        </bndbox>
    </object>    <object>
        <name>body</name>
        <pose>Unspecified</pose>
        <truncated>0</truncated>
        <difficult>0</difficult>
        <bndbox>
            <xmin>738.51171875</xmin>
            <ymin>323.75</ymin>
            <xmax>1280.0</xmax>
            <ymax>689.716796875</ymax>
        </bndbox>
    </object>    <object>
        <name>body</name>
        <pose>Unspecified</pose>
        <truncated>0</truncated>
        <difficult>0</difficult>
        <bndbox>
            <xmin>0.560791015625</xmin>
            <ymin>358.3423665364583</ymin>
            <xmax>598.7881347656257</xmax>
            <ymax>709.7130696614598</ymax>
        </bndbox>
    </object>    <object>
        <name>head</name>
        <pose>Unspecified</pose>
        <truncated>0</truncated>
        <difficult>0</difficult>
        <bndbox>
            <xmin>962.845703125</xmin>
            <ymin>11.2080078125</ymin>
            <xmax>1277.7371093750007</xmax>
            <ymax>311.41014404296766</ymax>
        </bndbox>
    </object>    <object>
        <name>head</name>
        <pose>Unspecified</pose>
        <truncated>0</truncated>
        <difficult>0</difficult>
        <bndbox>
            <xmin>156.2744140625</xmin>
            <ymin>30.250651041666664</ymin>
            <xmax>415.908203125</xmax>
            <ymax>372.68541666666715</ymax>
        </bndbox>
    </object>    <object>
        <name>body</name>
        <pose>Unspecified</pose>
        <truncated>0</truncated>
        <difficult>0</difficult>
        <bndbox>
            <xmin>513.0</xmin>
            <ymin>330.5</ymin>
            <xmax>740.7999999999993</xmax>
            <ymax>494.20001220703125</ymax>
        </bndbox>
    </object>
</annotation>
