<annotation>
    <folder></folder>
    <filename>frame_000086</filename>
    <path></path>
    <source>
        <database>Unknown</database>
    </source>
    <size>
        <width>1280</width>
        <height>720</height>
        <depth>3</depth>
    </size>
    <segmented>0</segmented>
    <object>
        <name>head</name>
        <pose>Unspecified</pose>
        <truncated>0</truncated>
        <difficult>0</difficult>
        <bndbox>
            <xmin>618.6328125</xmin>
            <ymin>202.833984375</ymin>
            <xmax>724.0867187500007</xmax>
            <ymax>336.3726623535149</ymax>
        </bndbox>
    </object>    <object>
        <name>body</name>
        <pose>Unspecified</pose>
        <truncated>0</truncated>
        <difficult>0</difficult>
        <bndbox>
            <xmin>687.2701291454082</xmin>
            <ymin>367.84166400935374</ymin>
            <xmax>1261.2701291454082</xmax>
            <ymax>720.0</ymax>
        </bndbox>
    </object>    <object>
        <name>body</name>
        <pose>Unspecified</pose>
        <truncated>0</truncated>
        <difficult>0</difficult>
        <bndbox>
            <xmin>2.0394176136363638</xmin>
            <ymin>340.32803622159093</ymin>
            <xmax>546.476633522728</xmax>
            <ymax>717.1272727272735</ymax>
        </bndbox>
    </object>    <object>
        <name>head</name>
        <pose>Unspecified</pose>
        <truncated>0</truncated>
        <difficult>0</difficult>
        <bndbox>
            <xmin>829.4647634845891</xmin>
            <ymin>54.754615261130134</ymin>
            <xmax>1144.3561697345897</xmax>
            <ymax>354.9567514915978</ymax>
        </bndbox>
    </object>    <object>
        <name>head</name>
        <pose>Unspecified</pose>
        <truncated>0</truncated>
        <difficult>0</difficult>
        <bndbox>
            <xmin>132.5947265625</xmin>
            <ymin>59.9814453125</ymin>
            <xmax>394.50390625</xmax>
            <ymax>353.84042968749964</ymax>
        </bndbox>
    </object>    <object>
        <name>body</name>
        <pose>Unspecified</pose>
        <truncated>0</truncated>
        <difficult>0</difficult>
        <bndbox>
            <xmin>516.849609375</xmin>
            <ymin>327.0452473958333</ymin>
            <xmax>744.6496093749993</xmax>
            <ymax>510.03194391982714</ymax>
        </bndbox>
    </object>
</annotation>
