<annotation>
    <folder></folder>
    <filename>frame_000349</filename>
    <path></path>
    <source>
        <database>Unknown</database>
    </source>
    <size>
        <width>1280</width>
        <height>720</height>
        <depth>3</depth>
    </size>
    <segmented>0</segmented>
    <object>
        <name>head</name>
        <pose>Unspecified</pose>
        <truncated>0</truncated>
        <difficult>0</difficult>
        <bndbox>
            <xmin>569.795703125</xmin>
            <ymin>209.508984375</ymin>
            <xmax>669.6800781250015</xmax>
            <ymax>321.68808593749856</ymax>
        </bndbox>
    </object>    <object>
        <name>body</name>
        <pose>Unspecified</pose>
        <truncated>0</truncated>
        <difficult>0</difficult>
        <bndbox>
            <xmin>690.1199776785714</xmin>
            <ymin>340.576171875</ymin>
            <xmax>1261.4611766581634</xmax>
            <ymax>714.3726562500015</ymax>
        </bndbox>
    </object>    <object>
        <name>body</name>
        <pose>Unspecified</pose>
        <truncated>0</truncated>
        <difficult>0</difficult>
        <bndbox>
            <xmin>28.10791015625</xmin>
            <ymin>404.33883928571544</ymin>
            <xmax>502.30099051339414</xmax>
            <ymax>713.9331948416574</ymax>
        </bndbox>
    </object>    <object>
        <name>head</name>
        <pose>Unspecified</pose>
        <truncated>0</truncated>
        <difficult>0</difficult>
        <bndbox>
            <xmin>836.845390625</xmin>
            <ymin>56.2733203125</ymin>
            <xmax>1151.7367968750007</xmax>
            <ymax>356.47545654296766</ymax>
        </bndbox>
    </object>    <object>
        <name>head</name>
        <pose>Unspecified</pose>
        <truncated>0</truncated>
        <difficult>0</difficult>
        <bndbox>
            <xmin>130.11376953125</xmin>
            <ymin>58.46757812500073</ymin>
            <xmax>388.9118145636794</xmax>
            <ymax>392.6595816558265</ymax>
        </bndbox>
    </object>    <object>
        <name>body</name>
        <pose>Unspecified</pose>
        <truncated>0</truncated>
        <difficult>0</difficult>
        <bndbox>
            <xmin>529.1489257812509</xmin>
            <ymin>309.0430908203125</ymin>
            <xmax>730.2757471084578</xmax>
            <ymax>498.91395492553784</ymax>
        </bndbox>
    </object>
</annotation>
