<annotation>
    <folder></folder>
    <filename>frame_000474</filename>
    <path></path>
    <source>
        <database>Unknown</database>
    </source>
    <size>
        <width>1280</width>
        <height>720</height>
        <depth>3</depth>
    </size>
    <segmented>0</segmented>
    <object>
        <name>head</name>
        <pose>Unspecified</pose>
        <truncated>0</truncated>
        <difficult>0</difficult>
        <bndbox>
            <xmin>594.318359375</xmin>
            <ymin>212.3427734375</ymin>
            <xmax>694.2027343750015</xmax>
            <ymax>324.52187499999854</ymax>
        </bndbox>
    </object>    <object>
        <name>body</name>
        <pose>Unspecified</pose>
        <truncated>0</truncated>
        <difficult>0</difficult>
        <bndbox>
            <xmin>688.244140625</xmin>
            <ymin>372.09352678571463</ymin>
            <xmax>1262.244140625</xmax>
            <ymax>720.0</ymax>
        </bndbox>
    </object>    <object>
        <name>body</name>
        <pose>Unspecified</pose>
        <truncated>0</truncated>
        <difficult>0</difficult>
        <bndbox>
            <xmin>10.3046875</xmin>
            <ymin>360.4033203125</ymin>
            <xmax>521.9430338541642</xmax>
            <ymax>720.0</ymax>
        </bndbox>
    </object>    <object>
        <name>head</name>
        <pose>Unspecified</pose>
        <truncated>0</truncated>
        <difficult>0</difficult>
        <bndbox>
            <xmin>783.546875</xmin>
            <ymin>76.5185546875</ymin>
            <xmax>1081.7663762019256</xmax>
            <ymax>369.681574894832</ymax>
        </bndbox>
    </object>    <object>
        <name>head</name>
        <pose>Unspecified</pose>
        <truncated>0</truncated>
        <difficult>0</difficult>
        <bndbox>
            <xmin>123.375</xmin>
            <ymin>77.6806640625</ymin>
            <xmax>384.27392578125</xmax>
            <ymax>363.2502899169922</ymax>
        </bndbox>
    </object>    <object>
        <name>body</name>
        <pose>Unspecified</pose>
        <truncated>0</truncated>
        <difficult>0</difficult>
        <bndbox>
            <xmin>525.349609375</xmin>
            <ymin>324.0546875</ymin>
            <xmax>733.2249978508771</xmax>
            <ymax>490.1247266312712</ymax>
        </bndbox>
    </object>
</annotation>
