<annotation>
    <folder></folder>
    <filename>frame_000324</filename>
    <path></path>
    <source>
        <database>Unknown</database>
    </source>
    <size>
        <width>1280</width>
        <height>720</height>
        <depth>3</depth>
    </size>
    <segmented>0</segmented>
    <object>
        <name>head</name>
        <pose>Unspecified</pose>
        <truncated>0</truncated>
        <difficult>0</difficult>
        <bndbox>
            <xmin>588.39453125</xmin>
            <ymin>217.96875</ymin>
            <xmax>688.2789062500015</xmax>
            <ymax>330.14785156249854</ymax>
        </bndbox>
    </object>    <object>
        <name>body</name>
        <pose>Unspecified</pose>
        <truncated>0</truncated>
        <difficult>0</difficult>
        <bndbox>
            <xmin>675.3837193080357</xmin>
            <ymin>343.32798549107144</ymin>
            <xmax>1249.3837193080358</xmax>
            <ymax>714.9755859375013</ymax>
        </bndbox>
    </object>    <object>
        <name>body</name>
        <pose>Unspecified</pose>
        <truncated>0</truncated>
        <difficult>0</difficult>
        <bndbox>
            <xmin>24.3876953125</xmin>
            <ymin>336.2138671875</ymin>
            <xmax>560.4000000000015</xmax>
            <ymax>718.0497558593779</ymax>
        </bndbox>
    </object>    <object>
        <name>head</name>
        <pose>Unspecified</pose>
        <truncated>0</truncated>
        <difficult>0</difficult>
        <bndbox>
            <xmin>870.87890625</xmin>
            <ymin>56.97001953125</ymin>
            <xmax>1185.7703125000007</xmax>
            <ymax>357.17215576171765</ymax>
        </bndbox>
    </object>    <object>
        <name>head</name>
        <pose>Unspecified</pose>
        <truncated>0</truncated>
        <difficult>0</difficult>
        <bndbox>
            <xmin>219.97786458333334</xmin>
            <ymin>66.7666015625</ymin>
            <xmax>494.96930989583535</xmax>
            <ymax>368.57400390625236</ymax>
        </bndbox>
    </object>    <object>
        <name>body</name>
        <pose>Unspecified</pose>
        <truncated>0</truncated>
        <difficult>0</difficult>
        <bndbox>
            <xmin>547.931640625</xmin>
            <ymin>319.802734375</ymin>
            <xmax>723.08984375</xmax>
            <ymax>490.8028137207002</ymax>
        </bndbox>
    </object>
</annotation>
