<annotation>
    <folder></folder>
    <filename>frame_000055</filename>
    <path></path>
    <source>
        <database>Unknown</database>
    </source>
    <size>
        <width>1280</width>
        <height>720</height>
        <depth>3</depth>
    </size>
    <segmented>0</segmented>
    <object>
        <name>head</name>
        <pose>Unspecified</pose>
        <truncated>0</truncated>
        <difficult>0</difficult>
        <bndbox>
            <xmin>609.0092447916667</xmin>
            <ymin>195.37200520833332</ymin>
            <xmax>714.4631510416674</xmax>
            <ymax>328.91068318684825</ymax>
        </bndbox>
    </object>    <object>
        <name>body</name>
        <pose>Unspecified</pose>
        <truncated>0</truncated>
        <difficult>0</difficult>
        <bndbox>
            <xmin>694.6024792729592</xmin>
            <ymin>367.60483099489795</ymin>
            <xmax>1268.6024792729593</xmax>
            <ymax>720.0</ymax>
        </bndbox>
    </object>    <object>
        <name>body</name>
        <pose>Unspecified</pose>
        <truncated>0</truncated>
        <difficult>0</difficult>
        <bndbox>
            <xmin>3.6531529017857145</xmin>
            <ymin>356.2486328125</ymin>
            <xmax>563.239425223215</xmax>
            <ymax>713.299425223215</ymax>
        </bndbox>
    </object>    <object>
        <name>head</name>
        <pose>Unspecified</pose>
        <truncated>0</truncated>
        <difficult>0</difficult>
        <bndbox>
            <xmin>827.747886344178</xmin>
            <ymin>56.554640678510275</ymin>
            <xmax>1142.6392925941789</xmax>
            <ymax>356.75677690897794</ymax>
        </bndbox>
    </object>    <object>
        <name>head</name>
        <pose>Unspecified</pose>
        <truncated>0</truncated>
        <difficult>0</difficult>
        <bndbox>
            <xmin>65.0537109375</xmin>
            <ymin>58.646484375</ymin>
            <xmax>326.962890625</xmax>
            <ymax>352.50546874999964</ymax>
        </bndbox>
    </object>    <object>
        <name>body</name>
        <pose>Unspecified</pose>
        <truncated>0</truncated>
        <difficult>0</difficult>
        <bndbox>
            <xmin>506.7881610576923</xmin>
            <ymin>326.6179387019231</ymin>
            <xmax>734.5881610576915</xmax>
            <ymax>490.31795090895434</ymax>
        </bndbox>
    </object>
</annotation>
