<annotation>
    <folder></folder>
    <filename>frame_000527</filename>
    <path></path>
    <source>
        <database>Unknown</database>
    </source>
    <size>
        <width>1280</width>
        <height>720</height>
        <depth>3</depth>
    </size>
    <segmented>0</segmented>
    <object>
        <name>head</name>
        <pose>Unspecified</pose>
        <truncated>0</truncated>
        <difficult>0</difficult>
        <bndbox>
            <xmin>575.1184895833334</xmin>
            <ymin>199.55978732638889</ymin>
            <xmax>684.3087239583341</xmax>
            <ymax>311.73888888888746</ymax>
        </bndbox>
    </object>    <object>
        <name>body</name>
        <pose>Unspecified</pose>
        <truncated>0</truncated>
        <difficult>0</difficult>
        <bndbox>
            <xmin>711.599832589287</xmin>
            <ymin>354.9923549107147</ymin>
            <xmax>1279.0662388392848</xmax>
            <ymax>697.9010009765625</ymax>
        </bndbox>
    </object>    <object>
        <name>body</name>
        <pose>Unspecified</pose>
        <truncated>0</truncated>
        <difficult>0</difficult>
        <bndbox>
            <xmin>14.827427455357142</xmin>
            <ymin>322.97650669642877</ymin>
            <xmax>520.5385285295737</xmax>
            <ymax>707.7986589704253</ymax>
        </bndbox>
    </object>    <object>
        <name>head</name>
        <pose>Unspecified</pose>
        <truncated>0</truncated>
        <difficult>0</difficult>
        <bndbox>
            <xmin>829.2919921875</xmin>
            <ymin>52.6142578125</ymin>
            <xmax>1144.1833984375007</xmax>
            <ymax>352.81639404296766</ymax>
        </bndbox>
    </object>    <object>
        <name>head</name>
        <pose>Unspecified</pose>
        <truncated>0</truncated>
        <difficult>0</difficult>
        <bndbox>
            <xmin>161.7099609375</xmin>
            <ymin>65.75</ymin>
            <xmax>405.8078125000011</xmax>
            <ymax>331.7070251464829</ymax>
        </bndbox>
    </object>    <object>
        <name>body</name>
        <pose>Unspecified</pose>
        <truncated>0</truncated>
        <difficult>0</difficult>
        <bndbox>
            <xmin>513.5328125</xmin>
            <ymin>313.080859375</ymin>
            <xmax>735.056259155272</xmax>
            <ymax>507.83248697916713</ymax>
        </bndbox>
    </object>
</annotation>
