<annotation>
    <folder></folder>
    <filename>frame_000238</filename>
    <path></path>
    <source>
        <database>Unknown</database>
    </source>
    <size>
        <width>1280</width>
        <height>720</height>
        <depth>3</depth>
    </size>
    <segmented>0</segmented>
    <object>
        <name>head</name>
        <pose>Unspecified</pose>
        <truncated>0</truncated>
        <difficult>0</difficult>
        <bndbox>
            <xmin>553.48828125</xmin>
            <ymin>189.474609375</ymin>
            <xmax>678.6162499999991</xmax>
            <ymax>321.84360198974474</ymax>
        </bndbox>
    </object>    <object>
        <name>body</name>
        <pose>Unspecified</pose>
        <truncated>0</truncated>
        <difficult>0</difficult>
        <bndbox>
            <xmin>701.513671875</xmin>
            <ymin>358.65633491847825</ymin>
            <xmax>1275.513671875</xmax>
            <ymax>714.1515106997292</ymax>
        </bndbox>
    </object>    <object>
        <name>body</name>
        <pose>Unspecified</pose>
        <truncated>0</truncated>
        <difficult>0</difficult>
        <bndbox>
            <xmin>7.0828735351562955</xmin>
            <ymin>327.31250000000136</ymin>
            <xmax>532.6392326354987</xmax>
            <ymax>708.2883243560791</ymax>
        </bndbox>
    </object>    <object>
        <name>head</name>
        <pose>Unspecified</pose>
        <truncated>0</truncated>
        <difficult>0</difficult>
        <bndbox>
            <xmin>837.8838465073529</xmin>
            <ymin>56.210592830882355</ymin>
            <xmax>1152.7752527573537</xmax>
            <ymax>356.41272906135003</ymax>
        </bndbox>
    </object>    <object>
        <name>head</name>
        <pose>Unspecified</pose>
        <truncated>0</truncated>
        <difficult>0</difficult>
        <bndbox>
            <xmin>142.8916015625</xmin>
            <ymin>85.55078125</ymin>
            <xmax>378.95859375000146</xmax>
            <ymax>337.9261657714833</ymax>
        </bndbox>
    </object>    <object>
        <name>body</name>
        <pose>Unspecified</pose>
        <truncated>0</truncated>
        <difficult>0</difficult>
        <bndbox>
            <xmin>495.50390625</xmin>
            <ymin>312.8955078125</ymin>
            <xmax>723.3039062499993</xmax>
            <ymax>511.36387939452834</ymax>
        </bndbox>
    </object>
</annotation>
