<annotation>
    <folder></folder>
    <filename>frame_000282</filename>
    <path></path>
    <source>
        <database>Unknown</database>
    </source>
    <size>
        <width>1280</width>
        <height>720</height>
        <depth>3</depth>
    </size>
    <segmented>0</segmented>
    <object>
        <name>head</name>
        <pose>Unspecified</pose>
        <truncated>0</truncated>
        <difficult>0</difficult>
        <bndbox>
            <xmin>596.0552884615385</xmin>
            <ymin>216.9492437900641</ymin>
            <xmax>695.9396634615399</xmax>
            <ymax>329.12834535256263</ymax>
        </bndbox>
    </object>    <object>
        <name>body</name>
        <pose>Unspecified</pose>
        <truncated>0</truncated>
        <difficult>0</difficult>
        <bndbox>
            <xmin>701.513671875</xmin>
            <ymin>367.655764678031</ymin>
            <xmax>1275.513671875</xmax>
            <ymax>706.0518045691289</ymax>
        </bndbox>
    </object>    <object>
        <name>body</name>
        <pose>Unspecified</pose>
        <truncated>0</truncated>
        <difficult>0</difficult>
        <bndbox>
            <xmin>1.051513671875</xmin>
            <ymin>312.07196044921875</ymin>
            <xmax>523.0356933593757</xmax>
            <ymax>714.7500000000014</ymax>
        </bndbox>
    </object>    <object>
        <name>head</name>
        <pose>Unspecified</pose>
        <truncated>0</truncated>
        <difficult>0</difficult>
        <bndbox>
            <xmin>836.4734375</xmin>
            <ymin>70.35319010416667</ymin>
            <xmax>1151.3648437500008</xmax>
            <ymax>370.55532633463434</ymax>
        </bndbox>
    </object>    <object>
        <name>head</name>
        <pose>Unspecified</pose>
        <truncated>0</truncated>
        <difficult>0</difficult>
        <bndbox>
            <xmin>121.73421223958334</xmin>
            <ymin>56.248372395833336</ymin>
            <xmax>388.1681966145874</xmax>
            <ymax>341.2001302083333</ymax>
        </bndbox>
    </object>    <object>
        <name>body</name>
        <pose>Unspecified</pose>
        <truncated>0</truncated>
        <difficult>0</difficult>
        <bndbox>
            <xmin>527.3032351762821</xmin>
            <ymin>317.7347005208333</ymin>
            <xmax>700.5776943108974</xmax>
            <ymax>489.38605080628975</ymax>
        </bndbox>
    </object>
</annotation>
