<annotation>
    <folder></folder>
    <filename>frame_000085</filename>
    <path></path>
    <source>
        <database>Unknown</database>
    </source>
    <size>
        <width>1280</width>
        <height>720</height>
        <depth>3</depth>
    </size>
    <segmented>0</segmented>
    <object>
        <name>head</name>
        <pose>Unspecified</pose>
        <truncated>0</truncated>
        <difficult>0</difficult>
        <bndbox>
            <xmin>611.8561197916666</xmin>
            <ymin>200.10807291666666</ymin>
            <xmax>717.3100260416674</xmax>
            <ymax>333.6467508951816</ymax>
        </bndbox>
    </object>    <object>
        <name>body</name>
        <pose>Unspecified</pose>
        <truncated>0</truncated>
        <difficult>0</difficult>
        <bndbox>
            <xmin>687.5066565688776</xmin>
            <ymin>367.83402423469386</ymin>
            <xmax>1261.5066565688776</xmax>
            <ymax>720.0</ymax>
        </bndbox>
    </object>    <object>
        <name>body</name>
        <pose>Unspecified</pose>
        <truncated>0</truncated>
        <difficult>0</difficult>
        <bndbox>
            <xmin>1.8694661458333333</xmin>
            <ymin>341.6510416666667</ymin>
            <xmax>543.7452473958341</xmax>
            <ymax>717.3666666666674</ymax>
        </bndbox>
    </object>    <object>
        <name>head</name>
        <pose>Unspecified</pose>
        <truncated>0</truncated>
        <difficult>0</difficult>
        <bndbox>
            <xmin>829.4093803510274</xmin>
            <ymin>54.812680597174655</ymin>
            <xmax>1144.3007866010282</xmax>
            <ymax>355.01481682764233</ymax>
        </bndbox>
    </object>    <object>
        <name>head</name>
        <pose>Unspecified</pose>
        <truncated>0</truncated>
        <difficult>0</difficult>
        <bndbox>
            <xmin>122.74381510416667</xmin>
            <ymin>59.0302734375</ymin>
            <xmax>384.6529947916667</xmax>
            <ymax>352.88925781249964</ymax>
        </bndbox>
    </object>    <object>
        <name>body</name>
        <pose>Unspecified</pose>
        <truncated>0</truncated>
        <difficult>0</difficult>
        <bndbox>
            <xmin>518.76171875</xmin>
            <ymin>329.26996527777777</ymin>
            <xmax>746.5617187499993</xmax>
            <ymax>512.4686033876723</ymax>
        </bndbox>
    </object>
</annotation>
