<annotation>
    <folder></folder>
    <filename>frame_000310</filename>
    <path></path>
    <source>
        <database>Unknown</database>
    </source>
    <size>
        <width>1280</width>
        <height>720</height>
        <depth>3</depth>
    </size>
    <segmented>0</segmented>
    <object>
        <name>head</name>
        <pose>Unspecified</pose>
        <truncated>0</truncated>
        <difficult>0</difficult>
        <bndbox>
            <xmin>584.2808837890625</xmin>
            <ymin>208.94940185546875</ymin>
            <xmax>684.165258789064</xmax>
            <ymax>321.1285034179673</ymax>
        </bndbox>
    </object>    <object>
        <name>body</name>
        <pose>Unspecified</pose>
        <truncated>0</truncated>
        <difficult>0</difficult>
        <bndbox>
            <xmin>689.5155552455357</xmin>
            <ymin>356.16978236607144</ymin>
            <xmax>1263.5155552455358</xmax>
            <ymax>717.7892578125005</ymax>
        </bndbox>
    </object>    <object>
        <name>body</name>
        <pose>Unspecified</pose>
        <truncated>0</truncated>
        <difficult>0</difficult>
        <bndbox>
            <xmin>33.80576685855263</xmin>
            <ymin>291.4252672697369</ymin>
            <xmax>537.3212290981369</xmax>
            <ymax>718.7000000000015</ymax>
        </bndbox>
    </object>    <object>
        <name>head</name>
        <pose>Unspecified</pose>
        <truncated>0</truncated>
        <difficult>0</difficult>
        <bndbox>
            <xmin>870.87890625</xmin>
            <ymin>66.39130859375</ymin>
            <xmax>1185.7703125000007</xmax>
            <ymax>366.59344482421767</ymax>
        </bndbox>
    </object>    <object>
        <name>head</name>
        <pose>Unspecified</pose>
        <truncated>0</truncated>
        <difficult>0</difficult>
        <bndbox>
            <xmin>149.80322265625</xmin>
            <ymin>72.704833984375</ymin>
            <xmax>418.47470703125146</xmax>
            <ymax>366.6376464843761</ymax>
        </bndbox>
    </object>    <object>
        <name>body</name>
        <pose>Unspecified</pose>
        <truncated>0</truncated>
        <difficult>0</difficult>
        <bndbox>
            <xmin>508.513671875</xmin>
            <ymin>318.2232421875</ymin>
            <xmax>736.3136718749993</xmax>
            <ymax>516.6916137695283</ymax>
        </bndbox>
    </object>
</annotation>
