<annotation>
    <folder></folder>
    <filename>frame_000493</filename>
    <path></path>
    <source>
        <database>Unknown</database>
    </source>
    <size>
        <width>1280</width>
        <height>720</height>
        <depth>3</depth>
    </size>
    <segmented>0</segmented>
    <object>
        <name>head</name>
        <pose>Unspecified</pose>
        <truncated>0</truncated>
        <difficult>0</difficult>
        <bndbox>
            <xmin>553.4388786764706</xmin>
            <ymin>225.9775390625</ymin>
            <xmax>675.2169117647068</xmax>
            <ymax>334.2857294419221</ymax>
        </bndbox>
    </object>    <object>
        <name>body</name>
        <pose>Unspecified</pose>
        <truncated>0</truncated>
        <difficult>0</difficult>
        <bndbox>
            <xmin>679.0783305921053</xmin>
            <ymin>360.2119551809211</ymin>
            <xmax>1256.3899054276317</xmax>
            <ymax>709.1736842105277</ymax>
        </bndbox>
    </object>    <object>
        <name>body</name>
        <pose>Unspecified</pose>
        <truncated>0</truncated>
        <difficult>0</difficult>
        <bndbox>
            <xmin>17.90239025297619</xmin>
            <ymin>351.41578311011904</ymin>
            <xmax>512.0204110863068</xmax>
            <ymax>720.0</ymax>
        </bndbox>
    </object>    <object>
        <name>head</name>
        <pose>Unspecified</pose>
        <truncated>0</truncated>
        <difficult>0</difficult>
        <bndbox>
            <xmin>799.9471628289474</xmin>
            <ymin>63.56131784539474</ymin>
            <xmax>1107.2171267712554</xmax>
            <ymax>360.5455724652851</ymax>
        </bndbox>
    </object>    <object>
        <name>head</name>
        <pose>Unspecified</pose>
        <truncated>0</truncated>
        <difficult>0</difficult>
        <bndbox>
            <xmin>103.44641927083366</xmin>
            <ymin>63.470377604166664</ymin>
            <xmax>429.2767279730904</xmax>
            <ymax>368.3386223687064</ymax>
        </bndbox>
    </object>    <object>
        <name>body</name>
        <pose>Unspecified</pose>
        <truncated>0</truncated>
        <difficult>0</difficult>
        <bndbox>
            <xmin>519.0758056640625</xmin>
            <ymin>317.1726379394531</ymin>
            <xmax>732.713707593461</xmax>
            <ymax>488.24266228474266</ymax>
        </bndbox>
    </object>
</annotation>
