<annotation>
    <folder></folder>
    <filename>frame_000139</filename>
    <path></path>
    <source>
        <database>Unknown</database>
    </source>
    <size>
        <width>1280</width>
        <height>720</height>
        <depth>3</depth>
    </size>
    <segmented>0</segmented>
    <object>
        <name>head</name>
        <pose>Unspecified</pose>
        <truncated>0</truncated>
        <difficult>0</difficult>
        <bndbox>
            <xmin>594.6770833333334</xmin>
            <ymin>188.43880208333334</ymin>
            <xmax>715.8662239583331</xmax>
            <ymax>321.9774800618482</ymax>
        </bndbox>
    </object>    <object>
        <name>body</name>
        <pose>Unspecified</pose>
        <truncated>0</truncated>
        <difficult>0</difficult>
        <bndbox>
            <xmin>674.7341757015306</xmin>
            <ymin>368.2465720663265</ymin>
            <xmax>1248.7341757015306</xmax>
            <ymax>720.0</ymax>
        </bndbox>
    </object>    <object>
        <name>body</name>
        <pose>Unspecified</pose>
        <truncated>0</truncated>
        <difficult>0</difficult>
        <bndbox>
            <xmin>16.66134982638889</xmin>
            <ymin>383.41297743055554</ymin>
            <xmax>521.9313223379671</xmax>
            <ymax>719.6234148943864</ymax>
        </bndbox>
    </object>    <object>
        <name>head</name>
        <pose>Unspecified</pose>
        <truncated>0</truncated>
        <difficult>0</difficult>
        <bndbox>
            <xmin>832.4000695633562</xmin>
            <ymin>51.67715245077055</ymin>
            <xmax>1147.2914758133568</xmax>
            <ymax>351.8792886812382</ymax>
        </bndbox>
    </object>    <object>
        <name>head</name>
        <pose>Unspecified</pose>
        <truncated>0</truncated>
        <difficult>0</difficult>
        <bndbox>
            <xmin>134.2634943181818</xmin>
            <ymin>90.6231356534091</ymin>
            <xmax>396.1726740056818</xmax>
            <ymax>384.48212002841024</ymax>
        </bndbox>
    </object>    <object>
        <name>body</name>
        <pose>Unspecified</pose>
        <truncated>0</truncated>
        <difficult>0</difficult>
        <bndbox>
            <xmin>512.4981496710526</xmin>
            <ymin>315.21468955592104</ymin>
            <xmax>740.2981496710519</xmax>
            <ymax>495.63729586255585</ymax>
        </bndbox>
    </object>
</annotation>
