<annotation>
    <folder></folder>
    <filename>frame_000104</filename>
    <path></path>
    <source>
        <database>Unknown</database>
    </source>
    <size>
        <width>1280</width>
        <height>720</height>
        <depth>3</depth>
    </size>
    <segmented>0</segmented>
    <object>
        <name>head</name>
        <pose>Unspecified</pose>
        <truncated>0</truncated>
        <difficult>0</difficult>
        <bndbox>
            <xmin>578.0924479166666</xmin>
            <ymin>191.4541015625</ymin>
            <xmax>686.168893229169</xmax>
            <ymax>324.9927795410149</ymax>
        </bndbox>
    </object>    <object>
        <name>body</name>
        <pose>Unspecified</pose>
        <truncated>0</truncated>
        <difficult>0</difficult>
        <bndbox>
            <xmin>683.0126355229592</xmin>
            <ymin>367.97917995323127</ymin>
            <xmax>1257.0126355229593</xmax>
            <ymax>720.0</ymax>
        </bndbox>
    </object>    <object>
        <name>body</name>
        <pose>Unspecified</pose>
        <truncated>0</truncated>
        <difficult>0</difficult>
        <bndbox>
            <xmin>5.098544034090909</xmin>
            <ymin>316.51393821022725</ymin>
            <xmax>595.641583806819</xmax>
            <ymax>712.8181818181838</ymax>
        </bndbox>
    </object>    <object>
        <name>head</name>
        <pose>Unspecified</pose>
        <truncated>0</truncated>
        <difficult>0</difficult>
        <bndbox>
            <xmin>830.4616598886986</xmin>
            <ymin>53.70943921232877</ymin>
            <xmax>1145.3530661386994</xmax>
            <ymax>353.91157544279645</ymax>
        </bndbox>
    </object>    <object>
        <name>head</name>
        <pose>Unspecified</pose>
        <truncated>0</truncated>
        <difficult>0</difficult>
        <bndbox>
            <xmin>221.3115234375</xmin>
            <ymin>87.80045572916667</ymin>
            <xmax>483.220703125</xmax>
            <ymax>381.6594401041663</ymax>
        </bndbox>
    </object>    <object>
        <name>body</name>
        <pose>Unspecified</pose>
        <truncated>0</truncated>
        <difficult>0</difficult>
        <bndbox>
            <xmin>509.9058314732143</xmin>
            <ymin>314.478759765625</ymin>
            <xmax>737.7058314732136</xmax>
            <ymax>493.6505077434057</ymax>
        </bndbox>
    </object>
</annotation>
