<annotation>
    <folder></folder>
    <filename>frame_000526</filename>
    <path></path>
    <source>
        <database>Unknown</database>
    </source>
    <size>
        <width>1280</width>
        <height>720</height>
        <depth>3</depth>
    </size>
    <segmented>0</segmented>
    <object>
        <name>head</name>
        <pose>Unspecified</pose>
        <truncated>0</truncated>
        <difficult>0</difficult>
        <bndbox>
            <xmin>575.09765625</xmin>
            <ymin>200.41145833333334</ymin>
            <xmax>684.2878906250007</xmax>
            <ymax>312.59055989583186</ymax>
        </bndbox>
    </object>    <object>
        <name>body</name>
        <pose>Unspecified</pose>
        <truncated>0</truncated>
        <difficult>0</difficult>
        <bndbox>
            <xmin>711.5998604910728</xmin>
            <ymin>355.86029575892906</ymin>
            <xmax>1279.0662667410706</xmax>
            <ymax>696.7636260986328</ymax>
        </bndbox>
    </object>    <object>
        <name>body</name>
        <pose>Unspecified</pose>
        <truncated>0</truncated>
        <difficult>0</difficult>
        <bndbox>
            <xmin>12.48046875</xmin>
            <ymin>324.4892578125</ymin>
            <xmax>520.3871563720677</xmax>
            <ymax>706.7818359375015</ymax>
        </bndbox>
    </object>    <object>
        <name>head</name>
        <pose>Unspecified</pose>
        <truncated>0</truncated>
        <difficult>0</difficult>
        <bndbox>
            <xmin>827.0137939453125</xmin>
            <ymin>53.8409423828125</ymin>
            <xmax>1141.9052001953132</xmax>
            <ymax>354.04307861328016</ymax>
        </bndbox>
    </object>    <object>
        <name>head</name>
        <pose>Unspecified</pose>
        <truncated>0</truncated>
        <difficult>0</difficult>
        <bndbox>
            <xmin>197.0</xmin>
            <ymin>59.5576171875</ymin>
            <xmax>441.0978515625011</xmax>
            <ymax>325.5146423339829</ymax>
        </bndbox>
    </object>    <object>
        <name>body</name>
        <pose>Unspecified</pose>
        <truncated>0</truncated>
        <difficult>0</difficult>
        <bndbox>
            <xmin>513.740625</xmin>
            <ymin>312.8712890625</ymin>
            <xmax>735.264071655272</xmax>
            <ymax>505.77167968750075</ymax>
        </bndbox>
    </object>
</annotation>
