<annotation>
    <folder></folder>
    <filename>frame_000283</filename>
    <path></path>
    <source>
        <database>Unknown</database>
    </source>
    <size>
        <width>1280</width>
        <height>720</height>
        <depth>3</depth>
    </size>
    <segmented>0</segmented>
    <object>
        <name>head</name>
        <pose>Unspecified</pose>
        <truncated>0</truncated>
        <difficult>0</difficult>
        <bndbox>
            <xmin>596.771484375</xmin>
            <ymin>217.11490885416666</ymin>
            <xmax>696.6558593750015</xmax>
            <ymax>329.29401041666523</ymax>
        </bndbox>
    </object>    <object>
        <name>body</name>
        <pose>Unspecified</pose>
        <truncated>0</truncated>
        <difficult>0</difficult>
        <bndbox>
            <xmin>701.513671875</xmin>
            <ymin>368.2000000000007</ymin>
            <xmax>1275.513671875</xmax>
            <ymax>705.921630859375</ymax>
        </bndbox>
    </object>    <object>
        <name>body</name>
        <pose>Unspecified</pose>
        <truncated>0</truncated>
        <difficult>0</difficult>
        <bndbox>
            <xmin>0.5234375</xmin>
            <ymin>308.4501953125</ymin>
            <xmax>522.5076171875007</xmax>
            <ymax>714.4000000000015</ymax>
        </bndbox>
    </object>    <object>
        <name>head</name>
        <pose>Unspecified</pose>
        <truncated>0</truncated>
        <difficult>0</difficult>
        <bndbox>
            <xmin>836.587890625</xmin>
            <ymin>71.1982421875</ymin>
            <xmax>1151.4792968750007</xmax>
            <ymax>371.40037841796766</ymax>
        </bndbox>
    </object>    <object>
        <name>head</name>
        <pose>Unspecified</pose>
        <truncated>0</truncated>
        <difficult>0</difficult>
        <bndbox>
            <xmin>104.806640625</xmin>
            <ymin>49.4169921875</ymin>
            <xmax>371.6881250000042</xmax>
            <ymax>336.1649609374999</ymax>
        </bndbox>
    </object>    <object>
        <name>body</name>
        <pose>Unspecified</pose>
        <truncated>0</truncated>
        <difficult>0</difficult>
        <bndbox>
            <xmin>527.8079927884615</xmin>
            <ymin>317.498046875</ymin>
            <xmax>699.524579326923</xmax>
            <ymax>488.38319655198296</ymax>
        </bndbox>
    </object>
</annotation>
