<annotation>
    <folder></folder>
    <filename>frame_000427</filename>
    <path></path>
    <source>
        <database>Unknown</database>
    </source>
    <size>
        <width>1280</width>
        <height>720</height>
        <depth>3</depth>
    </size>
    <segmented>0</segmented>
    <object>
        <name>head</name>
        <pose>Unspecified</pose>
        <truncated>0</truncated>
        <difficult>0</difficult>
        <bndbox>
            <xmin>595.158984375</xmin>
            <ymin>203.55556640625</ymin>
            <xmax>695.0433593750015</xmax>
            <ymax>315.73466796874857</ymax>
        </bndbox>
    </object>    <object>
        <name>body</name>
        <pose>Unspecified</pose>
        <truncated>0</truncated>
        <difficult>0</difficult>
        <bndbox>
            <xmin>688.244140625</xmin>
            <ymin>344.9386393229167</ymin>
            <xmax>1262.244140625</xmax>
            <ymax>717.6552734375006</ymax>
        </bndbox>
    </object>    <object>
        <name>body</name>
        <pose>Unspecified</pose>
        <truncated>0</truncated>
        <difficult>0</difficult>
        <bndbox>
            <xmin>24.903764204545453</xmin>
            <ymin>362.4226562500004</ymin>
            <xmax>517.9843197601057</xmax>
            <ymax>707.0290509541824</ymax>
        </bndbox>
    </object>    <object>
        <name>head</name>
        <pose>Unspecified</pose>
        <truncated>0</truncated>
        <difficult>0</difficult>
        <bndbox>
            <xmin>821.4202586206897</xmin>
            <ymin>59.22814520474138</ymin>
            <xmax>1136.3116648706905</xmax>
            <ymax>359.43028143520905</ymax>
        </bndbox>
    </object>    <object>
        <name>head</name>
        <pose>Unspecified</pose>
        <truncated>0</truncated>
        <difficult>0</difficult>
        <bndbox>
            <xmin>158.5048828125</xmin>
            <ymin>62.279296875</ymin>
            <xmax>436.2048828124989</xmax>
            <ymax>367.46152343750146</ymax>
        </bndbox>
    </object>    <object>
        <name>body</name>
        <pose>Unspecified</pose>
        <truncated>0</truncated>
        <difficult>0</difficult>
        <bndbox>
            <xmin>523.775859375</xmin>
            <ymin>311.2321484375</ymin>
            <xmax>723.7657031250014</xmax>
            <ymax>483.3484059544587</ymax>
        </bndbox>
    </object>
</annotation>
