<annotation>
    <folder></folder>
    <filename>frame_000131</filename>
    <path></path>
    <source>
        <database>Unknown</database>
    </source>
    <size>
        <width>1280</width>
        <height>720</height>
        <depth>3</depth>
    </size>
    <segmented>0</segmented>
    <object>
        <name>head</name>
        <pose>Unspecified</pose>
        <truncated>0</truncated>
        <difficult>0</difficult>
        <bndbox>
            <xmin>590.765625</xmin>
            <ymin>191.08984375</ymin>
            <xmax>708.9575781249987</xmax>
            <ymax>324.6285217285149</ymax>
        </bndbox>
    </object>    <object>
        <name>body</name>
        <pose>Unspecified</pose>
        <truncated>0</truncated>
        <difficult>0</difficult>
        <bndbox>
            <xmin>676.6263950892857</xmin>
            <ymin>368.1854538690476</ymin>
            <xmax>1250.6263950892858</xmax>
            <ymax>720.0</ymax>
        </bndbox>
    </object>    <object>
        <name>body</name>
        <pose>Unspecified</pose>
        <truncated>0</truncated>
        <difficult>0</difficult>
        <bndbox>
            <xmin>17.96171875</xmin>
            <ymin>383.821484375</ymin>
            <xmax>524.9390625000036</xmax>
            <ymax>718.4400000000002</ymax>
        </bndbox>
    </object>    <object>
        <name>head</name>
        <pose>Unspecified</pose>
        <truncated>0</truncated>
        <difficult>0</difficult>
        <bndbox>
            <xmin>831.957004494863</xmin>
            <ymin>52.14167513912671</ymin>
            <xmax>1146.8484107448637</xmax>
            <ymax>352.3438113695944</ymax>
        </bndbox>
    </object>    <object>
        <name>head</name>
        <pose>Unspecified</pose>
        <truncated>0</truncated>
        <difficult>0</difficult>
        <bndbox>
            <xmin>134.70368303571428</xmin>
            <ymin>77.24344308035714</ymin>
            <xmax>396.6128627232143</xmax>
            <ymax>371.1024274553586</ymax>
        </bndbox>
    </object>    <object>
        <name>body</name>
        <pose>Unspecified</pose>
        <truncated>0</truncated>
        <difficult>0</difficult>
        <bndbox>
            <xmin>511.17495888157896</xmin>
            <ymin>313.09010074013156</ymin>
            <xmax>738.9749588815782</xmax>
            <ymax>492.0559437938341</ymax>
        </bndbox>
    </object>
</annotation>
