<annotation>
    <folder></folder>
    <filename>frame_000120</filename>
    <path></path>
    <source>
        <database>Unknown</database>
    </source>
    <size>
        <width>1280</width>
        <height>720</height>
        <depth>3</depth>
    </size>
    <segmented>0</segmented>
    <object>
        <name>head</name>
        <pose>Unspecified</pose>
        <truncated>0</truncated>
        <difficult>0</difficult>
        <bndbox>
            <xmin>601.484375</xmin>
            <ymin>174.75146484375</ymin>
            <xmax>715.5551953125014</xmax>
            <ymax>308.2901428222649</ymax>
        </bndbox>
    </object>    <object>
        <name>body</name>
        <pose>Unspecified</pose>
        <truncated>0</truncated>
        <difficult>0</difficult>
        <bndbox>
            <xmin>679.228196747449</xmin>
            <ymin>368.1014163477891</ymin>
            <xmax>1253.228196747449</xmax>
            <ymax>720.0</ymax>
        </bndbox>
    </object>    <object>
        <name>body</name>
        <pose>Unspecified</pose>
        <truncated>0</truncated>
        <difficult>0</difficult>
        <bndbox>
            <xmin>19.749755859375</xmin>
            <ymin>371.19189453125</ymin>
            <xmax>523.7434570312516</xmax>
            <ymax>714.1500000000005</ymax>
        </bndbox>
    </object>    <object>
        <name>head</name>
        <pose>Unspecified</pose>
        <truncated>0</truncated>
        <difficult>0</difficult>
        <bndbox>
            <xmin>831.347790025685</xmin>
            <ymin>52.78039383561644</ymin>
            <xmax>1146.2391962756856</xmax>
            <ymax>352.9825300660841</ymax>
        </bndbox>
    </object>    <object>
        <name>head</name>
        <pose>Unspecified</pose>
        <truncated>0</truncated>
        <difficult>0</difficult>
        <bndbox>
            <xmin>206.08356584821428</xmin>
            <ymin>63.614676339285715</ymin>
            <xmax>467.9927455357143</xmax>
            <ymax>357.47366071428536</ymax>
        </bndbox>
    </object>    <object>
        <name>body</name>
        <pose>Unspecified</pose>
        <truncated>0</truncated>
        <difficult>0</difficult>
        <bndbox>
            <xmin>509.35557154605266</xmin>
            <ymin>310.16879111842104</ymin>
            <xmax>737.1555715460519</xmax>
            <ymax>487.1315846993418</ymax>
        </bndbox>
    </object>
</annotation>
