<annotation>
    <folder></folder>
    <filename>frame_000062</filename>
    <path></path>
    <source>
        <database>Unknown</database>
    </source>
    <size>
        <width>1280</width>
        <height>720</height>
        <depth>3</depth>
    </size>
    <segmented>0</segmented>
    <object>
        <name>head</name>
        <pose>Unspecified</pose>
        <truncated>0</truncated>
        <difficult>0</difficult>
        <bndbox>
            <xmin>560.0951450892857</xmin>
            <ymin>197.13071986607142</ymin>
            <xmax>665.5490513392864</xmax>
            <ymax>330.66939784458634</ymax>
        </bndbox>
    </object>    <object>
        <name>body</name>
        <pose>Unspecified</pose>
        <truncated>0</truncated>
        <difficult>0</difficult>
        <bndbox>
            <xmin>692.9467873086735</xmin>
            <ymin>367.658309417517</ymin>
            <xmax>1266.9467873086735</xmax>
            <ymax>720.0</ymax>
        </bndbox>
    </object>    <object>
        <name>body</name>
        <pose>Unspecified</pose>
        <truncated>0</truncated>
        <difficult>0</difficult>
        <bndbox>
            <xmin>2.3072544642857142</xmin>
            <ymin>356.2322265625</ymin>
            <xmax>544.988058035715</xmax>
            <ymax>715.7680580357148</ymax>
        </bndbox>
    </object>    <object>
        <name>head</name>
        <pose>Unspecified</pose>
        <truncated>0</truncated>
        <difficult>0</difficult>
        <bndbox>
            <xmin>828.1355682791096</xmin>
            <ymin>56.14818332619863</ymin>
            <xmax>1143.0269745291102</xmax>
            <ymax>356.3503195566663</ymax>
        </bndbox>
    </object>    <object>
        <name>head</name>
        <pose>Unspecified</pose>
        <truncated>0</truncated>
        <difficult>0</difficult>
        <bndbox>
            <xmin>150.28639914772728</xmin>
            <ymin>80.34650213068181</ymin>
            <xmax>412.19557883522725</xmax>
            <ymax>374.20548650568145</ymax>
        </bndbox>
    </object>    <object>
        <name>body</name>
        <pose>Unspecified</pose>
        <truncated>0</truncated>
        <difficult>0</difficult>
        <bndbox>
            <xmin>505.17768429487177</xmin>
            <ymin>325.61147836538464</ymin>
            <xmax>732.9776842948711</xmax>
            <ymax>489.3114905724159</ymax>
        </bndbox>
    </object>
</annotation>
